[26-Nov-2025 02:05:11 UTC] PHP Fatal error:  Cannot redeclare usort_reorder() (previously declared in /home/lottexylitolcom/public_html/staging.lottexylitol.com.vn/apw/wp-content/themes/site/inc/functions/lucky-list-table.php:399) in /home/lottexylitolcom/public_html/staging.lottexylitol.com.vn/apw/wp-content/themes/site/inc/functions/lucky-list-table.php on line 399
[26-Nov-2025 02:05:11 UTC] PHP Warning:  Trying to access array offset on value of type bool in /home/lottexylitolcom/public_html/staging.lottexylitol.com.vn/apw/wp-includes/class-wp-recovery-mode-email-service.php on line 367
[26-Nov-2025 02:05:11 UTC] PHP Warning:  Trying to access array offset on value of type bool in /home/lottexylitolcom/public_html/staging.lottexylitol.com.vn/apw/wp-includes/class-wp-recovery-mode-email-service.php on line 368
[26-Nov-2025 02:05:33 UTC] PHP Fatal error:  Cannot redeclare usort_reorder() (previously declared in /home/lottexylitolcom/public_html/staging.lottexylitol.com.vn/apw/wp-content/themes/site/inc/functions/lucky-list-table.php:399) in /home/lottexylitolcom/public_html/staging.lottexylitol.com.vn/apw/wp-content/themes/site/inc/functions/lucky-list-table.php on line 399
[26-Nov-2025 02:08:01 UTC] PHP Fatal error:  Cannot redeclare usort_reorder() (previously declared in /home/lottexylitolcom/public_html/staging.lottexylitol.com.vn/apw/wp-content/themes/site/inc/functions/lucky-list-table.php:399) in /home/lottexylitolcom/public_html/staging.lottexylitol.com.vn/apw/wp-content/themes/site/inc/functions/lucky-list-table.php on line 399
[26-Nov-2025 05:58:23 UTC] PHP Warning:  translations_api(): Đã xảy ra lỗi không mong muốn. Có thể có sự cố với WordPress.org hoặc cấu hình của máy chủ. Nếu bạn tiếp tục gặp sự cố, vui lòng thử hỏi trong <a href="https://wordpress.org/support/forums/">diễn đàn hỗ trợ</a>. (WordPress không thể thiết lập kết nối an toàn tới WordPress.org. Vui lòng liên hệ quản trị máy chủ của bạn.) in /home/lottexylitolcom/public_html/staging.lottexylitol.com.vn/apw/wp-includes/functions.php on line 6121
[26-Nov-2025 05:58:30 UTC] PHP Warning:  translations_api(): An unexpected error occurred. Something may be wrong with WordPress.org or this server&#8217;s configuration. If you continue to have problems, please try the <a href="https://wordpress.org/support/forums/">support forums</a>. (WordPress could not establish a secure connection to WordPress.org. Please contact your server administrator.) in /home/lottexylitolcom/public_html/staging.lottexylitol.com.vn/apw/wp-includes/functions.php on line 6121
[26-Nov-2025 05:58:45 UTC] PHP Warning:  translations_api(): Đã xảy ra lỗi không mong muốn. Có thể có sự cố với WordPress.org hoặc cấu hình của máy chủ. Nếu bạn tiếp tục gặp sự cố, vui lòng thử hỏi trong <a href="https://wordpress.org/support/forums/">diễn đàn hỗ trợ</a>. (WordPress không thể thiết lập kết nối an toàn tới WordPress.org. Vui lòng liên hệ quản trị máy chủ của bạn.) in /home/lottexylitolcom/public_html/staging.lottexylitol.com.vn/apw/wp-includes/functions.php on line 6121
[26-Nov-2025 05:59:02 UTC] PHP Warning:  translations_api(): Đã xảy ra lỗi không mong muốn. Có thể có sự cố với WordPress.org hoặc cấu hình của máy chủ. Nếu bạn tiếp tục gặp sự cố, vui lòng thử hỏi trong <a href="https://wordpress.org/support/forums/">diễn đàn hỗ trợ</a>. (WordPress không thể thiết lập kết nối an toàn tới WordPress.org. Vui lòng liên hệ quản trị máy chủ của bạn.) in /home/lottexylitolcom/public_html/staging.lottexylitol.com.vn/apw/wp-includes/functions.php on line 6121
[26-Nov-2025 05:59:11 UTC] PHP Warning:  translations_api(): Đã xảy ra lỗi không mong muốn. Có thể có sự cố với WordPress.org hoặc cấu hình của máy chủ. Nếu bạn tiếp tục gặp sự cố, vui lòng thử hỏi trong <a href="https://wordpress.org/support/forums/">diễn đàn hỗ trợ</a>. (WordPress không thể thiết lập kết nối an toàn tới WordPress.org. Vui lòng liên hệ quản trị máy chủ của bạn.) in /home/lottexylitolcom/public_html/staging.lottexylitol.com.vn/apw/wp-includes/functions.php on line 6121
[26-Nov-2025 05:59:20 UTC] PHP Warning:  translations_api(): An unexpected error occurred. Something may be wrong with WordPress.org or this server&#8217;s configuration. If you continue to have problems, please try the <a href="https://wordpress.org/support/forums/">support forums</a>. (WordPress could not establish a secure connection to WordPress.org. Please contact your server administrator.) in /home/lottexylitolcom/public_html/staging.lottexylitol.com.vn/apw/wp-includes/functions.php on line 6121
[26-Nov-2025 05:59:21 UTC] PHP Warning:  translations_api(): Đã xảy ra lỗi không mong muốn. Có thể có sự cố với WordPress.org hoặc cấu hình của máy chủ. Nếu bạn tiếp tục gặp sự cố, vui lòng thử hỏi trong <a href="https://wordpress.org/support/forums/">diễn đàn hỗ trợ</a>. (WordPress không thể thiết lập kết nối an toàn tới WordPress.org. Vui lòng liên hệ quản trị máy chủ của bạn.) in /home/lottexylitolcom/public_html/staging.lottexylitol.com.vn/apw/wp-includes/functions.php on line 6121
[26-Nov-2025 05:59:37 UTC] PHP Warning:  translations_api(): An unexpected error occurred. Something may be wrong with WordPress.org or this server&#8217;s configuration. If you continue to have problems, please try the <a href="https://wordpress.org/support/forums/">support forums</a>. (WordPress could not establish a secure connection to WordPress.org. Please contact your server administrator.) in /home/lottexylitolcom/public_html/staging.lottexylitol.com.vn/apw/wp-includes/functions.php on line 6121
[26-Nov-2025 07:40:14 UTC] PHP Warning:  Undefined array key "total_items" in /home/lottexylitolcom/public_html/staging.lottexylitol.com.vn/apw/wp-content/themes/site/inc/api/cdp.php on line 20
[26-Nov-2025 07:40:14 UTC] PHP Warning:  Undefined array key "total_pages" in /home/lottexylitolcom/public_html/staging.lottexylitol.com.vn/apw/wp-content/themes/site/inc/api/cdp.php on line 21
[26-Nov-2025 09:22:44 UTC] PHP Warning:  translations_api(): Đã xảy ra lỗi không mong muốn. Có thể có sự cố với WordPress.org hoặc cấu hình của máy chủ. Nếu bạn tiếp tục gặp sự cố, vui lòng thử hỏi trong <a href="https://wordpress.org/support/forums/">diễn đàn hỗ trợ</a>. (WordPress không thể thiết lập kết nối an toàn tới WordPress.org. Vui lòng liên hệ quản trị máy chủ của bạn.) in /home/lottexylitolcom/public_html/staging.lottexylitol.com.vn/apw/wp-includes/functions.php on line 6121
[26-Nov-2025 09:23:07 UTC] PHP Warning:  translations_api(): An unexpected error occurred. Something may be wrong with WordPress.org or this server&#8217;s configuration. If you continue to have problems, please try the <a href="https://wordpress.org/support/forums/">support forums</a>. (WordPress could not establish a secure connection to WordPress.org. Please contact your server administrator.) in /home/lottexylitolcom/public_html/staging.lottexylitol.com.vn/apw/wp-includes/functions.php on line 6121
[26-Nov-2025 09:23:14 UTC] PHP Warning:  translations_api(): Đã xảy ra lỗi không mong muốn. Có thể có sự cố với WordPress.org hoặc cấu hình của máy chủ. Nếu bạn tiếp tục gặp sự cố, vui lòng thử hỏi trong <a href="https://wordpress.org/support/forums/">diễn đàn hỗ trợ</a>. (WordPress không thể thiết lập kết nối an toàn tới WordPress.org. Vui lòng liên hệ quản trị máy chủ của bạn.) in /home/lottexylitolcom/public_html/staging.lottexylitol.com.vn/apw/wp-includes/functions.php on line 6121
[26-Nov-2025 09:23:23 UTC] PHP Warning:  translations_api(): Đã xảy ra lỗi không mong muốn. Có thể có sự cố với WordPress.org hoặc cấu hình của máy chủ. Nếu bạn tiếp tục gặp sự cố, vui lòng thử hỏi trong <a href="https://wordpress.org/support/forums/">diễn đàn hỗ trợ</a>. (WordPress không thể thiết lập kết nối an toàn tới WordPress.org. Vui lòng liên hệ quản trị máy chủ của bạn.) in /home/lottexylitolcom/public_html/staging.lottexylitol.com.vn/apw/wp-includes/functions.php on line 6121
[26-Nov-2025 09:23:29 UTC] PHP Warning:  translations_api(): An unexpected error occurred. Something may be wrong with WordPress.org or this server&#8217;s configuration. If you continue to have problems, please try the <a href="https://wordpress.org/support/forums/">support forums</a>. (WordPress could not establish a secure connection to WordPress.org. Please contact your server administrator.) in /home/lottexylitolcom/public_html/staging.lottexylitol.com.vn/apw/wp-includes/functions.php on line 6121
[26-Nov-2025 09:23:37 UTC] PHP Warning:  translations_api(): Đã xảy ra lỗi không mong muốn. Có thể có sự cố với WordPress.org hoặc cấu hình của máy chủ. Nếu bạn tiếp tục gặp sự cố, vui lòng thử hỏi trong <a href="https://wordpress.org/support/forums/">diễn đàn hỗ trợ</a>. (WordPress không thể thiết lập kết nối an toàn tới WordPress.org. Vui lòng liên hệ quản trị máy chủ của bạn.) in /home/lottexylitolcom/public_html/staging.lottexylitol.com.vn/apw/wp-includes/functions.php on line 6121
[26-Nov-2025 09:24:27 UTC] PHP Warning:  translations_api(): An unexpected error occurred. Something may be wrong with WordPress.org or this server&#8217;s configuration. If you continue to have problems, please try the <a href="https://wordpress.org/support/forums/">support forums</a>. (WordPress could not establish a secure connection to WordPress.org. Please contact your server administrator.) in /home/lottexylitolcom/public_html/staging.lottexylitol.com.vn/apw/wp-includes/functions.php on line 6121
[27-Nov-2025 01:03:56 UTC] PHP Warning:  wp_version_check(): An unexpected error occurred. Something may be wrong with WordPress.org or this server&#8217;s configuration. If you continue to have problems, please try the <a href="https://wordpress.org/support/forums/">support forums</a>. (WordPress could not establish a secure connection to WordPress.org. Please contact your server administrator.) in /home/lottexylitolcom/public_html/staging.lottexylitol.com.vn/apw/wp-includes/functions.php on line 6121
[27-Nov-2025 01:03:59 UTC] PHP Warning:  wp_update_plugins(): An unexpected error occurred. Something may be wrong with WordPress.org or this server&#8217;s configuration. If you continue to have problems, please try the <a href="https://wordpress.org/support/forums/">support forums</a>. (WordPress could not establish a secure connection to WordPress.org. Please contact your server administrator.) in /home/lottexylitolcom/public_html/staging.lottexylitol.com.vn/apw/wp-includes/functions.php on line 6121
[27-Nov-2025 01:04:03 UTC] PHP Warning:  wp_update_themes(): An unexpected error occurred. Something may be wrong with WordPress.org or this server&#8217;s configuration. If you continue to have problems, please try the <a href="https://wordpress.org/support/forums/">support forums</a>. (WordPress could not establish a secure connection to WordPress.org. Please contact your server administrator.) in /home/lottexylitolcom/public_html/staging.lottexylitol.com.vn/apw/wp-includes/functions.php on line 6121
[27-Nov-2025 01:59:51 UTC] PHP Warning:  translations_api(): Đã xảy ra lỗi không mong muốn. Có thể có sự cố với WordPress.org hoặc cấu hình của máy chủ. Nếu bạn tiếp tục gặp sự cố, vui lòng thử hỏi trong <a href="https://wordpress.org/support/forums/">diễn đàn hỗ trợ</a>. (WordPress không thể thiết lập kết nối an toàn tới WordPress.org. Vui lòng liên hệ quản trị máy chủ của bạn.) in /home/lottexylitolcom/public_html/staging.lottexylitol.com.vn/apw/wp-includes/functions.php on line 6121
[27-Nov-2025 04:11:32 UTC] PHP Warning:  translations_api(): Đã xảy ra lỗi không mong muốn. Có thể có sự cố với WordPress.org hoặc cấu hình của máy chủ. Nếu bạn tiếp tục gặp sự cố, vui lòng thử hỏi trong <a href="https://wordpress.org/support/forums/">diễn đàn hỗ trợ</a>. (WordPress không thể thiết lập kết nối an toàn tới WordPress.org. Vui lòng liên hệ quản trị máy chủ của bạn.) in /home/lottexylitolcom/public_html/staging.lottexylitol.com.vn/apw/wp-includes/functions.php on line 6121
[27-Nov-2025 04:36:45 UTC] PHP Warning:  translations_api(): Đã xảy ra lỗi không mong muốn. Có thể có sự cố với WordPress.org hoặc cấu hình của máy chủ. Nếu bạn tiếp tục gặp sự cố, vui lòng thử hỏi trong <a href="https://wordpress.org/support/forums/">diễn đàn hỗ trợ</a>. (WordPress không thể thiết lập kết nối an toàn tới WordPress.org. Vui lòng liên hệ quản trị máy chủ của bạn.) in /home/lottexylitolcom/public_html/staging.lottexylitol.com.vn/apw/wp-includes/functions.php on line 6121
[28-Nov-2025 05:05:04 UTC] PHP Warning:  Undefined variable $survey_key_count in /home/lottexylitolcom/public_html/staging.lottexylitol.com.vn/apw/wp-content/themes/site/inc/api/answer.php on line 95
[28-Nov-2025 05:05:04 UTC] PHP Warning:  Undefined variable $survey_key_count in /home/lottexylitolcom/public_html/staging.lottexylitol.com.vn/apw/wp-content/themes/site/inc/api/answer.php on line 96
[28-Nov-2025 05:11:20 UTC] PHP Warning:  Undefined variable $survey_key_count in /home/lottexylitolcom/public_html/staging.lottexylitol.com.vn/apw/wp-content/themes/site/inc/api/answer.php on line 95
[28-Nov-2025 05:11:20 UTC] PHP Warning:  Undefined variable $survey_key_count in /home/lottexylitolcom/public_html/staging.lottexylitol.com.vn/apw/wp-content/themes/site/inc/api/answer.php on line 96
[28-Nov-2025 05:13:20 UTC] PHP Warning:  Undefined variable $survey_key_count in /home/lottexylitolcom/public_html/staging.lottexylitol.com.vn/apw/wp-content/themes/site/inc/api/answer.php on line 95
[28-Nov-2025 05:13:20 UTC] PHP Warning:  Undefined variable $survey_key_count in /home/lottexylitolcom/public_html/staging.lottexylitol.com.vn/apw/wp-content/themes/site/inc/api/answer.php on line 96
[28-Nov-2025 05:19:56 UTC] PHP Warning:  Undefined variable $survey_key_count in /home/lottexylitolcom/public_html/staging.lottexylitol.com.vn/apw/wp-content/themes/site/inc/api/answer.php on line 95
[28-Nov-2025 05:19:56 UTC] PHP Warning:  Undefined variable $survey_key_count in /home/lottexylitolcom/public_html/staging.lottexylitol.com.vn/apw/wp-content/themes/site/inc/api/answer.php on line 96
[28-Nov-2025 05:23:53 UTC] PHP Warning:  Undefined variable $survey_key_count in /home/lottexylitolcom/public_html/staging.lottexylitol.com.vn/apw/wp-content/themes/site/inc/api/answer.php on line 95
[28-Nov-2025 05:23:53 UTC] PHP Warning:  Undefined variable $survey_key_count in /home/lottexylitolcom/public_html/staging.lottexylitol.com.vn/apw/wp-content/themes/site/inc/api/answer.php on line 96
[28-Nov-2025 06:15:23 UTC] PHP Warning:  translations_api(): Đã xảy ra lỗi không mong muốn. Có thể có sự cố với WordPress.org hoặc cấu hình của máy chủ. Nếu bạn tiếp tục gặp sự cố, vui lòng thử hỏi trong <a href="https://wordpress.org/support/forums/">diễn đàn hỗ trợ</a>. (WordPress không thể thiết lập kết nối an toàn tới WordPress.org. Vui lòng liên hệ quản trị máy chủ của bạn.) in /home/lottexylitolcom/public_html/staging.lottexylitol.com.vn/apw/wp-includes/functions.php on line 6121
[28-Nov-2025 06:16:38 UTC] PHP Warning:  wp_version_check(): Đã xảy ra lỗi không mong muốn. Có thể có sự cố với WordPress.org hoặc cấu hình của máy chủ. Nếu bạn tiếp tục gặp sự cố, vui lòng thử hỏi trong <a href="https://wordpress.org/support/forums/">diễn đàn hỗ trợ</a>. (WordPress không thể thiết lập kết nối an toàn tới WordPress.org. Vui lòng liên hệ quản trị máy chủ của bạn.) in /home/lottexylitolcom/public_html/staging.lottexylitol.com.vn/apw/wp-includes/functions.php on line 6121
[28-Nov-2025 06:16:41 UTC] PHP Warning:  wp_update_plugins(): Đã xảy ra lỗi không mong muốn. Có thể có sự cố với WordPress.org hoặc cấu hình của máy chủ. Nếu bạn tiếp tục gặp sự cố, vui lòng thử hỏi trong <a href="https://wordpress.org/support/forums/">diễn đàn hỗ trợ</a>. (WordPress không thể thiết lập kết nối an toàn tới WordPress.org. Vui lòng liên hệ quản trị máy chủ của bạn.) in /home/lottexylitolcom/public_html/staging.lottexylitol.com.vn/apw/wp-includes/functions.php on line 6121
[28-Nov-2025 06:16:45 UTC] PHP Warning:  wp_update_themes(): Đã xảy ra lỗi không mong muốn. Có thể có sự cố với WordPress.org hoặc cấu hình của máy chủ. Nếu bạn tiếp tục gặp sự cố, vui lòng thử hỏi trong <a href="https://wordpress.org/support/forums/">diễn đàn hỗ trợ</a>. (WordPress không thể thiết lập kết nối an toàn tới WordPress.org. Vui lòng liên hệ quản trị máy chủ của bạn.) in /home/lottexylitolcom/public_html/staging.lottexylitol.com.vn/apw/wp-includes/functions.php on line 6121
[28-Nov-2025 08:38:55 UTC] PHP Warning:  Undefined variable $survey_key_count in /home/lottexylitolcom/public_html/staging.lottexylitol.com.vn/apw/wp-content/themes/site/inc/api/answer.php on line 95
[28-Nov-2025 08:38:55 UTC] PHP Warning:  Undefined variable $survey_key_count in /home/lottexylitolcom/public_html/staging.lottexylitol.com.vn/apw/wp-content/themes/site/inc/api/answer.php on line 96
[01-Dec-2025 03:48:51 UTC] PHP Warning:  wp_version_check(): An unexpected error occurred. Something may be wrong with WordPress.org or this server&#8217;s configuration. If you continue to have problems, please try the <a href="https://wordpress.org/support/forums/">support forums</a>. (WordPress could not establish a secure connection to WordPress.org. Please contact your server administrator.) in /home/lottexylitolcom/public_html/staging.lottexylitol.com.vn/apw/wp-includes/functions.php on line 6121
[01-Dec-2025 03:48:54 UTC] PHP Warning:  wp_update_plugins(): An unexpected error occurred. Something may be wrong with WordPress.org or this server&#8217;s configuration. If you continue to have problems, please try the <a href="https://wordpress.org/support/forums/">support forums</a>. (WordPress could not establish a secure connection to WordPress.org. Please contact your server administrator.) in /home/lottexylitolcom/public_html/staging.lottexylitol.com.vn/apw/wp-includes/functions.php on line 6121
[01-Dec-2025 03:48:59 UTC] PHP Warning:  wp_update_themes(): An unexpected error occurred. Something may be wrong with WordPress.org or this server&#8217;s configuration. If you continue to have problems, please try the <a href="https://wordpress.org/support/forums/">support forums</a>. (WordPress could not establish a secure connection to WordPress.org. Please contact your server administrator.) in /home/lottexylitolcom/public_html/staging.lottexylitol.com.vn/apw/wp-includes/functions.php on line 6121
[01-Dec-2025 03:49:50 UTC] PHP Warning:  wp_update_plugins(): An unexpected error occurred. Something may be wrong with WordPress.org or this server&#8217;s configuration. If you continue to have problems, please try the <a href="https://wordpress.org/support/forums/">support forums</a>. (WordPress could not establish a secure connection to WordPress.org. Please contact your server administrator.) in /home/lottexylitolcom/public_html/staging.lottexylitol.com.vn/apw/wp-includes/functions.php on line 6121
[01-Dec-2025 03:49:54 UTC] PHP Warning:  wp_update_themes(): An unexpected error occurred. Something may be wrong with WordPress.org or this server&#8217;s configuration. If you continue to have problems, please try the <a href="https://wordpress.org/support/forums/">support forums</a>. (WordPress could not establish a secure connection to WordPress.org. Please contact your server administrator.) in /home/lottexylitolcom/public_html/staging.lottexylitol.com.vn/apw/wp-includes/functions.php on line 6121
[01-Dec-2025 03:58:46 UTC] PHP Warning:  translations_api(): Đã xảy ra lỗi không mong muốn. Có thể có sự cố với WordPress.org hoặc cấu hình của máy chủ. Nếu bạn tiếp tục gặp sự cố, vui lòng thử hỏi trong <a href="https://wordpress.org/support/forums/">diễn đàn hỗ trợ</a>. (WordPress không thể thiết lập kết nối an toàn tới WordPress.org. Vui lòng liên hệ quản trị máy chủ của bạn.) in /home/lottexylitolcom/public_html/staging.lottexylitol.com.vn/apw/wp-includes/functions.php on line 6121
[01-Dec-2025 03:58:55 UTC] PHP Warning:  translations_api(): An unexpected error occurred. Something may be wrong with WordPress.org or this server&#8217;s configuration. If you continue to have problems, please try the <a href="https://wordpress.org/support/forums/">support forums</a>. (WordPress could not establish a secure connection to WordPress.org. Please contact your server administrator.) in /home/lottexylitolcom/public_html/staging.lottexylitol.com.vn/apw/wp-includes/functions.php on line 6121
[01-Dec-2025 09:38:14 UTC] PHP Warning:  Undefined array key "total_spins" in /home/lottexylitolcom/public_html/staging.lottexylitol.com.vn/apw/wp-content/themes/site/inc/api/cdp.php on line 340
[01-Dec-2025 09:38:14 UTC] PHP Warning:  Undefined array key "total_spins" in /home/lottexylitolcom/public_html/staging.lottexylitol.com.vn/apw/wp-content/themes/site/inc/api/cdp.php on line 340
[01-Dec-2025 09:38:14 UTC] PHP Warning:  Undefined array key "total_spins" in /home/lottexylitolcom/public_html/staging.lottexylitol.com.vn/apw/wp-content/themes/site/inc/api/cdp.php on line 340
[01-Dec-2025 09:38:14 UTC] PHP Warning:  Undefined array key "total_spins" in /home/lottexylitolcom/public_html/staging.lottexylitol.com.vn/apw/wp-content/themes/site/inc/api/cdp.php on line 340
[01-Dec-2025 09:38:14 UTC] PHP Warning:  Undefined array key "total_spins" in /home/lottexylitolcom/public_html/staging.lottexylitol.com.vn/apw/wp-content/themes/site/inc/api/cdp.php on line 340
[01-Dec-2025 09:38:14 UTC] PHP Warning:  Undefined array key "total_spins" in /home/lottexylitolcom/public_html/staging.lottexylitol.com.vn/apw/wp-content/themes/site/inc/api/cdp.php on line 340
[01-Dec-2025 09:38:14 UTC] PHP Warning:  Undefined array key "total_spins" in /home/lottexylitolcom/public_html/staging.lottexylitol.com.vn/apw/wp-content/themes/site/inc/api/cdp.php on line 340
[01-Dec-2025 09:38:14 UTC] PHP Warning:  Undefined array key "total_spins" in /home/lottexylitolcom/public_html/staging.lottexylitol.com.vn/apw/wp-content/themes/site/inc/api/cdp.php on line 340
[01-Dec-2025 09:38:14 UTC] PHP Warning:  Undefined array key "total_spins" in /home/lottexylitolcom/public_html/staging.lottexylitol.com.vn/apw/wp-content/themes/site/inc/api/cdp.php on line 340
[01-Dec-2025 09:38:14 UTC] PHP Warning:  Undefined array key "total_spins" in /home/lottexylitolcom/public_html/staging.lottexylitol.com.vn/apw/wp-content/themes/site/inc/api/cdp.php on line 340
[01-Dec-2025 09:38:14 UTC] PHP Warning:  Undefined array key "total_spins" in /home/lottexylitolcom/public_html/staging.lottexylitol.com.vn/apw/wp-content/themes/site/inc/api/cdp.php on line 340
[01-Dec-2025 09:38:34 UTC] PHP Warning:  Undefined array key "total_spins" in /home/lottexylitolcom/public_html/staging.lottexylitol.com.vn/apw/wp-content/themes/site/inc/api/cdp.php on line 340
[01-Dec-2025 09:39:00 UTC] PHP Warning:  Undefined array key "total_spins" in /home/lottexylitolcom/public_html/staging.lottexylitol.com.vn/apw/wp-content/themes/site/inc/api/cdp.php on line 340
[01-Dec-2025 09:39:00 UTC] PHP Warning:  Undefined array key "total_spins" in /home/lottexylitolcom/public_html/staging.lottexylitol.com.vn/apw/wp-content/themes/site/inc/api/cdp.php on line 340
[01-Dec-2025 09:51:04 UTC] PHP Warning:  Undefined array key "total_spins" in /home/lottexylitolcom/public_html/staging.lottexylitol.com.vn/apw/wp-content/themes/site/inc/api/cdp.php on line 340
[01-Dec-2025 09:51:04 UTC] PHP Warning:  Undefined array key "total_spins" in /home/lottexylitolcom/public_html/staging.lottexylitol.com.vn/apw/wp-content/themes/site/inc/api/cdp.php on line 340
[01-Dec-2025 09:51:04 UTC] PHP Warning:  Undefined array key "total_spins" in /home/lottexylitolcom/public_html/staging.lottexylitol.com.vn/apw/wp-content/themes/site/inc/api/cdp.php on line 340
[01-Dec-2025 09:51:04 UTC] PHP Warning:  Undefined array key "total_spins" in /home/lottexylitolcom/public_html/staging.lottexylitol.com.vn/apw/wp-content/themes/site/inc/api/cdp.php on line 340
[01-Dec-2025 09:51:04 UTC] PHP Warning:  Undefined array key "total_spins" in /home/lottexylitolcom/public_html/staging.lottexylitol.com.vn/apw/wp-content/themes/site/inc/api/cdp.php on line 340
[01-Dec-2025 09:51:04 UTC] PHP Warning:  Undefined array key "total_spins" in /home/lottexylitolcom/public_html/staging.lottexylitol.com.vn/apw/wp-content/themes/site/inc/api/cdp.php on line 340
[01-Dec-2025 09:51:04 UTC] PHP Warning:  Undefined array key "total_spins" in /home/lottexylitolcom/public_html/staging.lottexylitol.com.vn/apw/wp-content/themes/site/inc/api/cdp.php on line 340
[01-Dec-2025 09:51:04 UTC] PHP Warning:  Undefined array key "total_spins" in /home/lottexylitolcom/public_html/staging.lottexylitol.com.vn/apw/wp-content/themes/site/inc/api/cdp.php on line 340
[01-Dec-2025 09:51:04 UTC] PHP Warning:  Undefined array key "total_spins" in /home/lottexylitolcom/public_html/staging.lottexylitol.com.vn/apw/wp-content/themes/site/inc/api/cdp.php on line 340
[01-Dec-2025 09:51:04 UTC] PHP Warning:  Undefined array key "total_spins" in /home/lottexylitolcom/public_html/staging.lottexylitol.com.vn/apw/wp-content/themes/site/inc/api/cdp.php on line 340
[01-Dec-2025 09:51:04 UTC] PHP Warning:  Undefined array key "total_spins" in /home/lottexylitolcom/public_html/staging.lottexylitol.com.vn/apw/wp-content/themes/site/inc/api/cdp.php on line 340
[01-Dec-2025 15:59:17 UTC] PHP Warning:  translations_api(): Đã xảy ra lỗi không mong muốn. Có thể có sự cố với WordPress.org hoặc cấu hình của máy chủ. Nếu bạn tiếp tục gặp sự cố, vui lòng thử hỏi trong <a href="https://wordpress.org/support/forums/">diễn đàn hỗ trợ</a>. (WordPress không thể thiết lập kết nối an toàn tới WordPress.org. Vui lòng liên hệ quản trị máy chủ của bạn.) in /home/lottexylitolcom/public_html/staging.lottexylitol.com.vn/apw/wp-includes/functions.php on line 6121
[02-Dec-2025 01:25:51 UTC] PHP Warning:  wp_version_check(): An unexpected error occurred. Something may be wrong with WordPress.org or this server&#8217;s configuration. If you continue to have problems, please try the <a href="https://wordpress.org/support/forums/">support forums</a>. (WordPress could not establish a secure connection to WordPress.org. Please contact your server administrator.) in /home/lottexylitolcom/public_html/staging.lottexylitol.com.vn/apw/wp-includes/functions.php on line 6121
[02-Dec-2025 01:25:55 UTC] PHP Warning:  wp_update_plugins(): An unexpected error occurred. Something may be wrong with WordPress.org or this server&#8217;s configuration. If you continue to have problems, please try the <a href="https://wordpress.org/support/forums/">support forums</a>. (WordPress could not establish a secure connection to WordPress.org. Please contact your server administrator.) in /home/lottexylitolcom/public_html/staging.lottexylitol.com.vn/apw/wp-includes/functions.php on line 6121
[02-Dec-2025 01:25:59 UTC] PHP Warning:  wp_update_themes(): An unexpected error occurred. Something may be wrong with WordPress.org or this server&#8217;s configuration. If you continue to have problems, please try the <a href="https://wordpress.org/support/forums/">support forums</a>. (WordPress could not establish a secure connection to WordPress.org. Please contact your server administrator.) in /home/lottexylitolcom/public_html/staging.lottexylitol.com.vn/apw/wp-includes/functions.php on line 6121
[02-Dec-2025 01:58:33 UTC] PHP Warning:  Undefined array key "total_spins" in /home/lottexylitolcom/public_html/staging.lottexylitol.com.vn/apw/wp-content/themes/site/inc/api/cdp.php on line 342
[02-Dec-2025 01:58:33 UTC] PHP Warning:  Undefined array key "total_spins" in /home/lottexylitolcom/public_html/staging.lottexylitol.com.vn/apw/wp-content/themes/site/inc/api/cdp.php on line 342
[02-Dec-2025 01:58:33 UTC] PHP Warning:  Undefined array key "total_spins" in /home/lottexylitolcom/public_html/staging.lottexylitol.com.vn/apw/wp-content/themes/site/inc/api/cdp.php on line 342
[02-Dec-2025 01:58:33 UTC] PHP Warning:  Undefined array key "total_spins" in /home/lottexylitolcom/public_html/staging.lottexylitol.com.vn/apw/wp-content/themes/site/inc/api/cdp.php on line 342
[02-Dec-2025 01:58:33 UTC] PHP Warning:  Undefined array key "total_spins" in /home/lottexylitolcom/public_html/staging.lottexylitol.com.vn/apw/wp-content/themes/site/inc/api/cdp.php on line 342
[02-Dec-2025 01:58:33 UTC] PHP Warning:  Undefined array key "total_spins" in /home/lottexylitolcom/public_html/staging.lottexylitol.com.vn/apw/wp-content/themes/site/inc/api/cdp.php on line 342
[02-Dec-2025 01:58:33 UTC] PHP Warning:  Undefined array key "total_spins" in /home/lottexylitolcom/public_html/staging.lottexylitol.com.vn/apw/wp-content/themes/site/inc/api/cdp.php on line 342
[02-Dec-2025 01:58:33 UTC] PHP Warning:  Undefined array key "total_spins" in /home/lottexylitolcom/public_html/staging.lottexylitol.com.vn/apw/wp-content/themes/site/inc/api/cdp.php on line 342
[02-Dec-2025 01:58:33 UTC] PHP Warning:  Undefined array key "total_spins" in /home/lottexylitolcom/public_html/staging.lottexylitol.com.vn/apw/wp-content/themes/site/inc/api/cdp.php on line 342
[02-Dec-2025 01:58:33 UTC] PHP Warning:  Undefined array key "total_spins" in /home/lottexylitolcom/public_html/staging.lottexylitol.com.vn/apw/wp-content/themes/site/inc/api/cdp.php on line 342
[02-Dec-2025 01:58:33 UTC] PHP Warning:  Undefined array key "total_spins" in /home/lottexylitolcom/public_html/staging.lottexylitol.com.vn/apw/wp-content/themes/site/inc/api/cdp.php on line 342
[02-Dec-2025 02:08:34 UTC] PHP Warning:  translations_api(): Đã xảy ra lỗi không mong muốn. Có thể có sự cố với WordPress.org hoặc cấu hình của máy chủ. Nếu bạn tiếp tục gặp sự cố, vui lòng thử hỏi trong <a href="https://wordpress.org/support/forums/">diễn đàn hỗ trợ</a>. (WordPress không thể thiết lập kết nối an toàn tới WordPress.org. Vui lòng liên hệ quản trị máy chủ của bạn.) in /home/lottexylitolcom/public_html/staging.lottexylitol.com.vn/apw/wp-includes/functions.php on line 6121
[02-Dec-2025 02:11:46 UTC] PHP Warning:  Undefined array key 1 in /home/lottexylitolcom/public_html/staging.lottexylitol.com.vn/apw/wp-content/themes/site/inc/api/game.php on line 85
[02-Dec-2025 02:11:52 UTC] PHP Warning:  Undefined array key 1 in /home/lottexylitolcom/public_html/staging.lottexylitol.com.vn/apw/wp-content/themes/site/inc/api/game.php on line 85
[02-Dec-2025 02:11:53 UTC] PHP Warning:  Undefined array key 1 in /home/lottexylitolcom/public_html/staging.lottexylitol.com.vn/apw/wp-content/themes/site/inc/api/game.php on line 85
[02-Dec-2025 02:19:41 UTC] PHP Warning:  translations_api(): Đã xảy ra lỗi không mong muốn. Có thể có sự cố với WordPress.org hoặc cấu hình của máy chủ. Nếu bạn tiếp tục gặp sự cố, vui lòng thử hỏi trong <a href="https://wordpress.org/support/forums/">diễn đàn hỗ trợ</a>. (WordPress không thể thiết lập kết nối an toàn tới WordPress.org. Vui lòng liên hệ quản trị máy chủ của bạn.) in /home/lottexylitolcom/public_html/staging.lottexylitol.com.vn/apw/wp-includes/functions.php on line 6121
[02-Dec-2025 02:24:52 UTC] PHP Warning:  Undefined array key 1 in /home/lottexylitolcom/public_html/staging.lottexylitol.com.vn/apw/wp-content/themes/site/inc/api/game.php on line 85
[02-Dec-2025 02:25:01 UTC] PHP Warning:  Undefined array key 1 in /home/lottexylitolcom/public_html/staging.lottexylitol.com.vn/apw/wp-content/themes/site/inc/api/game.php on line 85
[02-Dec-2025 02:52:57 UTC] PHP Warning:  Undefined variable $survey_key_count in /home/lottexylitolcom/public_html/staging.lottexylitol.com.vn/apw/wp-content/themes/site/inc/api/answer.php on line 95
[02-Dec-2025 02:52:57 UTC] PHP Warning:  Undefined variable $survey_key_count in /home/lottexylitolcom/public_html/staging.lottexylitol.com.vn/apw/wp-content/themes/site/inc/api/answer.php on line 96
[02-Dec-2025 02:55:30 UTC] PHP Warning:  Undefined array key "total_spins" in /home/lottexylitolcom/public_html/staging.lottexylitol.com.vn/apw/wp-content/themes/site/inc/api/cdp.php on line 342
[02-Dec-2025 02:55:30 UTC] PHP Warning:  Undefined array key "total_spins" in /home/lottexylitolcom/public_html/staging.lottexylitol.com.vn/apw/wp-content/themes/site/inc/api/cdp.php on line 342
[02-Dec-2025 02:55:30 UTC] PHP Warning:  Undefined array key "total_spins" in /home/lottexylitolcom/public_html/staging.lottexylitol.com.vn/apw/wp-content/themes/site/inc/api/cdp.php on line 342
[02-Dec-2025 02:55:30 UTC] PHP Warning:  Undefined array key "total_spins" in /home/lottexylitolcom/public_html/staging.lottexylitol.com.vn/apw/wp-content/themes/site/inc/api/cdp.php on line 342
[02-Dec-2025 02:55:30 UTC] PHP Warning:  Undefined array key "total_spins" in /home/lottexylitolcom/public_html/staging.lottexylitol.com.vn/apw/wp-content/themes/site/inc/api/cdp.php on line 342
[02-Dec-2025 02:55:30 UTC] PHP Warning:  Undefined array key "total_spins" in /home/lottexylitolcom/public_html/staging.lottexylitol.com.vn/apw/wp-content/themes/site/inc/api/cdp.php on line 342
[02-Dec-2025 02:55:30 UTC] PHP Warning:  Undefined array key "total_spins" in /home/lottexylitolcom/public_html/staging.lottexylitol.com.vn/apw/wp-content/themes/site/inc/api/cdp.php on line 342
[02-Dec-2025 02:55:30 UTC] PHP Warning:  Undefined array key "total_spins" in /home/lottexylitolcom/public_html/staging.lottexylitol.com.vn/apw/wp-content/themes/site/inc/api/cdp.php on line 342
[02-Dec-2025 02:55:30 UTC] PHP Warning:  Undefined array key "total_spins" in /home/lottexylitolcom/public_html/staging.lottexylitol.com.vn/apw/wp-content/themes/site/inc/api/cdp.php on line 342
[02-Dec-2025 02:55:30 UTC] PHP Warning:  Undefined array key "total_spins" in /home/lottexylitolcom/public_html/staging.lottexylitol.com.vn/apw/wp-content/themes/site/inc/api/cdp.php on line 342
[02-Dec-2025 02:55:30 UTC] PHP Warning:  Undefined array key "total_spins" in /home/lottexylitolcom/public_html/staging.lottexylitol.com.vn/apw/wp-content/themes/site/inc/api/cdp.php on line 342
[02-Dec-2025 06:31:54 UTC] PHP Warning:  Undefined array key "total_spins" in /home/lottexylitolcom/public_html/staging.lottexylitol.com.vn/apw/wp-content/themes/site/inc/api/cdp.php on line 342
[02-Dec-2025 06:31:54 UTC] PHP Warning:  Undefined array key "total_spins" in /home/lottexylitolcom/public_html/staging.lottexylitol.com.vn/apw/wp-content/themes/site/inc/api/cdp.php on line 342
[02-Dec-2025 06:31:54 UTC] PHP Warning:  Undefined array key "total_spins" in /home/lottexylitolcom/public_html/staging.lottexylitol.com.vn/apw/wp-content/themes/site/inc/api/cdp.php on line 342
[02-Dec-2025 06:31:54 UTC] PHP Warning:  Undefined array key "total_spins" in /home/lottexylitolcom/public_html/staging.lottexylitol.com.vn/apw/wp-content/themes/site/inc/api/cdp.php on line 342
[02-Dec-2025 06:31:54 UTC] PHP Warning:  Undefined array key "total_spins" in /home/lottexylitolcom/public_html/staging.lottexylitol.com.vn/apw/wp-content/themes/site/inc/api/cdp.php on line 342
[02-Dec-2025 06:31:54 UTC] PHP Warning:  Undefined array key "total_spins" in /home/lottexylitolcom/public_html/staging.lottexylitol.com.vn/apw/wp-content/themes/site/inc/api/cdp.php on line 342
[02-Dec-2025 06:31:54 UTC] PHP Warning:  Undefined array key "total_spins" in /home/lottexylitolcom/public_html/staging.lottexylitol.com.vn/apw/wp-content/themes/site/inc/api/cdp.php on line 342
[02-Dec-2025 06:31:54 UTC] PHP Warning:  Undefined array key "total_spins" in /home/lottexylitolcom/public_html/staging.lottexylitol.com.vn/apw/wp-content/themes/site/inc/api/cdp.php on line 342
[02-Dec-2025 06:31:54 UTC] PHP Warning:  Undefined array key "total_spins" in /home/lottexylitolcom/public_html/staging.lottexylitol.com.vn/apw/wp-content/themes/site/inc/api/cdp.php on line 342
[02-Dec-2025 06:31:54 UTC] PHP Warning:  Undefined array key "total_spins" in /home/lottexylitolcom/public_html/staging.lottexylitol.com.vn/apw/wp-content/themes/site/inc/api/cdp.php on line 342
[02-Dec-2025 06:31:54 UTC] PHP Warning:  Undefined array key "total_spins" in /home/lottexylitolcom/public_html/staging.lottexylitol.com.vn/apw/wp-content/themes/site/inc/api/cdp.php on line 342
[02-Dec-2025 06:34:52 UTC] PHP Warning:  Undefined array key "total_spins" in /home/lottexylitolcom/public_html/staging.lottexylitol.com.vn/apw/wp-content/themes/site/inc/api/cdp.php on line 342
[02-Dec-2025 06:34:52 UTC] PHP Warning:  Undefined array key "total_spins" in /home/lottexylitolcom/public_html/staging.lottexylitol.com.vn/apw/wp-content/themes/site/inc/api/cdp.php on line 342
[02-Dec-2025 06:34:52 UTC] PHP Warning:  Undefined array key "total_spins" in /home/lottexylitolcom/public_html/staging.lottexylitol.com.vn/apw/wp-content/themes/site/inc/api/cdp.php on line 342
[02-Dec-2025 06:34:52 UTC] PHP Warning:  Undefined array key "total_spins" in /home/lottexylitolcom/public_html/staging.lottexylitol.com.vn/apw/wp-content/themes/site/inc/api/cdp.php on line 342
[02-Dec-2025 06:34:52 UTC] PHP Warning:  Undefined array key "total_spins" in /home/lottexylitolcom/public_html/staging.lottexylitol.com.vn/apw/wp-content/themes/site/inc/api/cdp.php on line 342
[02-Dec-2025 06:34:52 UTC] PHP Warning:  Undefined array key "total_spins" in /home/lottexylitolcom/public_html/staging.lottexylitol.com.vn/apw/wp-content/themes/site/inc/api/cdp.php on line 342
[02-Dec-2025 06:34:52 UTC] PHP Warning:  Undefined array key "total_spins" in /home/lottexylitolcom/public_html/staging.lottexylitol.com.vn/apw/wp-content/themes/site/inc/api/cdp.php on line 342
[02-Dec-2025 06:34:52 UTC] PHP Warning:  Undefined array key "total_spins" in /home/lottexylitolcom/public_html/staging.lottexylitol.com.vn/apw/wp-content/themes/site/inc/api/cdp.php on line 342
[02-Dec-2025 06:34:52 UTC] PHP Warning:  Undefined array key "total_spins" in /home/lottexylitolcom/public_html/staging.lottexylitol.com.vn/apw/wp-content/themes/site/inc/api/cdp.php on line 342
[02-Dec-2025 06:34:52 UTC] PHP Warning:  Undefined array key "total_spins" in /home/lottexylitolcom/public_html/staging.lottexylitol.com.vn/apw/wp-content/themes/site/inc/api/cdp.php on line 342
[02-Dec-2025 06:34:52 UTC] PHP Warning:  Undefined array key "total_spins" in /home/lottexylitolcom/public_html/staging.lottexylitol.com.vn/apw/wp-content/themes/site/inc/api/cdp.php on line 342
[02-Dec-2025 06:34:52 UTC] PHP Warning:  Undefined array key "total_spins" in /home/lottexylitolcom/public_html/staging.lottexylitol.com.vn/apw/wp-content/themes/site/inc/api/cdp.php on line 342
[02-Dec-2025 07:42:20 UTC] PHP Warning:  Undefined array key "total_spins" in /home/lottexylitolcom/public_html/staging.lottexylitol.com.vn/apw/wp-content/themes/site/inc/api/cdp.php on line 342
[02-Dec-2025 07:42:20 UTC] PHP Warning:  Undefined array key "total_spins" in /home/lottexylitolcom/public_html/staging.lottexylitol.com.vn/apw/wp-content/themes/site/inc/api/cdp.php on line 342
[02-Dec-2025 07:42:20 UTC] PHP Warning:  Undefined array key "total_spins" in /home/lottexylitolcom/public_html/staging.lottexylitol.com.vn/apw/wp-content/themes/site/inc/api/cdp.php on line 342
[02-Dec-2025 07:42:20 UTC] PHP Warning:  Undefined array key "total_spins" in /home/lottexylitolcom/public_html/staging.lottexylitol.com.vn/apw/wp-content/themes/site/inc/api/cdp.php on line 342
[02-Dec-2025 07:42:20 UTC] PHP Warning:  Undefined array key "total_spins" in /home/lottexylitolcom/public_html/staging.lottexylitol.com.vn/apw/wp-content/themes/site/inc/api/cdp.php on line 342
[02-Dec-2025 07:42:20 UTC] PHP Warning:  Undefined array key "total_spins" in /home/lottexylitolcom/public_html/staging.lottexylitol.com.vn/apw/wp-content/themes/site/inc/api/cdp.php on line 342
[02-Dec-2025 07:42:20 UTC] PHP Warning:  Undefined array key "total_spins" in /home/lottexylitolcom/public_html/staging.lottexylitol.com.vn/apw/wp-content/themes/site/inc/api/cdp.php on line 342
[02-Dec-2025 07:42:20 UTC] PHP Warning:  Undefined array key "total_spins" in /home/lottexylitolcom/public_html/staging.lottexylitol.com.vn/apw/wp-content/themes/site/inc/api/cdp.php on line 342
[02-Dec-2025 07:42:20 UTC] PHP Warning:  Undefined array key "total_spins" in /home/lottexylitolcom/public_html/staging.lottexylitol.com.vn/apw/wp-content/themes/site/inc/api/cdp.php on line 342
[02-Dec-2025 07:42:20 UTC] PHP Warning:  Undefined array key "total_spins" in /home/lottexylitolcom/public_html/staging.lottexylitol.com.vn/apw/wp-content/themes/site/inc/api/cdp.php on line 342
[02-Dec-2025 07:42:20 UTC] PHP Warning:  Undefined array key "total_spins" in /home/lottexylitolcom/public_html/staging.lottexylitol.com.vn/apw/wp-content/themes/site/inc/api/cdp.php on line 342
[02-Dec-2025 07:42:20 UTC] PHP Warning:  Undefined array key "total_spins" in /home/lottexylitolcom/public_html/staging.lottexylitol.com.vn/apw/wp-content/themes/site/inc/api/cdp.php on line 342
[02-Dec-2025 09:12:37 UTC] PHP Warning:  Undefined array key "total_spins" in /home/lottexylitolcom/public_html/staging.lottexylitol.com.vn/apw/wp-content/themes/site/inc/api/cdp.php on line 342
[02-Dec-2025 09:12:37 UTC] PHP Warning:  Undefined array key "total_spins" in /home/lottexylitolcom/public_html/staging.lottexylitol.com.vn/apw/wp-content/themes/site/inc/api/cdp.php on line 342
[02-Dec-2025 09:12:37 UTC] PHP Warning:  Undefined array key "total_spins" in /home/lottexylitolcom/public_html/staging.lottexylitol.com.vn/apw/wp-content/themes/site/inc/api/cdp.php on line 342
[02-Dec-2025 09:12:37 UTC] PHP Warning:  Undefined array key "total_spins" in /home/lottexylitolcom/public_html/staging.lottexylitol.com.vn/apw/wp-content/themes/site/inc/api/cdp.php on line 342
[02-Dec-2025 09:15:56 UTC] PHP Warning:  Undefined array key "total_spins" in /home/lottexylitolcom/public_html/staging.lottexylitol.com.vn/apw/wp-content/themes/site/inc/api/cdp.php on line 342
[02-Dec-2025 09:15:56 UTC] PHP Warning:  Undefined array key "total_spins" in /home/lottexylitolcom/public_html/staging.lottexylitol.com.vn/apw/wp-content/themes/site/inc/api/cdp.php on line 342
[02-Dec-2025 09:15:56 UTC] PHP Warning:  Undefined array key "total_spins" in /home/lottexylitolcom/public_html/staging.lottexylitol.com.vn/apw/wp-content/themes/site/inc/api/cdp.php on line 342
[02-Dec-2025 09:15:56 UTC] PHP Warning:  Undefined array key "total_spins" in /home/lottexylitolcom/public_html/staging.lottexylitol.com.vn/apw/wp-content/themes/site/inc/api/cdp.php on line 342
[02-Dec-2025 09:16:50 UTC] PHP Warning:  Undefined array key "total_spins" in /home/lottexylitolcom/public_html/staging.lottexylitol.com.vn/apw/wp-content/themes/site/inc/api/cdp.php on line 342
[02-Dec-2025 09:16:50 UTC] PHP Warning:  Undefined array key "total_spins" in /home/lottexylitolcom/public_html/staging.lottexylitol.com.vn/apw/wp-content/themes/site/inc/api/cdp.php on line 342
[02-Dec-2025 09:16:50 UTC] PHP Warning:  Undefined array key "total_spins" in /home/lottexylitolcom/public_html/staging.lottexylitol.com.vn/apw/wp-content/themes/site/inc/api/cdp.php on line 342
[02-Dec-2025 09:16:50 UTC] PHP Warning:  Undefined array key "total_spins" in /home/lottexylitolcom/public_html/staging.lottexylitol.com.vn/apw/wp-content/themes/site/inc/api/cdp.php on line 342
[02-Dec-2025 09:18:34 UTC] PHP Warning:  Undefined array key "total_spins" in /home/lottexylitolcom/public_html/staging.lottexylitol.com.vn/apw/wp-content/themes/site/inc/api/cdp.php on line 342
[02-Dec-2025 09:18:34 UTC] PHP Warning:  Undefined array key "total_spins" in /home/lottexylitolcom/public_html/staging.lottexylitol.com.vn/apw/wp-content/themes/site/inc/api/cdp.php on line 342
[02-Dec-2025 09:18:34 UTC] PHP Warning:  Undefined array key "total_spins" in /home/lottexylitolcom/public_html/staging.lottexylitol.com.vn/apw/wp-content/themes/site/inc/api/cdp.php on line 342
[02-Dec-2025 09:18:34 UTC] PHP Warning:  Undefined array key "total_spins" in /home/lottexylitolcom/public_html/staging.lottexylitol.com.vn/apw/wp-content/themes/site/inc/api/cdp.php on line 342
[02-Dec-2025 09:24:09 UTC] PHP Warning:  Undefined array key "total_spins" in /home/lottexylitolcom/public_html/staging.lottexylitol.com.vn/apw/wp-content/themes/site/inc/api/cdp.php on line 342
[02-Dec-2025 09:24:09 UTC] PHP Warning:  Undefined array key "total_spins" in /home/lottexylitolcom/public_html/staging.lottexylitol.com.vn/apw/wp-content/themes/site/inc/api/cdp.php on line 342
[02-Dec-2025 09:24:09 UTC] PHP Warning:  Undefined array key "total_spins" in /home/lottexylitolcom/public_html/staging.lottexylitol.com.vn/apw/wp-content/themes/site/inc/api/cdp.php on line 342
[02-Dec-2025 09:24:09 UTC] PHP Warning:  Undefined array key "total_spins" in /home/lottexylitolcom/public_html/staging.lottexylitol.com.vn/apw/wp-content/themes/site/inc/api/cdp.php on line 342
[02-Dec-2025 09:28:12 UTC] PHP Warning:  Undefined array key "total_spins" in /home/lottexylitolcom/public_html/staging.lottexylitol.com.vn/apw/wp-content/themes/site/inc/api/cdp.php on line 342
[02-Dec-2025 09:28:12 UTC] PHP Warning:  Undefined array key "total_spins" in /home/lottexylitolcom/public_html/staging.lottexylitol.com.vn/apw/wp-content/themes/site/inc/api/cdp.php on line 342
[02-Dec-2025 09:28:12 UTC] PHP Warning:  Undefined array key "total_spins" in /home/lottexylitolcom/public_html/staging.lottexylitol.com.vn/apw/wp-content/themes/site/inc/api/cdp.php on line 342
[02-Dec-2025 09:28:12 UTC] PHP Warning:  Undefined array key "total_spins" in /home/lottexylitolcom/public_html/staging.lottexylitol.com.vn/apw/wp-content/themes/site/inc/api/cdp.php on line 342
[03-Dec-2025 01:49:03 UTC] PHP Warning:  wp_version_check(): An unexpected error occurred. Something may be wrong with WordPress.org or this server&#8217;s configuration. If you continue to have problems, please try the <a href="https://wordpress.org/support/forums/">support forums</a>. (WordPress could not establish a secure connection to WordPress.org. Please contact your server administrator.) in /home/lottexylitolcom/public_html/staging.lottexylitol.com.vn/apw/wp-includes/functions.php on line 6121
[03-Dec-2025 01:49:06 UTC] PHP Warning:  wp_update_plugins(): An unexpected error occurred. Something may be wrong with WordPress.org or this server&#8217;s configuration. If you continue to have problems, please try the <a href="https://wordpress.org/support/forums/">support forums</a>. (WordPress could not establish a secure connection to WordPress.org. Please contact your server administrator.) in /home/lottexylitolcom/public_html/staging.lottexylitol.com.vn/apw/wp-includes/functions.php on line 6121
[03-Dec-2025 01:49:10 UTC] PHP Warning:  wp_update_themes(): An unexpected error occurred. Something may be wrong with WordPress.org or this server&#8217;s configuration. If you continue to have problems, please try the <a href="https://wordpress.org/support/forums/">support forums</a>. (WordPress could not establish a secure connection to WordPress.org. Please contact your server administrator.) in /home/lottexylitolcom/public_html/staging.lottexylitol.com.vn/apw/wp-includes/functions.php on line 6121
[03-Dec-2025 02:32:37 UTC] PHP Warning:  Undefined array key "total_spins" in /home/lottexylitolcom/public_html/staging.lottexylitol.com.vn/apw/wp-content/themes/site/inc/api/cdp.php on line 344
[03-Dec-2025 02:32:37 UTC] PHP Warning:  Undefined array key "total_spins" in /home/lottexylitolcom/public_html/staging.lottexylitol.com.vn/apw/wp-content/themes/site/inc/api/cdp.php on line 344
[03-Dec-2025 02:32:37 UTC] PHP Warning:  Undefined array key "total_spins" in /home/lottexylitolcom/public_html/staging.lottexylitol.com.vn/apw/wp-content/themes/site/inc/api/cdp.php on line 344
[03-Dec-2025 02:32:37 UTC] PHP Warning:  Undefined array key "total_spins" in /home/lottexylitolcom/public_html/staging.lottexylitol.com.vn/apw/wp-content/themes/site/inc/api/cdp.php on line 344
[03-Dec-2025 02:32:37 UTC] PHP Warning:  Undefined array key "total_spins" in /home/lottexylitolcom/public_html/staging.lottexylitol.com.vn/apw/wp-content/themes/site/inc/api/cdp.php on line 344
[03-Dec-2025 02:32:37 UTC] PHP Warning:  Undefined array key "total_spins" in /home/lottexylitolcom/public_html/staging.lottexylitol.com.vn/apw/wp-content/themes/site/inc/api/cdp.php on line 344
[03-Dec-2025 02:32:37 UTC] PHP Warning:  Undefined array key "total_spins" in /home/lottexylitolcom/public_html/staging.lottexylitol.com.vn/apw/wp-content/themes/site/inc/api/cdp.php on line 344
[03-Dec-2025 02:32:37 UTC] PHP Warning:  Undefined array key "total_spins" in /home/lottexylitolcom/public_html/staging.lottexylitol.com.vn/apw/wp-content/themes/site/inc/api/cdp.php on line 344
[03-Dec-2025 02:32:37 UTC] PHP Warning:  Undefined array key "total_spins" in /home/lottexylitolcom/public_html/staging.lottexylitol.com.vn/apw/wp-content/themes/site/inc/api/cdp.php on line 344
[03-Dec-2025 02:32:37 UTC] PHP Warning:  Undefined array key "total_spins" in /home/lottexylitolcom/public_html/staging.lottexylitol.com.vn/apw/wp-content/themes/site/inc/api/cdp.php on line 344
[03-Dec-2025 02:32:37 UTC] PHP Warning:  Undefined array key "total_spins" in /home/lottexylitolcom/public_html/staging.lottexylitol.com.vn/apw/wp-content/themes/site/inc/api/cdp.php on line 344
[03-Dec-2025 02:32:37 UTC] PHP Warning:  Undefined array key "total_spins" in /home/lottexylitolcom/public_html/staging.lottexylitol.com.vn/apw/wp-content/themes/site/inc/api/cdp.php on line 344
[03-Dec-2025 03:09:25 UTC] PHP Warning:  Undefined array key "total_spins" in /home/lottexylitolcom/public_html/staging.lottexylitol.com.vn/apw/wp-content/themes/site/inc/api/cdp.php on line 344
[03-Dec-2025 03:09:25 UTC] PHP Warning:  Undefined array key "total_spins" in /home/lottexylitolcom/public_html/staging.lottexylitol.com.vn/apw/wp-content/themes/site/inc/api/cdp.php on line 344
[03-Dec-2025 03:09:25 UTC] PHP Warning:  Undefined array key "total_spins" in /home/lottexylitolcom/public_html/staging.lottexylitol.com.vn/apw/wp-content/themes/site/inc/api/cdp.php on line 344
[03-Dec-2025 03:09:25 UTC] PHP Warning:  Undefined array key "total_spins" in /home/lottexylitolcom/public_html/staging.lottexylitol.com.vn/apw/wp-content/themes/site/inc/api/cdp.php on line 344
[03-Dec-2025 03:09:25 UTC] PHP Warning:  Undefined array key "total_spins" in /home/lottexylitolcom/public_html/staging.lottexylitol.com.vn/apw/wp-content/themes/site/inc/api/cdp.php on line 344
[03-Dec-2025 03:09:25 UTC] PHP Warning:  Undefined array key "total_spins" in /home/lottexylitolcom/public_html/staging.lottexylitol.com.vn/apw/wp-content/themes/site/inc/api/cdp.php on line 344
[03-Dec-2025 03:09:25 UTC] PHP Warning:  Undefined array key "total_spins" in /home/lottexylitolcom/public_html/staging.lottexylitol.com.vn/apw/wp-content/themes/site/inc/api/cdp.php on line 344
[03-Dec-2025 03:09:25 UTC] PHP Warning:  Undefined array key "total_spins" in /home/lottexylitolcom/public_html/staging.lottexylitol.com.vn/apw/wp-content/themes/site/inc/api/cdp.php on line 344
[03-Dec-2025 03:09:25 UTC] PHP Warning:  Undefined array key "total_spins" in /home/lottexylitolcom/public_html/staging.lottexylitol.com.vn/apw/wp-content/themes/site/inc/api/cdp.php on line 344
[03-Dec-2025 03:09:25 UTC] PHP Warning:  Undefined array key "total_spins" in /home/lottexylitolcom/public_html/staging.lottexylitol.com.vn/apw/wp-content/themes/site/inc/api/cdp.php on line 344
[03-Dec-2025 03:09:25 UTC] PHP Warning:  Undefined array key "total_spins" in /home/lottexylitolcom/public_html/staging.lottexylitol.com.vn/apw/wp-content/themes/site/inc/api/cdp.php on line 344
[03-Dec-2025 03:09:25 UTC] PHP Warning:  Undefined array key "total_spins" in /home/lottexylitolcom/public_html/staging.lottexylitol.com.vn/apw/wp-content/themes/site/inc/api/cdp.php on line 344
[03-Dec-2025 03:12:09 UTC] PHP Warning:  Undefined array key "total_spins" in /home/lottexylitolcom/public_html/staging.lottexylitol.com.vn/apw/wp-content/themes/site/inc/api/cdp.php on line 344
[03-Dec-2025 03:12:09 UTC] PHP Warning:  Undefined array key "total_spins" in /home/lottexylitolcom/public_html/staging.lottexylitol.com.vn/apw/wp-content/themes/site/inc/api/cdp.php on line 344
[03-Dec-2025 03:12:09 UTC] PHP Warning:  Undefined array key "total_spins" in /home/lottexylitolcom/public_html/staging.lottexylitol.com.vn/apw/wp-content/themes/site/inc/api/cdp.php on line 344
[03-Dec-2025 03:12:09 UTC] PHP Warning:  Undefined array key "total_spins" in /home/lottexylitolcom/public_html/staging.lottexylitol.com.vn/apw/wp-content/themes/site/inc/api/cdp.php on line 344
[03-Dec-2025 03:12:14 UTC] PHP Warning:  Undefined array key "total_spins" in /home/lottexylitolcom/public_html/staging.lottexylitol.com.vn/apw/wp-content/themes/site/inc/api/cdp.php on line 344
[03-Dec-2025 03:12:14 UTC] PHP Warning:  Undefined array key "total_spins" in /home/lottexylitolcom/public_html/staging.lottexylitol.com.vn/apw/wp-content/themes/site/inc/api/cdp.php on line 344
[03-Dec-2025 03:12:14 UTC] PHP Warning:  Undefined array key "total_spins" in /home/lottexylitolcom/public_html/staging.lottexylitol.com.vn/apw/wp-content/themes/site/inc/api/cdp.php on line 344
[03-Dec-2025 03:12:14 UTC] PHP Warning:  Undefined array key "total_spins" in /home/lottexylitolcom/public_html/staging.lottexylitol.com.vn/apw/wp-content/themes/site/inc/api/cdp.php on line 344
[03-Dec-2025 03:12:15 UTC] PHP Warning:  Undefined array key "total_spins" in /home/lottexylitolcom/public_html/staging.lottexylitol.com.vn/apw/wp-content/themes/site/inc/api/cdp.php on line 344
[03-Dec-2025 03:12:15 UTC] PHP Warning:  Undefined array key "total_spins" in /home/lottexylitolcom/public_html/staging.lottexylitol.com.vn/apw/wp-content/themes/site/inc/api/cdp.php on line 344
[03-Dec-2025 03:12:15 UTC] PHP Warning:  Undefined array key "total_spins" in /home/lottexylitolcom/public_html/staging.lottexylitol.com.vn/apw/wp-content/themes/site/inc/api/cdp.php on line 344
[03-Dec-2025 03:12:15 UTC] PHP Warning:  Undefined array key "total_spins" in /home/lottexylitolcom/public_html/staging.lottexylitol.com.vn/apw/wp-content/themes/site/inc/api/cdp.php on line 344
[03-Dec-2025 03:12:25 UTC] PHP Warning:  Undefined array key "total_spins" in /home/lottexylitolcom/public_html/staging.lottexylitol.com.vn/apw/wp-content/themes/site/inc/api/cdp.php on line 344
[03-Dec-2025 03:12:25 UTC] PHP Warning:  Undefined array key "total_spins" in /home/lottexylitolcom/public_html/staging.lottexylitol.com.vn/apw/wp-content/themes/site/inc/api/cdp.php on line 344
[03-Dec-2025 03:12:25 UTC] PHP Warning:  Undefined array key "total_spins" in /home/lottexylitolcom/public_html/staging.lottexylitol.com.vn/apw/wp-content/themes/site/inc/api/cdp.php on line 344
[03-Dec-2025 03:12:25 UTC] PHP Warning:  Undefined array key "total_spins" in /home/lottexylitolcom/public_html/staging.lottexylitol.com.vn/apw/wp-content/themes/site/inc/api/cdp.php on line 344
[03-Dec-2025 03:13:21 UTC] PHP Warning:  Undefined array key "total_spins" in /home/lottexylitolcom/public_html/staging.lottexylitol.com.vn/apw/wp-content/themes/site/inc/api/cdp.php on line 344
[03-Dec-2025 03:13:21 UTC] PHP Warning:  Undefined array key "total_spins" in /home/lottexylitolcom/public_html/staging.lottexylitol.com.vn/apw/wp-content/themes/site/inc/api/cdp.php on line 344
[03-Dec-2025 03:13:21 UTC] PHP Warning:  Undefined array key "total_spins" in /home/lottexylitolcom/public_html/staging.lottexylitol.com.vn/apw/wp-content/themes/site/inc/api/cdp.php on line 344
[03-Dec-2025 03:13:21 UTC] PHP Warning:  Undefined array key "total_spins" in /home/lottexylitolcom/public_html/staging.lottexylitol.com.vn/apw/wp-content/themes/site/inc/api/cdp.php on line 344
[03-Dec-2025 03:13:21 UTC] PHP Warning:  Undefined array key "total_spins" in /home/lottexylitolcom/public_html/staging.lottexylitol.com.vn/apw/wp-content/themes/site/inc/api/cdp.php on line 344
[03-Dec-2025 03:13:21 UTC] PHP Warning:  Undefined array key "total_spins" in /home/lottexylitolcom/public_html/staging.lottexylitol.com.vn/apw/wp-content/themes/site/inc/api/cdp.php on line 344
[03-Dec-2025 03:13:21 UTC] PHP Warning:  Undefined array key "total_spins" in /home/lottexylitolcom/public_html/staging.lottexylitol.com.vn/apw/wp-content/themes/site/inc/api/cdp.php on line 344
[03-Dec-2025 03:13:21 UTC] PHP Warning:  Undefined array key "total_spins" in /home/lottexylitolcom/public_html/staging.lottexylitol.com.vn/apw/wp-content/themes/site/inc/api/cdp.php on line 344
[03-Dec-2025 03:13:21 UTC] PHP Warning:  Undefined array key "total_spins" in /home/lottexylitolcom/public_html/staging.lottexylitol.com.vn/apw/wp-content/themes/site/inc/api/cdp.php on line 344
[03-Dec-2025 03:13:21 UTC] PHP Warning:  Undefined array key "total_spins" in /home/lottexylitolcom/public_html/staging.lottexylitol.com.vn/apw/wp-content/themes/site/inc/api/cdp.php on line 344
[03-Dec-2025 03:13:21 UTC] PHP Warning:  Undefined array key "total_spins" in /home/lottexylitolcom/public_html/staging.lottexylitol.com.vn/apw/wp-content/themes/site/inc/api/cdp.php on line 344
[03-Dec-2025 03:13:21 UTC] PHP Warning:  Undefined array key "total_spins" in /home/lottexylitolcom/public_html/staging.lottexylitol.com.vn/apw/wp-content/themes/site/inc/api/cdp.php on line 344
[03-Dec-2025 03:56:05 UTC] PHP Warning:  Undefined array key "total_spins" in /home/lottexylitolcom/public_html/staging.lottexylitol.com.vn/apw/wp-content/themes/site/inc/api/cdp.php on line 344
[03-Dec-2025 03:56:05 UTC] PHP Warning:  Undefined array key "total_spins" in /home/lottexylitolcom/public_html/staging.lottexylitol.com.vn/apw/wp-content/themes/site/inc/api/cdp.php on line 344
[03-Dec-2025 03:56:05 UTC] PHP Warning:  Undefined array key "total_spins" in /home/lottexylitolcom/public_html/staging.lottexylitol.com.vn/apw/wp-content/themes/site/inc/api/cdp.php on line 344
[03-Dec-2025 03:56:05 UTC] PHP Warning:  Undefined array key "total_spins" in /home/lottexylitolcom/public_html/staging.lottexylitol.com.vn/apw/wp-content/themes/site/inc/api/cdp.php on line 344
[03-Dec-2025 03:56:20 UTC] PHP Warning:  Undefined array key "total_spins" in /home/lottexylitolcom/public_html/staging.lottexylitol.com.vn/apw/wp-content/themes/site/inc/api/cdp.php on line 344
[03-Dec-2025 03:56:20 UTC] PHP Warning:  Undefined array key "total_spins" in /home/lottexylitolcom/public_html/staging.lottexylitol.com.vn/apw/wp-content/themes/site/inc/api/cdp.php on line 344
[03-Dec-2025 03:56:20 UTC] PHP Warning:  Undefined array key "total_spins" in /home/lottexylitolcom/public_html/staging.lottexylitol.com.vn/apw/wp-content/themes/site/inc/api/cdp.php on line 344
[03-Dec-2025 03:56:20 UTC] PHP Warning:  Undefined array key "total_spins" in /home/lottexylitolcom/public_html/staging.lottexylitol.com.vn/apw/wp-content/themes/site/inc/api/cdp.php on line 344
[03-Dec-2025 03:56:22 UTC] PHP Warning:  Undefined array key "total_spins" in /home/lottexylitolcom/public_html/staging.lottexylitol.com.vn/apw/wp-content/themes/site/inc/api/cdp.php on line 344
[03-Dec-2025 03:56:22 UTC] PHP Warning:  Undefined array key "total_spins" in /home/lottexylitolcom/public_html/staging.lottexylitol.com.vn/apw/wp-content/themes/site/inc/api/cdp.php on line 344
[03-Dec-2025 03:56:22 UTC] PHP Warning:  Undefined array key "total_spins" in /home/lottexylitolcom/public_html/staging.lottexylitol.com.vn/apw/wp-content/themes/site/inc/api/cdp.php on line 344
[03-Dec-2025 03:56:22 UTC] PHP Warning:  Undefined array key "total_spins" in /home/lottexylitolcom/public_html/staging.lottexylitol.com.vn/apw/wp-content/themes/site/inc/api/cdp.php on line 344
[03-Dec-2025 03:56:33 UTC] PHP Warning:  Undefined array key "total_spins" in /home/lottexylitolcom/public_html/staging.lottexylitol.com.vn/apw/wp-content/themes/site/inc/api/cdp.php on line 344
[03-Dec-2025 03:56:33 UTC] PHP Warning:  Undefined array key "total_spins" in /home/lottexylitolcom/public_html/staging.lottexylitol.com.vn/apw/wp-content/themes/site/inc/api/cdp.php on line 344
[03-Dec-2025 03:56:33 UTC] PHP Warning:  Undefined array key "total_spins" in /home/lottexylitolcom/public_html/staging.lottexylitol.com.vn/apw/wp-content/themes/site/inc/api/cdp.php on line 344
[03-Dec-2025 03:56:33 UTC] PHP Warning:  Undefined array key "total_spins" in /home/lottexylitolcom/public_html/staging.lottexylitol.com.vn/apw/wp-content/themes/site/inc/api/cdp.php on line 344
[03-Dec-2025 03:56:35 UTC] PHP Warning:  Undefined array key "total_spins" in /home/lottexylitolcom/public_html/staging.lottexylitol.com.vn/apw/wp-content/themes/site/inc/api/cdp.php on line 344
[03-Dec-2025 03:56:35 UTC] PHP Warning:  Undefined array key "total_spins" in /home/lottexylitolcom/public_html/staging.lottexylitol.com.vn/apw/wp-content/themes/site/inc/api/cdp.php on line 344
[03-Dec-2025 03:56:35 UTC] PHP Warning:  Undefined array key "total_spins" in /home/lottexylitolcom/public_html/staging.lottexylitol.com.vn/apw/wp-content/themes/site/inc/api/cdp.php on line 344
[03-Dec-2025 03:56:35 UTC] PHP Warning:  Undefined array key "total_spins" in /home/lottexylitolcom/public_html/staging.lottexylitol.com.vn/apw/wp-content/themes/site/inc/api/cdp.php on line 344
[03-Dec-2025 03:56:38 UTC] PHP Warning:  Undefined array key "total_spins" in /home/lottexylitolcom/public_html/staging.lottexylitol.com.vn/apw/wp-content/themes/site/inc/api/cdp.php on line 344
[03-Dec-2025 03:56:38 UTC] PHP Warning:  Undefined array key "total_spins" in /home/lottexylitolcom/public_html/staging.lottexylitol.com.vn/apw/wp-content/themes/site/inc/api/cdp.php on line 344
[03-Dec-2025 03:56:38 UTC] PHP Warning:  Undefined array key "total_spins" in /home/lottexylitolcom/public_html/staging.lottexylitol.com.vn/apw/wp-content/themes/site/inc/api/cdp.php on line 344
[03-Dec-2025 03:56:38 UTC] PHP Warning:  Undefined array key "total_spins" in /home/lottexylitolcom/public_html/staging.lottexylitol.com.vn/apw/wp-content/themes/site/inc/api/cdp.php on line 344
[03-Dec-2025 03:57:15 UTC] PHP Warning:  Undefined array key "total_spins" in /home/lottexylitolcom/public_html/staging.lottexylitol.com.vn/apw/wp-content/themes/site/inc/api/cdp.php on line 344
[03-Dec-2025 03:57:15 UTC] PHP Warning:  Undefined array key "total_spins" in /home/lottexylitolcom/public_html/staging.lottexylitol.com.vn/apw/wp-content/themes/site/inc/api/cdp.php on line 344
[03-Dec-2025 03:57:15 UTC] PHP Warning:  Undefined array key "total_spins" in /home/lottexylitolcom/public_html/staging.lottexylitol.com.vn/apw/wp-content/themes/site/inc/api/cdp.php on line 344
[03-Dec-2025 03:57:15 UTC] PHP Warning:  Undefined array key "total_spins" in /home/lottexylitolcom/public_html/staging.lottexylitol.com.vn/apw/wp-content/themes/site/inc/api/cdp.php on line 344
[03-Dec-2025 03:57:17 UTC] PHP Warning:  Undefined array key "total_spins" in /home/lottexylitolcom/public_html/staging.lottexylitol.com.vn/apw/wp-content/themes/site/inc/api/cdp.php on line 344
[03-Dec-2025 03:57:17 UTC] PHP Warning:  Undefined array key "total_spins" in /home/lottexylitolcom/public_html/staging.lottexylitol.com.vn/apw/wp-content/themes/site/inc/api/cdp.php on line 344
[03-Dec-2025 03:57:17 UTC] PHP Warning:  Undefined array key "total_spins" in /home/lottexylitolcom/public_html/staging.lottexylitol.com.vn/apw/wp-content/themes/site/inc/api/cdp.php on line 344
[03-Dec-2025 03:57:17 UTC] PHP Warning:  Undefined array key "total_spins" in /home/lottexylitolcom/public_html/staging.lottexylitol.com.vn/apw/wp-content/themes/site/inc/api/cdp.php on line 344
[03-Dec-2025 03:57:17 UTC] PHP Warning:  Undefined array key "total_spins" in /home/lottexylitolcom/public_html/staging.lottexylitol.com.vn/apw/wp-content/themes/site/inc/api/cdp.php on line 344
[03-Dec-2025 03:57:17 UTC] PHP Warning:  Undefined array key "total_spins" in /home/lottexylitolcom/public_html/staging.lottexylitol.com.vn/apw/wp-content/themes/site/inc/api/cdp.php on line 344
[03-Dec-2025 03:57:17 UTC] PHP Warning:  Undefined array key "total_spins" in /home/lottexylitolcom/public_html/staging.lottexylitol.com.vn/apw/wp-content/themes/site/inc/api/cdp.php on line 344
[03-Dec-2025 03:57:17 UTC] PHP Warning:  Undefined array key "total_spins" in /home/lottexylitolcom/public_html/staging.lottexylitol.com.vn/apw/wp-content/themes/site/inc/api/cdp.php on line 344
[03-Dec-2025 04:18:00 UTC] PHP Warning:  Undefined array key "total_spins" in /home/lottexylitolcom/public_html/staging.lottexylitol.com.vn/apw/wp-content/themes/site/inc/api/cdp.php on line 344
[03-Dec-2025 04:18:00 UTC] PHP Warning:  Undefined array key "total_spins" in /home/lottexylitolcom/public_html/staging.lottexylitol.com.vn/apw/wp-content/themes/site/inc/api/cdp.php on line 344
[03-Dec-2025 04:18:00 UTC] PHP Warning:  Undefined array key "total_spins" in /home/lottexylitolcom/public_html/staging.lottexylitol.com.vn/apw/wp-content/themes/site/inc/api/cdp.php on line 344
[03-Dec-2025 04:18:00 UTC] PHP Warning:  Undefined array key "total_spins" in /home/lottexylitolcom/public_html/staging.lottexylitol.com.vn/apw/wp-content/themes/site/inc/api/cdp.php on line 344
[03-Dec-2025 04:18:00 UTC] PHP Warning:  Undefined array key "total_spins" in /home/lottexylitolcom/public_html/staging.lottexylitol.com.vn/apw/wp-content/themes/site/inc/api/cdp.php on line 344
[03-Dec-2025 04:18:00 UTC] PHP Warning:  Undefined array key "total_spins" in /home/lottexylitolcom/public_html/staging.lottexylitol.com.vn/apw/wp-content/themes/site/inc/api/cdp.php on line 344
[03-Dec-2025 04:18:00 UTC] PHP Warning:  Undefined array key "total_spins" in /home/lottexylitolcom/public_html/staging.lottexylitol.com.vn/apw/wp-content/themes/site/inc/api/cdp.php on line 344
[03-Dec-2025 04:18:00 UTC] PHP Warning:  Undefined array key "total_spins" in /home/lottexylitolcom/public_html/staging.lottexylitol.com.vn/apw/wp-content/themes/site/inc/api/cdp.php on line 344
[03-Dec-2025 04:18:00 UTC] PHP Warning:  Undefined array key "total_spins" in /home/lottexylitolcom/public_html/staging.lottexylitol.com.vn/apw/wp-content/themes/site/inc/api/cdp.php on line 344
[03-Dec-2025 04:18:00 UTC] PHP Warning:  Undefined array key "total_spins" in /home/lottexylitolcom/public_html/staging.lottexylitol.com.vn/apw/wp-content/themes/site/inc/api/cdp.php on line 344
[03-Dec-2025 04:18:00 UTC] PHP Warning:  Undefined array key "total_spins" in /home/lottexylitolcom/public_html/staging.lottexylitol.com.vn/apw/wp-content/themes/site/inc/api/cdp.php on line 344
[03-Dec-2025 04:18:00 UTC] PHP Warning:  Undefined array key "total_spins" in /home/lottexylitolcom/public_html/staging.lottexylitol.com.vn/apw/wp-content/themes/site/inc/api/cdp.php on line 344
[03-Dec-2025 04:45:50 UTC] PHP Warning:  Undefined array key "total_spins" in /home/lottexylitolcom/public_html/staging.lottexylitol.com.vn/apw/wp-content/themes/site/inc/api/cdp.php on line 344
[03-Dec-2025 04:45:50 UTC] PHP Warning:  Undefined array key "total_spins" in /home/lottexylitolcom/public_html/staging.lottexylitol.com.vn/apw/wp-content/themes/site/inc/api/cdp.php on line 344
[03-Dec-2025 04:45:50 UTC] PHP Warning:  Undefined array key "total_spins" in /home/lottexylitolcom/public_html/staging.lottexylitol.com.vn/apw/wp-content/themes/site/inc/api/cdp.php on line 344
[03-Dec-2025 04:45:50 UTC] PHP Warning:  Undefined array key "total_spins" in /home/lottexylitolcom/public_html/staging.lottexylitol.com.vn/apw/wp-content/themes/site/inc/api/cdp.php on line 344
[03-Dec-2025 04:46:02 UTC] PHP Warning:  Undefined array key "total_spins" in /home/lottexylitolcom/public_html/staging.lottexylitol.com.vn/apw/wp-content/themes/site/inc/api/cdp.php on line 344
[03-Dec-2025 04:46:02 UTC] PHP Warning:  Undefined array key "total_spins" in /home/lottexylitolcom/public_html/staging.lottexylitol.com.vn/apw/wp-content/themes/site/inc/api/cdp.php on line 344
[03-Dec-2025 04:46:02 UTC] PHP Warning:  Undefined array key "total_spins" in /home/lottexylitolcom/public_html/staging.lottexylitol.com.vn/apw/wp-content/themes/site/inc/api/cdp.php on line 344
[03-Dec-2025 04:46:02 UTC] PHP Warning:  Undefined array key "total_spins" in /home/lottexylitolcom/public_html/staging.lottexylitol.com.vn/apw/wp-content/themes/site/inc/api/cdp.php on line 344
[03-Dec-2025 04:47:23 UTC] PHP Warning:  Undefined array key "total_spins" in /home/lottexylitolcom/public_html/staging.lottexylitol.com.vn/apw/wp-content/themes/site/inc/api/cdp.php on line 344
[03-Dec-2025 04:47:23 UTC] PHP Warning:  Undefined array key "total_spins" in /home/lottexylitolcom/public_html/staging.lottexylitol.com.vn/apw/wp-content/themes/site/inc/api/cdp.php on line 344
[03-Dec-2025 04:47:23 UTC] PHP Warning:  Undefined array key "total_spins" in /home/lottexylitolcom/public_html/staging.lottexylitol.com.vn/apw/wp-content/themes/site/inc/api/cdp.php on line 344
[03-Dec-2025 04:47:23 UTC] PHP Warning:  Undefined array key "total_spins" in /home/lottexylitolcom/public_html/staging.lottexylitol.com.vn/apw/wp-content/themes/site/inc/api/cdp.php on line 344
[03-Dec-2025 04:47:55 UTC] PHP Warning:  Undefined array key "total_spins" in /home/lottexylitolcom/public_html/staging.lottexylitol.com.vn/apw/wp-content/themes/site/inc/api/cdp.php on line 344
[03-Dec-2025 04:48:03 UTC] PHP Warning:  Undefined array key "total_spins" in /home/lottexylitolcom/public_html/staging.lottexylitol.com.vn/apw/wp-content/themes/site/inc/api/cdp.php on line 344
[03-Dec-2025 04:48:11 UTC] PHP Warning:  Undefined array key "total_spins" in /home/lottexylitolcom/public_html/staging.lottexylitol.com.vn/apw/wp-content/themes/site/inc/api/cdp.php on line 344
[03-Dec-2025 07:07:20 UTC] PHP Warning:  Undefined array key "total_spins" in /home/lottexylitolcom/public_html/staging.lottexylitol.com.vn/apw/wp-content/themes/site/inc/api/cdp.php on line 344
[03-Dec-2025 07:07:20 UTC] PHP Warning:  Undefined array key "total_spins" in /home/lottexylitolcom/public_html/staging.lottexylitol.com.vn/apw/wp-content/themes/site/inc/api/cdp.php on line 344
[03-Dec-2025 07:07:20 UTC] PHP Warning:  Undefined array key "total_spins" in /home/lottexylitolcom/public_html/staging.lottexylitol.com.vn/apw/wp-content/themes/site/inc/api/cdp.php on line 344
[03-Dec-2025 07:07:20 UTC] PHP Warning:  Undefined array key "total_spins" in /home/lottexylitolcom/public_html/staging.lottexylitol.com.vn/apw/wp-content/themes/site/inc/api/cdp.php on line 344
[03-Dec-2025 08:23:47 UTC] PHP Warning:  translations_api(): An unexpected error occurred. Something may be wrong with WordPress.org or this server&#8217;s configuration. If you continue to have problems, please try the <a href="https://wordpress.org/support/forums/">support forums</a>. (WordPress could not establish a secure connection to WordPress.org. Please contact your server administrator.) in /home/lottexylitolcom/public_html/staging.lottexylitol.com.vn/apw/wp-includes/functions.php on line 6121
[04-Dec-2025 01:28:58 UTC] PHP Warning:  Undefined array key "total_spins" in /home/lottexylitolcom/public_html/staging.lottexylitol.com.vn/apw/wp-content/themes/site/inc/api/cdp.php on line 344
[04-Dec-2025 01:28:58 UTC] PHP Warning:  Undefined array key "total_spins" in /home/lottexylitolcom/public_html/staging.lottexylitol.com.vn/apw/wp-content/themes/site/inc/api/cdp.php on line 344
[04-Dec-2025 01:28:58 UTC] PHP Warning:  Undefined array key "total_spins" in /home/lottexylitolcom/public_html/staging.lottexylitol.com.vn/apw/wp-content/themes/site/inc/api/cdp.php on line 344
[04-Dec-2025 01:28:58 UTC] PHP Warning:  Undefined array key "total_spins" in /home/lottexylitolcom/public_html/staging.lottexylitol.com.vn/apw/wp-content/themes/site/inc/api/cdp.php on line 344
[04-Dec-2025 02:51:22 UTC] PHP Warning:  Undefined variable $survey_key_count in /home/lottexylitolcom/public_html/staging.lottexylitol.com.vn/apw/wp-content/themes/site/inc/api/answer.php on line 95
[04-Dec-2025 02:51:22 UTC] PHP Warning:  Undefined variable $survey_key_count in /home/lottexylitolcom/public_html/staging.lottexylitol.com.vn/apw/wp-content/themes/site/inc/api/answer.php on line 96
[04-Dec-2025 04:32:44 UTC] PHP Warning:  wp_version_check(): An unexpected error occurred. Something may be wrong with WordPress.org or this server&#8217;s configuration. If you continue to have problems, please try the <a href="https://wordpress.org/support/forums/">support forums</a>. (WordPress could not establish a secure connection to WordPress.org. Please contact your server administrator.) in /home/lottexylitolcom/public_html/staging.lottexylitol.com.vn/apw/wp-includes/functions.php on line 6121
[04-Dec-2025 04:32:47 UTC] PHP Warning:  wp_update_plugins(): An unexpected error occurred. Something may be wrong with WordPress.org or this server&#8217;s configuration. If you continue to have problems, please try the <a href="https://wordpress.org/support/forums/">support forums</a>. (WordPress could not establish a secure connection to WordPress.org. Please contact your server administrator.) in /home/lottexylitolcom/public_html/staging.lottexylitol.com.vn/apw/wp-includes/functions.php on line 6121
[04-Dec-2025 04:32:48 UTC] PHP Warning:  wp_update_themes(): An unexpected error occurred. Something may be wrong with WordPress.org or this server&#8217;s configuration. If you continue to have problems, please try the <a href="https://wordpress.org/support/forums/">support forums</a>. (WordPress could not establish a secure connection to WordPress.org. Please contact your server administrator.) in /home/lottexylitolcom/public_html/staging.lottexylitol.com.vn/apw/wp-includes/functions.php on line 6121
[04-Dec-2025 04:32:51 UTC] PHP Warning:  wp_update_themes(): An unexpected error occurred. Something may be wrong with WordPress.org or this server&#8217;s configuration. If you continue to have problems, please try the <a href="https://wordpress.org/support/forums/">support forums</a>. (WordPress could not establish a secure connection to WordPress.org. Please contact your server administrator.) in /home/lottexylitolcom/public_html/staging.lottexylitol.com.vn/apw/wp-includes/functions.php on line 6121
[04-Dec-2025 09:21:38 UTC] PHP Warning:  Undefined variable $survey_key_count in /home/lottexylitolcom/public_html/staging.lottexylitol.com.vn/apw/wp-content/themes/site/inc/api/answer.php on line 95
[04-Dec-2025 09:21:38 UTC] PHP Warning:  Undefined variable $survey_key_count in /home/lottexylitolcom/public_html/staging.lottexylitol.com.vn/apw/wp-content/themes/site/inc/api/answer.php on line 96
[04-Dec-2025 09:23:34 UTC] PHP Warning:  Undefined variable $survey_key_count in /home/lottexylitolcom/public_html/staging.lottexylitol.com.vn/apw/wp-content/themes/site/inc/api/answer.php on line 95
[04-Dec-2025 09:23:34 UTC] PHP Warning:  Undefined variable $survey_key_count in /home/lottexylitolcom/public_html/staging.lottexylitol.com.vn/apw/wp-content/themes/site/inc/api/answer.php on line 96
[04-Dec-2025 09:24:15 UTC] PHP Warning:  translations_api(): An unexpected error occurred. Something may be wrong with WordPress.org or this server&#8217;s configuration. If you continue to have problems, please try the <a href="https://wordpress.org/support/forums/">support forums</a>. (WordPress could not establish a secure connection to WordPress.org. Please contact your server administrator.) in /home/lottexylitolcom/public_html/staging.lottexylitol.com.vn/apw/wp-includes/functions.php on line 6121
[04-Dec-2025 09:24:23 UTC] PHP Warning:  translations_api(): An unexpected error occurred. Something may be wrong with WordPress.org or this server&#8217;s configuration. If you continue to have problems, please try the <a href="https://wordpress.org/support/forums/">support forums</a>. (WordPress could not establish a secure connection to WordPress.org. Please contact your server administrator.) in /home/lottexylitolcom/public_html/staging.lottexylitol.com.vn/apw/wp-includes/functions.php on line 6121
[04-Dec-2025 09:26:55 UTC] PHP Warning:  Undefined array key "total_spins" in /home/lottexylitolcom/public_html/staging.lottexylitol.com.vn/apw/wp-content/themes/site/inc/api/cdp.php on line 344
[04-Dec-2025 09:26:55 UTC] PHP Warning:  Undefined array key "total_spins" in /home/lottexylitolcom/public_html/staging.lottexylitol.com.vn/apw/wp-content/themes/site/inc/api/cdp.php on line 344
[04-Dec-2025 09:26:55 UTC] PHP Warning:  Undefined array key "total_spins" in /home/lottexylitolcom/public_html/staging.lottexylitol.com.vn/apw/wp-content/themes/site/inc/api/cdp.php on line 344
[04-Dec-2025 09:26:55 UTC] PHP Warning:  Undefined array key "total_spins" in /home/lottexylitolcom/public_html/staging.lottexylitol.com.vn/apw/wp-content/themes/site/inc/api/cdp.php on line 344
[04-Dec-2025 09:26:55 UTC] PHP Warning:  Undefined array key "total_spins" in /home/lottexylitolcom/public_html/staging.lottexylitol.com.vn/apw/wp-content/themes/site/inc/api/cdp.php on line 344
[04-Dec-2025 09:26:55 UTC] PHP Warning:  Undefined array key "total_spins" in /home/lottexylitolcom/public_html/staging.lottexylitol.com.vn/apw/wp-content/themes/site/inc/api/cdp.php on line 344
[04-Dec-2025 09:26:55 UTC] PHP Warning:  Undefined array key "total_spins" in /home/lottexylitolcom/public_html/staging.lottexylitol.com.vn/apw/wp-content/themes/site/inc/api/cdp.php on line 344
[04-Dec-2025 09:26:55 UTC] PHP Warning:  Undefined array key "total_spins" in /home/lottexylitolcom/public_html/staging.lottexylitol.com.vn/apw/wp-content/themes/site/inc/api/cdp.php on line 344
[04-Dec-2025 09:26:55 UTC] PHP Warning:  Undefined array key "total_spins" in /home/lottexylitolcom/public_html/staging.lottexylitol.com.vn/apw/wp-content/themes/site/inc/api/cdp.php on line 344
[04-Dec-2025 09:26:55 UTC] PHP Warning:  Undefined array key "total_spins" in /home/lottexylitolcom/public_html/staging.lottexylitol.com.vn/apw/wp-content/themes/site/inc/api/cdp.php on line 344
[04-Dec-2025 09:26:55 UTC] PHP Warning:  Undefined array key "total_spins" in /home/lottexylitolcom/public_html/staging.lottexylitol.com.vn/apw/wp-content/themes/site/inc/api/cdp.php on line 344
[04-Dec-2025 09:26:55 UTC] PHP Warning:  Undefined array key "total_spins" in /home/lottexylitolcom/public_html/staging.lottexylitol.com.vn/apw/wp-content/themes/site/inc/api/cdp.php on line 344
[04-Dec-2025 09:26:57 UTC] PHP Warning:  Undefined array key "total_spins" in /home/lottexylitolcom/public_html/staging.lottexylitol.com.vn/apw/wp-content/themes/site/inc/api/cdp.php on line 344
[04-Dec-2025 09:26:57 UTC] PHP Warning:  Undefined array key "total_spins" in /home/lottexylitolcom/public_html/staging.lottexylitol.com.vn/apw/wp-content/themes/site/inc/api/cdp.php on line 344
[04-Dec-2025 09:26:57 UTC] PHP Warning:  Undefined array key "total_spins" in /home/lottexylitolcom/public_html/staging.lottexylitol.com.vn/apw/wp-content/themes/site/inc/api/cdp.php on line 344
[04-Dec-2025 09:26:57 UTC] PHP Warning:  Undefined array key "total_spins" in /home/lottexylitolcom/public_html/staging.lottexylitol.com.vn/apw/wp-content/themes/site/inc/api/cdp.php on line 344
[04-Dec-2025 09:26:57 UTC] PHP Warning:  Undefined array key "total_spins" in /home/lottexylitolcom/public_html/staging.lottexylitol.com.vn/apw/wp-content/themes/site/inc/api/cdp.php on line 344
[04-Dec-2025 09:26:57 UTC] PHP Warning:  Undefined array key "total_spins" in /home/lottexylitolcom/public_html/staging.lottexylitol.com.vn/apw/wp-content/themes/site/inc/api/cdp.php on line 344
[04-Dec-2025 09:26:57 UTC] PHP Warning:  Undefined array key "total_spins" in /home/lottexylitolcom/public_html/staging.lottexylitol.com.vn/apw/wp-content/themes/site/inc/api/cdp.php on line 344
[04-Dec-2025 09:26:57 UTC] PHP Warning:  Undefined array key "total_spins" in /home/lottexylitolcom/public_html/staging.lottexylitol.com.vn/apw/wp-content/themes/site/inc/api/cdp.php on line 344
[04-Dec-2025 09:26:57 UTC] PHP Warning:  Undefined array key "total_spins" in /home/lottexylitolcom/public_html/staging.lottexylitol.com.vn/apw/wp-content/themes/site/inc/api/cdp.php on line 344
[04-Dec-2025 09:26:57 UTC] PHP Warning:  Undefined array key "total_spins" in /home/lottexylitolcom/public_html/staging.lottexylitol.com.vn/apw/wp-content/themes/site/inc/api/cdp.php on line 344
[04-Dec-2025 09:26:57 UTC] PHP Warning:  Undefined array key "total_spins" in /home/lottexylitolcom/public_html/staging.lottexylitol.com.vn/apw/wp-content/themes/site/inc/api/cdp.php on line 344
[04-Dec-2025 09:26:57 UTC] PHP Warning:  Undefined array key "total_spins" in /home/lottexylitolcom/public_html/staging.lottexylitol.com.vn/apw/wp-content/themes/site/inc/api/cdp.php on line 344
[05-Dec-2025 04:34:46 UTC] PHP Warning:  Undefined variable $survey_key_count in /home/lottexylitolcom/public_html/staging.lottexylitol.com.vn/apw/wp-content/themes/site/inc/api/answer.php on line 95
[05-Dec-2025 04:34:46 UTC] PHP Warning:  Undefined variable $survey_key_count in /home/lottexylitolcom/public_html/staging.lottexylitol.com.vn/apw/wp-content/themes/site/inc/api/answer.php on line 96
[08-Dec-2025 03:04:19 UTC] PHP Warning:  wp_version_check(): An unexpected error occurred. Something may be wrong with WordPress.org or this server&#8217;s configuration. If you continue to have problems, please try the <a href="https://wordpress.org/support/forums/">support forums</a>. (WordPress could not establish a secure connection to WordPress.org. Please contact your server administrator.) in /home/lottexylitolcom/public_html/staging.lottexylitol.com.vn/apw/wp-includes/functions.php on line 6121
[08-Dec-2025 03:04:22 UTC] PHP Warning:  wp_update_plugins(): An unexpected error occurred. Something may be wrong with WordPress.org or this server&#8217;s configuration. If you continue to have problems, please try the <a href="https://wordpress.org/support/forums/">support forums</a>. (WordPress could not establish a secure connection to WordPress.org. Please contact your server administrator.) in /home/lottexylitolcom/public_html/staging.lottexylitol.com.vn/apw/wp-includes/functions.php on line 6121
[08-Dec-2025 03:04:26 UTC] PHP Warning:  wp_update_themes(): An unexpected error occurred. Something may be wrong with WordPress.org or this server&#8217;s configuration. If you continue to have problems, please try the <a href="https://wordpress.org/support/forums/">support forums</a>. (WordPress could not establish a secure connection to WordPress.org. Please contact your server administrator.) in /home/lottexylitolcom/public_html/staging.lottexylitol.com.vn/apw/wp-includes/functions.php on line 6121
[08-Dec-2025 06:24:20 UTC] PHP Warning:  translations_api(): Đã xảy ra lỗi không mong muốn. Có thể có sự cố với WordPress.org hoặc cấu hình của máy chủ. Nếu bạn tiếp tục gặp sự cố, vui lòng thử hỏi trong <a href="https://wordpress.org/support/forums/">diễn đàn hỗ trợ</a>. (WordPress không thể thiết lập kết nối an toàn tới WordPress.org. Vui lòng liên hệ quản trị máy chủ của bạn.) in /home/lottexylitolcom/public_html/staging.lottexylitol.com.vn/apw/wp-includes/functions.php on line 6121
[08-Dec-2025 06:24:27 UTC] PHP Warning:  translations_api(): Đã xảy ra lỗi không mong muốn. Có thể có sự cố với WordPress.org hoặc cấu hình của máy chủ. Nếu bạn tiếp tục gặp sự cố, vui lòng thử hỏi trong <a href="https://wordpress.org/support/forums/">diễn đàn hỗ trợ</a>. (WordPress không thể thiết lập kết nối an toàn tới WordPress.org. Vui lòng liên hệ quản trị máy chủ của bạn.) in /home/lottexylitolcom/public_html/staging.lottexylitol.com.vn/apw/wp-includes/functions.php on line 6121
[08-Dec-2025 06:24:45 UTC] PHP Warning:  translations_api(): An unexpected error occurred. Something may be wrong with WordPress.org or this server&#8217;s configuration. If you continue to have problems, please try the <a href="https://wordpress.org/support/forums/">support forums</a>. (WordPress could not establish a secure connection to WordPress.org. Please contact your server administrator.) in /home/lottexylitolcom/public_html/staging.lottexylitol.com.vn/apw/wp-includes/functions.php on line 6121
[08-Dec-2025 06:46:13 UTC] PHP Parse error:  syntax error, unexpected token "else" in /home/lottexylitolcom/public_html/staging.lottexylitol.com.vn/apw/wp-content/themes/site/inc/functions/lucky-list-table.php on line 1062
[08-Dec-2025 06:46:13 UTC] PHP Parse error:  syntax error, unexpected token "else" in /home/lottexylitolcom/public_html/staging.lottexylitol.com.vn/apw/wp-content/themes/site/inc/functions/lucky-list-table.php on line 1062
[08-Dec-2025 06:46:13 UTC] PHP Notice:  Function _load_textdomain_just_in_time được gọi <strong>không chính xác</strong>. Tải bản dịch cho miền <code>site</code> được kích hoạt quá sớm. Đây thường là dấu hiệu cho thấy một số mã trong plugin hoặc chủ đề chạy quá sớm. Bản dịch phải được tải tại hành động <code>init</code> hoặc sau đó. Vui lòng xem <a href="https://developer.wordpress.org/advanced-administration/debug/debug-wordpress/">Hướng dẫn Debug trong WordPress</a> để biết thêm thông tin. (Thông điệp này đã được thêm vào trong phiên bản 6.7.0.) in /home/lottexylitolcom/public_html/staging.lottexylitol.com.vn/apw/wp-includes/functions.php on line 6121
[08-Dec-2025 06:46:13 UTC] PHP Warning:  Trying to access array offset on value of type bool in /home/lottexylitolcom/public_html/staging.lottexylitol.com.vn/apw/wp-includes/class-wp-recovery-mode-email-service.php on line 367
[08-Dec-2025 06:46:13 UTC] PHP Warning:  Trying to access array offset on value of type bool in /home/lottexylitolcom/public_html/staging.lottexylitol.com.vn/apw/wp-includes/class-wp-recovery-mode-email-service.php on line 368
[08-Dec-2025 06:46:13 UTC] PHP Notice:  Function _load_textdomain_just_in_time được gọi <strong>không chính xác</strong>. Tải bản dịch cho miền <code>wp-mail-smtp</code> được kích hoạt quá sớm. Đây thường là dấu hiệu cho thấy một số mã trong plugin hoặc chủ đề chạy quá sớm. Bản dịch phải được tải tại hành động <code>init</code> hoặc sau đó. Vui lòng xem <a href="https://developer.wordpress.org/advanced-administration/debug/debug-wordpress/">Hướng dẫn Debug trong WordPress</a> để biết thêm thông tin. (Thông điệp này đã được thêm vào trong phiên bản 6.7.0.) in /home/lottexylitolcom/public_html/staging.lottexylitol.com.vn/apw/wp-includes/functions.php on line 6121
[08-Dec-2025 06:46:15 UTC] PHP Notice:  Function _load_textdomain_just_in_time was called <strong>incorrectly</strong>. Translation loading for the <code>site</code> domain was triggered too early. This is usually an indicator for some code in the plugin or theme running too early. Translations should be loaded at the <code>init</code> action or later. Please see <a href="https://developer.wordpress.org/advanced-administration/debug/debug-wordpress/">Debugging in WordPress</a> for more information. (This message was added in version 6.7.0.) in /home/lottexylitolcom/public_html/staging.lottexylitol.com.vn/apw/wp-includes/functions.php on line 6121
[08-Dec-2025 06:46:15 UTC] PHP Notice:  Function _load_textdomain_just_in_time was called <strong>incorrectly</strong>. Translation loading for the <code>wp-mail-smtp</code> domain was triggered too early. This is usually an indicator for some code in the plugin or theme running too early. Translations should be loaded at the <code>init</code> action or later. Please see <a href="https://developer.wordpress.org/advanced-administration/debug/debug-wordpress/">Debugging in WordPress</a> for more information. (This message was added in version 6.7.0.) in /home/lottexylitolcom/public_html/staging.lottexylitol.com.vn/apw/wp-includes/functions.php on line 6121
[08-Dec-2025 07:17:58 UTC] PHP Warning:  Undefined variable $from in /home/lottexylitolcom/public_html/staging.lottexylitol.com.vn/test/test.php on line 19
[08-Dec-2025 07:17:58 UTC] PHP Warning:  Undefined variable $to in /home/lottexylitolcom/public_html/staging.lottexylitol.com.vn/test/test.php on line 23
[08-Dec-2025 07:18:58 UTC] PHP Warning:  Undefined variable $from in /home/lottexylitolcom/public_html/staging.lottexylitol.com.vn/test/test.php on line 19
[08-Dec-2025 07:18:58 UTC] PHP Warning:  Undefined variable $to in /home/lottexylitolcom/public_html/staging.lottexylitol.com.vn/test/test.php on line 23
[08-Dec-2025 07:19:42 UTC] PHP Warning:  Undefined variable $from in /home/lottexylitolcom/public_html/staging.lottexylitol.com.vn/test/test.php on line 19
[08-Dec-2025 07:19:42 UTC] PHP Warning:  Undefined variable $to in /home/lottexylitolcom/public_html/staging.lottexylitol.com.vn/test/test.php on line 23
[08-Dec-2025 07:20:37 UTC] PHP Warning:  Undefined variable $from in /home/lottexylitolcom/public_html/staging.lottexylitol.com.vn/test/test.php on line 19
[08-Dec-2025 07:20:37 UTC] PHP Warning:  Undefined variable $to in /home/lottexylitolcom/public_html/staging.lottexylitol.com.vn/test/test.php on line 23
[08-Dec-2025 07:21:21 UTC] PHP Warning:  Undefined variable $from in /home/lottexylitolcom/public_html/staging.lottexylitol.com.vn/test/test.php on line 19
[08-Dec-2025 07:21:21 UTC] PHP Warning:  Undefined variable $to in /home/lottexylitolcom/public_html/staging.lottexylitol.com.vn/test/test.php on line 23
[08-Dec-2025 07:21:21 UTC] PHP Warning:  Undefined array key "gift" in /home/lottexylitolcom/public_html/staging.lottexylitol.com.vn/apw/wp-content/themes/site/inc/functions/class-lucky.php on line 982
[08-Dec-2025 07:21:21 UTC] PHP Warning:  Undefined array key "gift" in /home/lottexylitolcom/public_html/staging.lottexylitol.com.vn/apw/wp-content/themes/site/inc/functions/class-lucky.php on line 982
[08-Dec-2025 07:21:21 UTC] PHP Warning:  Undefined array key "gift" in /home/lottexylitolcom/public_html/staging.lottexylitol.com.vn/apw/wp-content/themes/site/inc/functions/class-lucky.php on line 982
[08-Dec-2025 07:21:21 UTC] PHP Warning:  Undefined array key "gift" in /home/lottexylitolcom/public_html/staging.lottexylitol.com.vn/apw/wp-content/themes/site/inc/functions/class-lucky.php on line 982
[08-Dec-2025 07:21:21 UTC] PHP Warning:  Undefined array key "gift" in /home/lottexylitolcom/public_html/staging.lottexylitol.com.vn/apw/wp-content/themes/site/inc/functions/class-lucky.php on line 982
[08-Dec-2025 07:22:07 UTC] PHP Warning:  Undefined variable $from in /home/lottexylitolcom/public_html/staging.lottexylitol.com.vn/test/test.php on line 19
[08-Dec-2025 07:22:07 UTC] PHP Warning:  Undefined variable $to in /home/lottexylitolcom/public_html/staging.lottexylitol.com.vn/test/test.php on line 23
[08-Dec-2025 07:23:51 UTC] PHP Warning:  Undefined variable $from in /home/lottexylitolcom/public_html/staging.lottexylitol.com.vn/test/test.php on line 19
[08-Dec-2025 07:23:51 UTC] PHP Warning:  Undefined variable $to in /home/lottexylitolcom/public_html/staging.lottexylitol.com.vn/test/test.php on line 23
[08-Dec-2025 07:26:00 UTC] PHP Warning:  Undefined variable $from in /home/lottexylitolcom/public_html/staging.lottexylitol.com.vn/test/test.php on line 19
[08-Dec-2025 07:26:00 UTC] PHP Warning:  Undefined variable $to in /home/lottexylitolcom/public_html/staging.lottexylitol.com.vn/test/test.php on line 23
[08-Dec-2025 07:26:33 UTC] PHP Warning:  Undefined variable $from in /home/lottexylitolcom/public_html/staging.lottexylitol.com.vn/test/test.php on line 19
[08-Dec-2025 07:26:33 UTC] PHP Warning:  Undefined variable $to in /home/lottexylitolcom/public_html/staging.lottexylitol.com.vn/test/test.php on line 23
[08-Dec-2025 07:29:13 UTC] PHP Warning:  Undefined variable $from in /home/lottexylitolcom/public_html/staging.lottexylitol.com.vn/test/test.php on line 19
[08-Dec-2025 07:29:13 UTC] PHP Warning:  Undefined variable $to in /home/lottexylitolcom/public_html/staging.lottexylitol.com.vn/test/test.php on line 23
[09-Dec-2025 01:04:55 UTC] PHP Warning:  wp_version_check(): An unexpected error occurred. Something may be wrong with WordPress.org or this server&#8217;s configuration. If you continue to have problems, please try the <a href="https://wordpress.org/support/forums/">support forums</a>. (WordPress could not establish a secure connection to WordPress.org. Please contact your server administrator.) in /home/lottexylitolcom/public_html/staging.lottexylitol.com.vn/apw/wp-includes/functions.php on line 6121
[09-Dec-2025 01:04:58 UTC] PHP Warning:  wp_update_plugins(): An unexpected error occurred. Something may be wrong with WordPress.org or this server&#8217;s configuration. If you continue to have problems, please try the <a href="https://wordpress.org/support/forums/">support forums</a>. (WordPress could not establish a secure connection to WordPress.org. Please contact your server administrator.) in /home/lottexylitolcom/public_html/staging.lottexylitol.com.vn/apw/wp-includes/functions.php on line 6121
[09-Dec-2025 01:05:01 UTC] PHP Warning:  wp_update_themes(): An unexpected error occurred. Something may be wrong with WordPress.org or this server&#8217;s configuration. If you continue to have problems, please try the <a href="https://wordpress.org/support/forums/">support forums</a>. (WordPress could not establish a secure connection to WordPress.org. Please contact your server administrator.) in /home/lottexylitolcom/public_html/staging.lottexylitol.com.vn/apw/wp-includes/functions.php on line 6121
[09-Dec-2025 01:52:55 UTC] PHP Warning:  Undefined array key "total_spins" in /home/lottexylitolcom/public_html/staging.lottexylitol.com.vn/apw/wp-content/themes/site/inc/api/cdp.php on line 344
[09-Dec-2025 01:58:31 UTC] PHP Warning:  Undefined array key "total_spins" in /home/lottexylitolcom/public_html/staging.lottexylitol.com.vn/apw/wp-content/themes/site/inc/api/cdp.php on line 344
[10-Dec-2025 02:41:05 UTC] PHP Warning:  wp_version_check(): An unexpected error occurred. Something may be wrong with WordPress.org or this server&#8217;s configuration. If you continue to have problems, please try the <a href="https://wordpress.org/support/forums/">support forums</a>. (WordPress could not establish a secure connection to WordPress.org. Please contact your server administrator.) in /home/lottexylitolcom/public_html/staging.lottexylitol.com.vn/apw/wp-includes/functions.php on line 6121
[10-Dec-2025 02:41:05 UTC] PHP Warning:  wp_update_plugins(): An unexpected error occurred. Something may be wrong with WordPress.org or this server&#8217;s configuration. If you continue to have problems, please try the <a href="https://wordpress.org/support/forums/">support forums</a>. (WordPress could not establish a secure connection to WordPress.org. Please contact your server administrator.) in /home/lottexylitolcom/public_html/staging.lottexylitol.com.vn/apw/wp-includes/functions.php on line 6121
[10-Dec-2025 02:41:08 UTC] PHP Warning:  wp_update_plugins(): An unexpected error occurred. Something may be wrong with WordPress.org or this server&#8217;s configuration. If you continue to have problems, please try the <a href="https://wordpress.org/support/forums/">support forums</a>. (WordPress could not establish a secure connection to WordPress.org. Please contact your server administrator.) in /home/lottexylitolcom/public_html/staging.lottexylitol.com.vn/apw/wp-includes/functions.php on line 6121
[10-Dec-2025 02:41:09 UTC] PHP Warning:  wp_update_themes(): An unexpected error occurred. Something may be wrong with WordPress.org or this server&#8217;s configuration. If you continue to have problems, please try the <a href="https://wordpress.org/support/forums/">support forums</a>. (WordPress could not establish a secure connection to WordPress.org. Please contact your server administrator.) in /home/lottexylitolcom/public_html/staging.lottexylitol.com.vn/apw/wp-includes/functions.php on line 6121
[10-Dec-2025 02:41:12 UTC] PHP Warning:  wp_update_themes(): An unexpected error occurred. Something may be wrong with WordPress.org or this server&#8217;s configuration. If you continue to have problems, please try the <a href="https://wordpress.org/support/forums/">support forums</a>. (WordPress could not establish a secure connection to WordPress.org. Please contact your server administrator.) in /home/lottexylitolcom/public_html/staging.lottexylitol.com.vn/apw/wp-includes/functions.php on line 6121
[10-Dec-2025 10:37:12 UTC] PHP Warning:  Undefined variable $user_id in /home/lottexylitolcom/public_html/staging.lottexylitol.com.vn/apw/wp-content/themes/site/inc/api/must-buy.php on line 68
[11-Dec-2025 01:33:50 UTC] PHP Fatal error:  Uncaught Error: Call to undefined function site_vietguys_api_send() in /home/lottexylitolcom/public_html/staging.lottexylitol.com.vn/test/vietguys.php:18
Stack trace:
#0 {main}
  thrown in /home/lottexylitolcom/public_html/staging.lottexylitol.com.vn/test/vietguys.php on line 18
[11-Dec-2025 01:34:11 UTC] PHP Fatal error:  Uncaught Error: Call to undefined function site_vietguys_api_send() in /home/lottexylitolcom/public_html/staging.lottexylitol.com.vn/test/vietguys.php:18
Stack trace:
#0 {main}
  thrown in /home/lottexylitolcom/public_html/staging.lottexylitol.com.vn/test/vietguys.php on line 18
[11-Dec-2025 01:35:09 UTC] PHP Fatal error:  Uncaught Error: Call to undefined function site_vietguys_api_send() in /home/lottexylitolcom/public_html/staging.lottexylitol.com.vn/test/vietguys.php:18
Stack trace:
#0 {main}
  thrown in /home/lottexylitolcom/public_html/staging.lottexylitol.com.vn/test/vietguys.php on line 18
[11-Dec-2025 07:01:47 UTC] PHP Warning:  wp_version_check(): An unexpected error occurred. Something may be wrong with WordPress.org or this server&#8217;s configuration. If you continue to have problems, please try the <a href="https://wordpress.org/support/forums/">support forums</a>. (WordPress could not establish a secure connection to WordPress.org. Please contact your server administrator.) in /home/lottexylitolcom/public_html/staging.lottexylitol.com.vn/apw/wp-includes/functions.php on line 6121
[11-Dec-2025 08:24:00 UTC] PHP Warning:  Undefined variable $survey_key_count in /home/lottexylitolcom/public_html/staging.lottexylitol.com.vn/apw/wp-content/themes/site/inc/api/answer.php on line 95
[11-Dec-2025 08:24:00 UTC] PHP Warning:  Undefined variable $survey_key_count in /home/lottexylitolcom/public_html/staging.lottexylitol.com.vn/apw/wp-content/themes/site/inc/api/answer.php on line 96
[11-Dec-2025 08:44:40 UTC] PHP Warning:  Undefined variable $survey_key_count in /home/lottexylitolcom/public_html/staging.lottexylitol.com.vn/apw/wp-content/themes/site/inc/api/answer.php on line 95
[11-Dec-2025 08:44:40 UTC] PHP Warning:  Undefined variable $survey_key_count in /home/lottexylitolcom/public_html/staging.lottexylitol.com.vn/apw/wp-content/themes/site/inc/api/answer.php on line 96
[11-Dec-2025 08:53:12 UTC] PHP Warning:  Undefined variable $survey_key_count in /home/lottexylitolcom/public_html/staging.lottexylitol.com.vn/apw/wp-content/themes/site/inc/api/answer.php on line 95
[11-Dec-2025 08:53:12 UTC] PHP Warning:  Undefined variable $survey_key_count in /home/lottexylitolcom/public_html/staging.lottexylitol.com.vn/apw/wp-content/themes/site/inc/api/answer.php on line 96
[12-Dec-2025 02:29:49 UTC] PHP Warning:  Undefined variable $survey_key_count in /home/lottexylitolcom/public_html/staging.lottexylitol.com.vn/apw/wp-content/themes/site/inc/api/answer.php on line 95
[12-Dec-2025 02:29:49 UTC] PHP Warning:  Undefined variable $survey_key_count in /home/lottexylitolcom/public_html/staging.lottexylitol.com.vn/apw/wp-content/themes/site/inc/api/answer.php on line 96
[12-Dec-2025 03:35:16 UTC] PHP Warning:  wp_version_check(): An unexpected error occurred. Something may be wrong with WordPress.org or this server&#8217;s configuration. If you continue to have problems, please try the <a href="https://wordpress.org/support/forums/">support forums</a>. (WordPress could not establish a secure connection to WordPress.org. Please contact your server administrator.) in /home/lottexylitolcom/public_html/staging.lottexylitol.com.vn/apw/wp-includes/functions.php on line 6121
[12-Dec-2025 03:35:20 UTC] PHP Warning:  wp_update_plugins(): An unexpected error occurred. Something may be wrong with WordPress.org or this server&#8217;s configuration. If you continue to have problems, please try the <a href="https://wordpress.org/support/forums/">support forums</a>. (WordPress could not establish a secure connection to WordPress.org. Please contact your server administrator.) in /home/lottexylitolcom/public_html/staging.lottexylitol.com.vn/apw/wp-includes/functions.php on line 6121
[12-Dec-2025 03:35:23 UTC] PHP Warning:  wp_update_themes(): An unexpected error occurred. Something may be wrong with WordPress.org or this server&#8217;s configuration. If you continue to have problems, please try the <a href="https://wordpress.org/support/forums/">support forums</a>. (WordPress could not establish a secure connection to WordPress.org. Please contact your server administrator.) in /home/lottexylitolcom/public_html/staging.lottexylitol.com.vn/apw/wp-includes/functions.php on line 6121
[12-Dec-2025 03:59:40 UTC] PHP Warning:  Undefined variable $survey_key_count in /home/lottexylitolcom/public_html/staging.lottexylitol.com.vn/apw/wp-content/themes/site/inc/api/answer.php on line 95
[12-Dec-2025 03:59:40 UTC] PHP Warning:  Undefined variable $survey_key_count in /home/lottexylitolcom/public_html/staging.lottexylitol.com.vn/apw/wp-content/themes/site/inc/api/answer.php on line 96
[12-Dec-2025 04:01:48 UTC] PHP Warning:  Undefined variable $survey_key_count in /home/lottexylitolcom/public_html/staging.lottexylitol.com.vn/apw/wp-content/themes/site/inc/api/answer.php on line 95
[12-Dec-2025 04:01:48 UTC] PHP Warning:  Undefined variable $survey_key_count in /home/lottexylitolcom/public_html/staging.lottexylitol.com.vn/apw/wp-content/themes/site/inc/api/answer.php on line 96
[12-Dec-2025 04:54:38 UTC] PHP Warning:  translations_api(): Đã xảy ra lỗi không mong muốn. Có thể có sự cố với WordPress.org hoặc cấu hình của máy chủ. Nếu bạn tiếp tục gặp sự cố, vui lòng thử hỏi trong <a href="https://wordpress.org/support/forums/">diễn đàn hỗ trợ</a>. (WordPress không thể thiết lập kết nối an toàn tới WordPress.org. Vui lòng liên hệ quản trị máy chủ của bạn.) in /home/lottexylitolcom/public_html/staging.lottexylitol.com.vn/apw/wp-includes/functions.php on line 6121
[12-Dec-2025 04:54:38 UTC] PHP Warning:  translations_api(): Đã xảy ra lỗi không mong muốn. Có thể có sự cố với WordPress.org hoặc cấu hình của máy chủ. Nếu bạn tiếp tục gặp sự cố, vui lòng thử hỏi trong <a href="https://wordpress.org/support/forums/">diễn đàn hỗ trợ</a>. (WordPress không thể thiết lập kết nối an toàn tới WordPress.org. Vui lòng liên hệ quản trị máy chủ của bạn.) in /home/lottexylitolcom/public_html/staging.lottexylitol.com.vn/apw/wp-includes/functions.php on line 6121
[12-Dec-2025 07:04:53 UTC] PHP Warning:  Undefined variable $survey_key_count in /home/lottexylitolcom/public_html/staging.lottexylitol.com.vn/apw/wp-content/themes/site/inc/api/answer.php on line 95
[12-Dec-2025 07:04:53 UTC] PHP Warning:  Undefined variable $survey_key_count in /home/lottexylitolcom/public_html/staging.lottexylitol.com.vn/apw/wp-content/themes/site/inc/api/answer.php on line 96
[12-Dec-2025 07:44:06 UTC] PHP Warning:  Undefined variable $survey_key_count in /home/lottexylitolcom/public_html/staging.lottexylitol.com.vn/apw/wp-content/themes/site/inc/api/answer.php on line 95
[12-Dec-2025 07:44:06 UTC] PHP Warning:  Undefined variable $survey_key_count in /home/lottexylitolcom/public_html/staging.lottexylitol.com.vn/apw/wp-content/themes/site/inc/api/answer.php on line 96
[12-Dec-2025 09:51:23 UTC] PHP Warning:  Undefined variable $user_id in /home/lottexylitolcom/public_html/staging.lottexylitol.com.vn/apw/wp-content/themes/site/inc/api/must-buy.php on line 68
[12-Dec-2025 09:54:14 UTC] PHP Warning:  Undefined variable $user_id in /home/lottexylitolcom/public_html/staging.lottexylitol.com.vn/apw/wp-content/themes/site/inc/api/must-buy.php on line 68
[12-Dec-2025 11:08:29 UTC] PHP Notice:  ob_end_flush(): Failed to send buffer of zlib output compression (0) in /home/lottexylitolcom/public_html/staging.lottexylitol.com.vn/apw/wp-includes/functions.php on line 5471
[12-Dec-2025 11:08:38 UTC] PHP Notice:  ob_end_flush(): Failed to send buffer of zlib output compression (0) in /home/lottexylitolcom/public_html/staging.lottexylitol.com.vn/apw/wp-includes/functions.php on line 5471
[15-Dec-2025 06:57:35 UTC] PHP Notice:  ob_end_flush(): Failed to send buffer of zlib output compression (0) in /home/lottexylitolcom/public_html/staging.lottexylitol.com.vn/apw/wp-includes/functions.php on line 5471
[15-Dec-2025 07:09:36 UTC] PHP Notice:  ob_end_flush(): Failed to send buffer of zlib output compression (0) in /home/lottexylitolcom/public_html/staging.lottexylitol.com.vn/apw/wp-includes/functions.php on line 5471
[15-Dec-2025 07:17:52 UTC] PHP Notice:  ob_end_flush(): Failed to send buffer of zlib output compression (0) in /home/lottexylitolcom/public_html/staging.lottexylitol.com.vn/apw/wp-includes/functions.php on line 5471
[15-Dec-2025 07:18:07 UTC] PHP Notice:  ob_end_flush(): Failed to send buffer of zlib output compression (0) in /home/lottexylitolcom/public_html/staging.lottexylitol.com.vn/apw/wp-includes/functions.php on line 5471
[15-Dec-2025 07:18:13 UTC] PHP Notice:  ob_end_flush(): Failed to send buffer of zlib output compression (0) in /home/lottexylitolcom/public_html/staging.lottexylitol.com.vn/apw/wp-includes/functions.php on line 5471
[15-Dec-2025 07:18:16 UTC] PHP Notice:  ob_end_flush(): Failed to send buffer of zlib output compression (0) in /home/lottexylitolcom/public_html/staging.lottexylitol.com.vn/apw/wp-includes/functions.php on line 5471
[15-Dec-2025 08:17:47 UTC] PHP Warning:  Array to string conversion in /home/lottexylitolcom/public_html/staging.lottexylitol.com.vn/test/vietguys.php on line 39
[15-Dec-2025 08:18:01 UTC] PHP Warning:  Array to string conversion in /home/lottexylitolcom/public_html/staging.lottexylitol.com.vn/test/vietguys.php on line 39
[15-Dec-2025 10:07:39 UTC] PHP Notice:  ob_end_flush(): Failed to send buffer of zlib output compression (0) in /home/lottexylitolcom/public_html/staging.lottexylitol.com.vn/apw/wp-includes/functions.php on line 5471
[15-Dec-2025 10:07:45 UTC] PHP Notice:  ob_end_flush(): Failed to send buffer of zlib output compression (0) in /home/lottexylitolcom/public_html/staging.lottexylitol.com.vn/apw/wp-includes/functions.php on line 5471
[15-Dec-2025 10:08:13 UTC] WordPress database error Unknown column 'total' in 'WHERE' for query SELECT *, (SELECT count(*) FROM `stg_lucky_results` AS b WHERE a.user_id = b.user_id) AS `total` FROM `stg_usermeta` AS a  WHERE user_id != 1 AND meta_key = 'lucky_status'  AND total > 0  ORDER BY `user_id` DESC LIMIT 0, 20 made by do_action('activities_page_lucky-bottle'), WP_Hook->do_action, WP_Hook->apply_filters, site_lucky_render_list_page, site_lucky_render_table_statistic, Site_Lucky_List_Table->prepare_items
[15-Dec-2025 10:08:13 UTC] PHP Notice:  ob_end_flush(): Failed to send buffer of zlib output compression (0) in /home/lottexylitolcom/public_html/staging.lottexylitol.com.vn/apw/wp-includes/functions.php on line 5471
[15-Dec-2025 10:08:24 UTC] PHP Notice:  ob_end_flush(): Failed to send buffer of zlib output compression (0) in /home/lottexylitolcom/public_html/staging.lottexylitol.com.vn/apw/wp-includes/functions.php on line 5471
[16-Dec-2025 01:27:15 UTC] PHP Notice:  ob_end_flush(): Failed to send buffer of zlib output compression (0) in /home/lottexylitolcom/public_html/staging.lottexylitol.com.vn/apw/wp-includes/functions.php on line 5471
[16-Dec-2025 01:27:21 UTC] PHP Notice:  ob_end_flush(): Failed to send buffer of zlib output compression (0) in /home/lottexylitolcom/public_html/staging.lottexylitol.com.vn/apw/wp-includes/functions.php on line 5471
[16-Dec-2025 01:27:25 UTC] PHP Notice:  ob_end_flush(): Failed to send buffer of zlib output compression (0) in /home/lottexylitolcom/public_html/staging.lottexylitol.com.vn/apw/wp-includes/functions.php on line 5471
[16-Dec-2025 01:35:34 UTC] PHP Notice:  ob_end_flush(): Failed to send buffer of zlib output compression (0) in /home/lottexylitolcom/public_html/staging.lottexylitol.com.vn/apw/wp-includes/functions.php on line 5471
[16-Dec-2025 01:35:38 UTC] PHP Notice:  ob_end_flush(): Failed to send buffer of zlib output compression (0) in /home/lottexylitolcom/public_html/staging.lottexylitol.com.vn/apw/wp-includes/functions.php on line 5471
[16-Dec-2025 01:35:44 UTC] PHP Notice:  ob_end_flush(): Failed to send buffer of zlib output compression (0) in /home/lottexylitolcom/public_html/staging.lottexylitol.com.vn/apw/wp-includes/functions.php on line 5471
[16-Dec-2025 01:35:47 UTC] PHP Notice:  ob_end_flush(): Failed to send buffer of zlib output compression (0) in /home/lottexylitolcom/public_html/staging.lottexylitol.com.vn/apw/wp-includes/functions.php on line 5471
[16-Dec-2025 01:35:52 UTC] PHP Notice:  ob_end_flush(): Failed to send buffer of zlib output compression (0) in /home/lottexylitolcom/public_html/staging.lottexylitol.com.vn/apw/wp-includes/functions.php on line 5471
[16-Dec-2025 01:36:27 UTC] PHP Notice:  ob_end_flush(): Failed to send buffer of zlib output compression (0) in /home/lottexylitolcom/public_html/staging.lottexylitol.com.vn/apw/wp-includes/functions.php on line 5471
[16-Dec-2025 01:36:32 UTC] PHP Notice:  ob_end_flush(): Failed to send buffer of zlib output compression (0) in /home/lottexylitolcom/public_html/staging.lottexylitol.com.vn/apw/wp-includes/functions.php on line 5471
[16-Dec-2025 02:02:43 UTC] PHP Notice:  ob_end_flush(): Failed to send buffer of zlib output compression (0) in /home/lottexylitolcom/public_html/staging.lottexylitol.com.vn/apw/wp-includes/functions.php on line 5471
[16-Dec-2025 02:03:05 UTC] PHP Notice:  ob_end_flush(): Failed to send buffer of zlib output compression (0) in /home/lottexylitolcom/public_html/staging.lottexylitol.com.vn/apw/wp-includes/functions.php on line 5471
[16-Dec-2025 02:23:24 UTC] PHP Notice:  ob_end_flush(): Failed to send buffer of zlib output compression (0) in /home/lottexylitolcom/public_html/staging.lottexylitol.com.vn/apw/wp-includes/functions.php on line 5471
[16-Dec-2025 02:23:32 UTC] PHP Notice:  ob_end_flush(): Failed to send buffer of zlib output compression (0) in /home/lottexylitolcom/public_html/staging.lottexylitol.com.vn/apw/wp-includes/functions.php on line 5471
[16-Dec-2025 02:24:19 UTC] PHP Notice:  ob_end_flush(): Failed to send buffer of zlib output compression (0) in /home/lottexylitolcom/public_html/staging.lottexylitol.com.vn/apw/wp-includes/functions.php on line 5471
[16-Dec-2025 02:24:32 UTC] PHP Notice:  ob_end_flush(): Failed to send buffer of zlib output compression (0) in /home/lottexylitolcom/public_html/staging.lottexylitol.com.vn/apw/wp-includes/functions.php on line 5471
[16-Dec-2025 02:24:49 UTC] PHP Notice:  ob_end_flush(): Failed to send buffer of zlib output compression (0) in /home/lottexylitolcom/public_html/staging.lottexylitol.com.vn/apw/wp-includes/functions.php on line 5471
[16-Dec-2025 02:53:09 UTC] PHP Notice:  ob_end_flush(): Failed to send buffer of zlib output compression (0) in /home/lottexylitolcom/public_html/staging.lottexylitol.com.vn/apw/wp-includes/functions.php on line 5471
[16-Dec-2025 02:53:12 UTC] PHP Notice:  ob_end_flush(): Failed to send buffer of zlib output compression (0) in /home/lottexylitolcom/public_html/staging.lottexylitol.com.vn/apw/wp-includes/functions.php on line 5471
[16-Dec-2025 02:53:33 UTC] PHP Notice:  ob_end_flush(): Failed to send buffer of zlib output compression (0) in /home/lottexylitolcom/public_html/staging.lottexylitol.com.vn/apw/wp-includes/functions.php on line 5471
[16-Dec-2025 02:59:25 UTC] PHP Notice:  ob_end_flush(): Failed to send buffer of zlib output compression (0) in /home/lottexylitolcom/public_html/staging.lottexylitol.com.vn/apw/wp-includes/functions.php on line 5471
[16-Dec-2025 02:59:32 UTC] PHP Notice:  ob_end_flush(): Failed to send buffer of zlib output compression (0) in /home/lottexylitolcom/public_html/staging.lottexylitol.com.vn/apw/wp-includes/functions.php on line 5471
[16-Dec-2025 03:14:42 UTC] PHP Notice:  ob_end_flush(): Failed to send buffer of zlib output compression (0) in /home/lottexylitolcom/public_html/staging.lottexylitol.com.vn/apw/wp-includes/functions.php on line 5471
[16-Dec-2025 03:20:20 UTC] PHP Notice:  ob_end_flush(): Failed to send buffer of zlib output compression (0) in /home/lottexylitolcom/public_html/staging.lottexylitol.com.vn/apw/wp-includes/functions.php on line 5471
[16-Dec-2025 03:20:21 UTC] PHP Notice:  ob_end_flush(): Failed to send buffer of zlib output compression (0) in /home/lottexylitolcom/public_html/staging.lottexylitol.com.vn/apw/wp-includes/functions.php on line 5471
[16-Dec-2025 03:20:25 UTC] PHP Notice:  ob_end_flush(): Failed to send buffer of zlib output compression (0) in /home/lottexylitolcom/public_html/staging.lottexylitol.com.vn/apw/wp-includes/functions.php on line 5471
[16-Dec-2025 03:21:01 UTC] PHP Notice:  ob_end_flush(): Failed to send buffer of zlib output compression (0) in /home/lottexylitolcom/public_html/staging.lottexylitol.com.vn/apw/wp-includes/functions.php on line 5471
[16-Dec-2025 03:26:50 UTC] PHP Notice:  ob_end_flush(): Failed to send buffer of zlib output compression (0) in /home/lottexylitolcom/public_html/staging.lottexylitol.com.vn/apw/wp-includes/functions.php on line 5471
[16-Dec-2025 03:26:53 UTC] PHP Notice:  ob_end_flush(): Failed to send buffer of zlib output compression (0) in /home/lottexylitolcom/public_html/staging.lottexylitol.com.vn/apw/wp-includes/functions.php on line 5471
[16-Dec-2025 03:26:57 UTC] PHP Notice:  ob_end_flush(): Failed to send buffer of zlib output compression (0) in /home/lottexylitolcom/public_html/staging.lottexylitol.com.vn/apw/wp-includes/functions.php on line 5471
[16-Dec-2025 03:27:04 UTC] PHP Notice:  ob_end_flush(): Failed to send buffer of zlib output compression (0) in /home/lottexylitolcom/public_html/staging.lottexylitol.com.vn/apw/wp-includes/functions.php on line 5471
[16-Dec-2025 03:27:10 UTC] PHP Notice:  ob_end_flush(): Failed to send buffer of zlib output compression (0) in /home/lottexylitolcom/public_html/staging.lottexylitol.com.vn/apw/wp-includes/functions.php on line 5471
[16-Dec-2025 03:27:12 UTC] PHP Notice:  ob_end_flush(): Failed to send buffer of zlib output compression (0) in /home/lottexylitolcom/public_html/staging.lottexylitol.com.vn/apw/wp-includes/functions.php on line 5471
[16-Dec-2025 06:22:42 UTC] PHP Notice:  ob_end_flush(): Failed to send buffer of zlib output compression (0) in /home/lottexylitolcom/public_html/staging.lottexylitol.com.vn/apw/wp-includes/functions.php on line 5471
[16-Dec-2025 06:23:06 UTC] PHP Notice:  ob_end_flush(): Failed to send buffer of zlib output compression (0) in /home/lottexylitolcom/public_html/staging.lottexylitol.com.vn/apw/wp-includes/functions.php on line 5471
[16-Dec-2025 06:25:39 UTC] PHP Notice:  ob_end_flush(): Failed to send buffer of zlib output compression (0) in /home/lottexylitolcom/public_html/staging.lottexylitol.com.vn/apw/wp-includes/functions.php on line 5471
[16-Dec-2025 06:25:43 UTC] PHP Notice:  ob_end_flush(): Failed to send buffer of zlib output compression (0) in /home/lottexylitolcom/public_html/staging.lottexylitol.com.vn/apw/wp-includes/functions.php on line 5471
[16-Dec-2025 06:27:03 UTC] PHP Notice:  ob_end_flush(): Failed to send buffer of zlib output compression (0) in /home/lottexylitolcom/public_html/staging.lottexylitol.com.vn/apw/wp-includes/functions.php on line 5471
[16-Dec-2025 06:27:23 UTC] PHP Notice:  ob_end_flush(): Failed to send buffer of zlib output compression (0) in /home/lottexylitolcom/public_html/staging.lottexylitol.com.vn/apw/wp-includes/functions.php on line 5471
[16-Dec-2025 06:27:27 UTC] PHP Notice:  ob_end_flush(): Failed to send buffer of zlib output compression (0) in /home/lottexylitolcom/public_html/staging.lottexylitol.com.vn/apw/wp-includes/functions.php on line 5471
[16-Dec-2025 06:27:31 UTC] PHP Notice:  ob_end_flush(): Failed to send buffer of zlib output compression (0) in /home/lottexylitolcom/public_html/staging.lottexylitol.com.vn/apw/wp-includes/functions.php on line 5471
[16-Dec-2025 06:27:47 UTC] PHP Notice:  ob_end_flush(): Failed to send buffer of zlib output compression (0) in /home/lottexylitolcom/public_html/staging.lottexylitol.com.vn/apw/wp-includes/functions.php on line 5471
[16-Dec-2025 06:27:49 UTC] PHP Notice:  ob_end_flush(): Failed to send buffer of zlib output compression (0) in /home/lottexylitolcom/public_html/staging.lottexylitol.com.vn/apw/wp-includes/functions.php on line 5471
[16-Dec-2025 06:28:39 UTC] PHP Notice:  ob_end_flush(): Failed to send buffer of zlib output compression (0) in /home/lottexylitolcom/public_html/staging.lottexylitol.com.vn/apw/wp-includes/functions.php on line 5471
[16-Dec-2025 06:28:42 UTC] PHP Notice:  ob_end_flush(): Failed to send buffer of zlib output compression (0) in /home/lottexylitolcom/public_html/staging.lottexylitol.com.vn/apw/wp-includes/functions.php on line 5471
[16-Dec-2025 06:28:49 UTC] PHP Fatal error:  Uncaught TypeError: in_array(): Argument #2 ($haystack) must be of type array, string given in /home/lottexylitolcom/public_html/staging.lottexylitol.com.vn/apw/wp-content/themes/site/inc/admin/setting.php:320
Stack trace:
#0 /home/lottexylitolcom/public_html/staging.lottexylitol.com.vn/apw/wp-content/themes/site/inc/admin/setting.php(320): in_array(72, '')
#1 /home/lottexylitolcom/public_html/staging.lottexylitol.com.vn/apw/wp-admin/includes/template.php(1836): {closure}(Array)
#2 /home/lottexylitolcom/public_html/staging.lottexylitol.com.vn/apw/wp-admin/options-reading.php(250): do_settings_fields('reading', 'default')
#3 {main}
  thrown in /home/lottexylitolcom/public_html/staging.lottexylitol.com.vn/apw/wp-content/themes/site/inc/admin/setting.php on line 320
[16-Dec-2025 06:28:49 UTC] PHP Warning:  Trying to access array offset on value of type bool in /home/lottexylitolcom/public_html/staging.lottexylitol.com.vn/apw/wp-includes/class-wp-recovery-mode-email-service.php on line 367
[16-Dec-2025 06:28:49 UTC] PHP Warning:  Trying to access array offset on value of type bool in /home/lottexylitolcom/public_html/staging.lottexylitol.com.vn/apw/wp-includes/class-wp-recovery-mode-email-service.php on line 368
[16-Dec-2025 06:28:50 UTC] PHP Fatal error:  Uncaught TypeError: in_array(): Argument #2 ($haystack) must be of type array, string given in /home/lottexylitolcom/public_html/staging.lottexylitol.com.vn/apw/wp-content/themes/site/inc/admin/setting.php:320
Stack trace:
#0 /home/lottexylitolcom/public_html/staging.lottexylitol.com.vn/apw/wp-content/themes/site/inc/admin/setting.php(320): in_array(72, '')
#1 /home/lottexylitolcom/public_html/staging.lottexylitol.com.vn/apw/wp-admin/includes/template.php(1836): {closure}(Array)
#2 /home/lottexylitolcom/public_html/staging.lottexylitol.com.vn/apw/wp-admin/options-reading.php(250): do_settings_fields('reading', 'default')
#3 {main}
  thrown in /home/lottexylitolcom/public_html/staging.lottexylitol.com.vn/apw/wp-content/themes/site/inc/admin/setting.php on line 320
[16-Dec-2025 06:28:50 UTC] PHP Notice:  ob_end_flush(): Failed to send buffer of zlib output compression (0) in /home/lottexylitolcom/public_html/staging.lottexylitol.com.vn/apw/wp-includes/functions.php on line 5471
[16-Dec-2025 06:28:50 UTC] PHP Notice:  ob_end_flush(): Failed to send buffer of zlib output compression (0) in /home/lottexylitolcom/public_html/staging.lottexylitol.com.vn/apw/wp-includes/functions.php on line 5471
[16-Dec-2025 06:29:28 UTC] PHP Notice:  ob_end_flush(): Failed to send buffer of zlib output compression (0) in /home/lottexylitolcom/public_html/staging.lottexylitol.com.vn/apw/wp-includes/functions.php on line 5471
[16-Dec-2025 06:29:34 UTC] PHP Notice:  ob_end_flush(): Failed to send buffer of zlib output compression (0) in /home/lottexylitolcom/public_html/staging.lottexylitol.com.vn/apw/wp-includes/functions.php on line 5471
[16-Dec-2025 06:29:39 UTC] PHP Notice:  ob_end_flush(): Failed to send buffer of zlib output compression (0) in /home/lottexylitolcom/public_html/staging.lottexylitol.com.vn/apw/wp-includes/functions.php on line 5471
[16-Dec-2025 06:29:43 UTC] PHP Notice:  ob_end_flush(): Failed to send buffer of zlib output compression (0) in /home/lottexylitolcom/public_html/staging.lottexylitol.com.vn/apw/wp-includes/functions.php on line 5471
[16-Dec-2025 06:29:51 UTC] PHP Notice:  ob_end_flush(): Failed to send buffer of zlib output compression (0) in /home/lottexylitolcom/public_html/staging.lottexylitol.com.vn/apw/wp-includes/functions.php on line 5471
[16-Dec-2025 06:29:58 UTC] PHP Notice:  ob_end_flush(): Failed to send buffer of zlib output compression (0) in /home/lottexylitolcom/public_html/staging.lottexylitol.com.vn/apw/wp-includes/functions.php on line 5471
[16-Dec-2025 06:31:42 UTC] PHP Notice:  ob_end_flush(): Failed to send buffer of zlib output compression (0) in /home/lottexylitolcom/public_html/staging.lottexylitol.com.vn/apw/wp-includes/functions.php on line 5471
[16-Dec-2025 06:36:03 UTC] PHP Notice:  ob_end_flush(): Failed to send buffer of zlib output compression (0) in /home/lottexylitolcom/public_html/staging.lottexylitol.com.vn/apw/wp-includes/functions.php on line 5471
[16-Dec-2025 06:37:27 UTC] PHP Notice:  ob_end_flush(): Failed to send buffer of zlib output compression (0) in /home/lottexylitolcom/public_html/staging.lottexylitol.com.vn/apw/wp-includes/functions.php on line 5471
[16-Dec-2025 06:56:12 UTC] PHP Notice:  ob_end_flush(): Failed to send buffer of zlib output compression (0) in /home/lottexylitolcom/public_html/staging.lottexylitol.com.vn/apw/wp-includes/functions.php on line 5471
[16-Dec-2025 07:00:08 UTC] PHP Notice:  ob_end_flush(): Failed to send buffer of zlib output compression (0) in /home/lottexylitolcom/public_html/staging.lottexylitol.com.vn/apw/wp-includes/functions.php on line 5471
[16-Dec-2025 07:00:21 UTC] PHP Notice:  ob_end_flush(): Failed to send buffer of zlib output compression (0) in /home/lottexylitolcom/public_html/staging.lottexylitol.com.vn/apw/wp-includes/functions.php on line 5471
[16-Dec-2025 07:00:27 UTC] PHP Notice:  ob_end_flush(): Failed to send buffer of zlib output compression (0) in /home/lottexylitolcom/public_html/staging.lottexylitol.com.vn/apw/wp-includes/functions.php on line 5471
[16-Dec-2025 08:27:30 UTC] PHP Notice:  ob_end_flush(): Failed to send buffer of zlib output compression (0) in /home/lottexylitolcom/public_html/staging.lottexylitol.com.vn/apw/wp-includes/functions.php on line 5471
[16-Dec-2025 08:27:56 UTC] PHP Notice:  ob_end_flush(): Failed to send buffer of zlib output compression (0) in /home/lottexylitolcom/public_html/staging.lottexylitol.com.vn/apw/wp-includes/functions.php on line 5471
[16-Dec-2025 08:28:25 UTC] PHP Notice:  ob_end_flush(): Failed to send buffer of zlib output compression (0) in /home/lottexylitolcom/public_html/staging.lottexylitol.com.vn/apw/wp-includes/functions.php on line 5471
[16-Dec-2025 08:28:29 UTC] PHP Notice:  ob_end_flush(): Failed to send buffer of zlib output compression (0) in /home/lottexylitolcom/public_html/staging.lottexylitol.com.vn/apw/wp-includes/functions.php on line 5471
[16-Dec-2025 08:29:23 UTC] PHP Notice:  ob_end_flush(): Failed to send buffer of zlib output compression (0) in /home/lottexylitolcom/public_html/staging.lottexylitol.com.vn/apw/wp-includes/functions.php on line 5471
[16-Dec-2025 08:34:19 UTC] PHP Notice:  ob_end_flush(): Failed to send buffer of zlib output compression (0) in /home/lottexylitolcom/public_html/staging.lottexylitol.com.vn/apw/wp-includes/functions.php on line 5471
[16-Dec-2025 08:36:16 UTC] PHP Notice:  ob_end_flush(): Failed to send buffer of zlib output compression (0) in /home/lottexylitolcom/public_html/staging.lottexylitol.com.vn/apw/wp-includes/functions.php on line 5471
[16-Dec-2025 08:41:00 UTC] PHP Notice:  ob_end_flush(): Failed to send buffer of zlib output compression (0) in /home/lottexylitolcom/public_html/staging.lottexylitol.com.vn/apw/wp-includes/functions.php on line 5471
[16-Dec-2025 08:41:12 UTC] PHP Notice:  ob_end_flush(): Failed to send buffer of zlib output compression (0) in /home/lottexylitolcom/public_html/staging.lottexylitol.com.vn/apw/wp-includes/functions.php on line 5471
[16-Dec-2025 08:46:16 UTC] PHP Notice:  ob_end_flush(): Failed to send buffer of zlib output compression (0) in /home/lottexylitolcom/public_html/staging.lottexylitol.com.vn/apw/wp-includes/functions.php on line 5471
[16-Dec-2025 08:46:24 UTC] PHP Notice:  ob_end_flush(): Failed to send buffer of zlib output compression (0) in /home/lottexylitolcom/public_html/staging.lottexylitol.com.vn/apw/wp-includes/functions.php on line 5471
[16-Dec-2025 08:46:27 UTC] PHP Notice:  ob_end_flush(): Failed to send buffer of zlib output compression (0) in /home/lottexylitolcom/public_html/staging.lottexylitol.com.vn/apw/wp-includes/functions.php on line 5471
[16-Dec-2025 09:09:40 UTC] PHP Notice:  ob_end_flush(): Failed to send buffer of zlib output compression (0) in /home/lottexylitolcom/public_html/staging.lottexylitol.com.vn/apw/wp-includes/functions.php on line 5471
[16-Dec-2025 09:19:26 UTC] PHP Notice:  ob_end_flush(): Failed to send buffer of zlib output compression (0) in /home/lottexylitolcom/public_html/staging.lottexylitol.com.vn/apw/wp-includes/functions.php on line 5471
[16-Dec-2025 09:19:32 UTC] PHP Notice:  ob_end_flush(): Failed to send buffer of zlib output compression (0) in /home/lottexylitolcom/public_html/staging.lottexylitol.com.vn/apw/wp-includes/functions.php on line 5471
[16-Dec-2025 09:20:58 UTC] PHP Notice:  ob_end_flush(): Failed to send buffer of zlib output compression (0) in /home/lottexylitolcom/public_html/staging.lottexylitol.com.vn/apw/wp-includes/functions.php on line 5471
[16-Dec-2025 09:28:04 UTC] PHP Notice:  ob_end_flush(): Failed to send buffer of zlib output compression (0) in /home/lottexylitolcom/public_html/staging.lottexylitol.com.vn/apw/wp-includes/functions.php on line 5471
[16-Dec-2025 09:28:12 UTC] PHP Notice:  ob_end_flush(): Failed to send buffer of zlib output compression (0) in /home/lottexylitolcom/public_html/staging.lottexylitol.com.vn/apw/wp-includes/functions.php on line 5471
[16-Dec-2025 09:28:33 UTC] PHP Notice:  ob_end_flush(): Failed to send buffer of zlib output compression (0) in /home/lottexylitolcom/public_html/staging.lottexylitol.com.vn/apw/wp-includes/functions.php on line 5471
[16-Dec-2025 09:35:24 UTC] PHP Notice:  ob_end_flush(): Failed to send buffer of zlib output compression (0) in /home/lottexylitolcom/public_html/staging.lottexylitol.com.vn/apw/wp-includes/functions.php on line 5471
[16-Dec-2025 09:37:54 UTC] PHP Notice:  ob_end_flush(): Failed to send buffer of zlib output compression (0) in /home/lottexylitolcom/public_html/staging.lottexylitol.com.vn/apw/wp-includes/functions.php on line 5471
[16-Dec-2025 09:41:49 UTC] PHP Notice:  ob_end_flush(): Failed to send buffer of zlib output compression (0) in /home/lottexylitolcom/public_html/staging.lottexylitol.com.vn/apw/wp-includes/functions.php on line 5471
[16-Dec-2025 09:43:39 UTC] PHP Notice:  ob_end_flush(): Failed to send buffer of zlib output compression (0) in /home/lottexylitolcom/public_html/staging.lottexylitol.com.vn/apw/wp-includes/functions.php on line 5471
[16-Dec-2025 09:43:48 UTC] PHP Notice:  ob_end_flush(): Failed to send buffer of zlib output compression (0) in /home/lottexylitolcom/public_html/staging.lottexylitol.com.vn/apw/wp-includes/functions.php on line 5471
[17-Dec-2025 01:18:39 UTC] PHP Notice:  ob_end_flush(): Failed to send buffer of zlib output compression (0) in /home/lottexylitolcom/public_html/staging.lottexylitol.com.vn/apw/wp-includes/functions.php on line 5471
[17-Dec-2025 02:12:35 UTC] PHP Notice:  ob_end_flush(): Failed to send buffer of zlib output compression (0) in /home/lottexylitolcom/public_html/staging.lottexylitol.com.vn/apw/wp-includes/functions.php on line 5471
[17-Dec-2025 02:19:37 UTC] PHP Notice:  ob_end_flush(): Failed to send buffer of zlib output compression (0) in /home/lottexylitolcom/public_html/staging.lottexylitol.com.vn/apw/wp-includes/functions.php on line 5471
[17-Dec-2025 02:25:13 UTC] PHP Notice:  ob_end_flush(): Failed to send buffer of zlib output compression (0) in /home/lottexylitolcom/public_html/staging.lottexylitol.com.vn/apw/wp-includes/functions.php on line 5471
[17-Dec-2025 03:04:44 UTC] PHP Notice:  ob_end_flush(): Failed to send buffer of zlib output compression (0) in /home/lottexylitolcom/public_html/staging.lottexylitol.com.vn/apw/wp-includes/functions.php on line 5471
[17-Dec-2025 03:04:53 UTC] PHP Notice:  ob_end_flush(): Failed to send buffer of zlib output compression (0) in /home/lottexylitolcom/public_html/staging.lottexylitol.com.vn/apw/wp-includes/functions.php on line 5471
[17-Dec-2025 03:05:03 UTC] PHP Notice:  ob_end_flush(): Failed to send buffer of zlib output compression (0) in /home/lottexylitolcom/public_html/staging.lottexylitol.com.vn/apw/wp-includes/functions.php on line 5471
[17-Dec-2025 03:06:21 UTC] PHP Notice:  ob_end_flush(): Failed to send buffer of zlib output compression (0) in /home/lottexylitolcom/public_html/staging.lottexylitol.com.vn/apw/wp-includes/functions.php on line 5471
[17-Dec-2025 03:21:09 UTC] PHP Notice:  ob_end_flush(): Failed to send buffer of zlib output compression (0) in /home/lottexylitolcom/public_html/staging.lottexylitol.com.vn/apw/wp-includes/functions.php on line 5471
[17-Dec-2025 03:24:44 UTC] PHP Notice:  ob_end_flush(): Failed to send buffer of zlib output compression (0) in /home/lottexylitolcom/public_html/staging.lottexylitol.com.vn/apw/wp-includes/functions.php on line 5471
[17-Dec-2025 03:41:08 UTC] PHP Notice:  ob_end_flush(): Failed to send buffer of zlib output compression (0) in /home/lottexylitolcom/public_html/staging.lottexylitol.com.vn/apw/wp-includes/functions.php on line 5471
[17-Dec-2025 03:51:21 UTC] PHP Notice:  ob_end_flush(): Failed to send buffer of zlib output compression (0) in /home/lottexylitolcom/public_html/staging.lottexylitol.com.vn/apw/wp-includes/functions.php on line 5471
[17-Dec-2025 03:51:51 UTC] PHP Notice:  ob_end_flush(): Failed to send buffer of zlib output compression (0) in /home/lottexylitolcom/public_html/staging.lottexylitol.com.vn/apw/wp-includes/functions.php on line 5471
[17-Dec-2025 03:52:10 UTC] PHP Notice:  ob_end_flush(): Failed to send buffer of zlib output compression (0) in /home/lottexylitolcom/public_html/staging.lottexylitol.com.vn/apw/wp-includes/functions.php on line 5471
[17-Dec-2025 03:52:15 UTC] PHP Notice:  ob_end_flush(): Failed to send buffer of zlib output compression (0) in /home/lottexylitolcom/public_html/staging.lottexylitol.com.vn/apw/wp-includes/functions.php on line 5471
[17-Dec-2025 03:52:22 UTC] PHP Notice:  ob_end_flush(): Failed to send buffer of zlib output compression (0) in /home/lottexylitolcom/public_html/staging.lottexylitol.com.vn/apw/wp-includes/functions.php on line 5471
[17-Dec-2025 03:52:24 UTC] PHP Notice:  ob_end_flush(): Failed to send buffer of zlib output compression (0) in /home/lottexylitolcom/public_html/staging.lottexylitol.com.vn/apw/wp-includes/functions.php on line 5471
[17-Dec-2025 03:52:26 UTC] PHP Notice:  ob_end_flush(): Failed to send buffer of zlib output compression (0) in /home/lottexylitolcom/public_html/staging.lottexylitol.com.vn/apw/wp-includes/functions.php on line 5471
[17-Dec-2025 03:52:31 UTC] PHP Notice:  ob_end_flush(): Failed to send buffer of zlib output compression (0) in /home/lottexylitolcom/public_html/staging.lottexylitol.com.vn/apw/wp-includes/functions.php on line 5471
[17-Dec-2025 03:53:10 UTC] PHP Notice:  ob_end_flush(): Failed to send buffer of zlib output compression (0) in /home/lottexylitolcom/public_html/staging.lottexylitol.com.vn/apw/wp-includes/functions.php on line 5471
[17-Dec-2025 04:06:21 UTC] PHP Notice:  ob_end_flush(): Failed to send buffer of zlib output compression (0) in /home/lottexylitolcom/public_html/staging.lottexylitol.com.vn/apw/wp-includes/functions.php on line 5471
[17-Dec-2025 04:19:15 UTC] PHP Notice:  ob_end_flush(): Failed to send buffer of zlib output compression (0) in /home/lottexylitolcom/public_html/staging.lottexylitol.com.vn/apw/wp-includes/functions.php on line 5471
[17-Dec-2025 04:19:57 UTC] PHP Notice:  Function wpdb::prepare was called <strong>incorrectly</strong>. The query argument of wpdb::prepare() must have a placeholder. Please see <a href="https://developer.wordpress.org/advanced-administration/debug/debug-wordpress/">Debugging in WordPress</a> for more information. (This message was added in version 3.9.0.) in /home/lottexylitolcom/public_html/staging.lottexylitol.com.vn/apw/wp-includes/functions.php on line 6121
[17-Dec-2025 04:19:57 UTC] PHP Notice:  ob_end_flush(): Failed to send buffer of zlib output compression (0) in /home/lottexylitolcom/public_html/staging.lottexylitol.com.vn/apw/wp-includes/functions.php on line 5471
[17-Dec-2025 04:20:33 UTC] PHP Notice:  Function wpdb::prepare was called <strong>incorrectly</strong>. The query argument of wpdb::prepare() must have a placeholder. Please see <a href="https://developer.wordpress.org/advanced-administration/debug/debug-wordpress/">Debugging in WordPress</a> for more information. (This message was added in version 3.9.0.) in /home/lottexylitolcom/public_html/staging.lottexylitol.com.vn/apw/wp-includes/functions.php on line 6121
[17-Dec-2025 04:20:33 UTC] PHP Notice:  ob_end_flush(): Failed to send buffer of zlib output compression (0) in /home/lottexylitolcom/public_html/staging.lottexylitol.com.vn/apw/wp-includes/functions.php on line 5471
[17-Dec-2025 04:21:40 UTC] PHP Notice:  Function wpdb::prepare was called <strong>incorrectly</strong>. The query argument of wpdb::prepare() must have a placeholder. Please see <a href="https://developer.wordpress.org/advanced-administration/debug/debug-wordpress/">Debugging in WordPress</a> for more information. (This message was added in version 3.9.0.) in /home/lottexylitolcom/public_html/staging.lottexylitol.com.vn/apw/wp-includes/functions.php on line 6121
[17-Dec-2025 04:21:40 UTC] PHP Notice:  ob_end_flush(): Failed to send buffer of zlib output compression (0) in /home/lottexylitolcom/public_html/staging.lottexylitol.com.vn/apw/wp-includes/functions.php on line 5471
[17-Dec-2025 04:21:42 UTC] PHP Notice:  Function wpdb::prepare was called <strong>incorrectly</strong>. The query argument of wpdb::prepare() must have a placeholder. Please see <a href="https://developer.wordpress.org/advanced-administration/debug/debug-wordpress/">Debugging in WordPress</a> for more information. (This message was added in version 3.9.0.) in /home/lottexylitolcom/public_html/staging.lottexylitol.com.vn/apw/wp-includes/functions.php on line 6121
[17-Dec-2025 04:21:42 UTC] PHP Notice:  ob_end_flush(): Failed to send buffer of zlib output compression (0) in /home/lottexylitolcom/public_html/staging.lottexylitol.com.vn/apw/wp-includes/functions.php on line 5471
[17-Dec-2025 04:21:45 UTC] PHP Notice:  Function wpdb::prepare was called <strong>incorrectly</strong>. The query argument of wpdb::prepare() must have a placeholder. Please see <a href="https://developer.wordpress.org/advanced-administration/debug/debug-wordpress/">Debugging in WordPress</a> for more information. (This message was added in version 3.9.0.) in /home/lottexylitolcom/public_html/staging.lottexylitol.com.vn/apw/wp-includes/functions.php on line 6121
[17-Dec-2025 04:21:45 UTC] PHP Notice:  ob_end_flush(): Failed to send buffer of zlib output compression (0) in /home/lottexylitolcom/public_html/staging.lottexylitol.com.vn/apw/wp-includes/functions.php on line 5471
[17-Dec-2025 04:29:37 UTC] PHP Notice:  ob_end_flush(): Failed to send buffer of zlib output compression (0) in /home/lottexylitolcom/public_html/staging.lottexylitol.com.vn/apw/wp-includes/functions.php on line 5471
[17-Dec-2025 04:29:44 UTC] PHP Notice:  ob_end_flush(): Failed to send buffer of zlib output compression (0) in /home/lottexylitolcom/public_html/staging.lottexylitol.com.vn/apw/wp-includes/functions.php on line 5471
[17-Dec-2025 04:30:03 UTC] PHP Notice:  ob_end_flush(): Failed to send buffer of zlib output compression (0) in /home/lottexylitolcom/public_html/staging.lottexylitol.com.vn/apw/wp-includes/functions.php on line 5471
[17-Dec-2025 04:30:12 UTC] PHP Notice:  ob_end_flush(): Failed to send buffer of zlib output compression (0) in /home/lottexylitolcom/public_html/staging.lottexylitol.com.vn/apw/wp-includes/functions.php on line 5471
[17-Dec-2025 04:30:14 UTC] PHP Notice:  ob_end_flush(): Failed to send buffer of zlib output compression (0) in /home/lottexylitolcom/public_html/staging.lottexylitol.com.vn/apw/wp-includes/functions.php on line 5471
[17-Dec-2025 04:31:09 UTC] PHP Notice:  ob_end_flush(): Failed to send buffer of zlib output compression (0) in /home/lottexylitolcom/public_html/staging.lottexylitol.com.vn/apw/wp-includes/functions.php on line 5471
[17-Dec-2025 04:34:11 UTC] PHP Notice:  ob_end_flush(): Failed to send buffer of zlib output compression (0) in /home/lottexylitolcom/public_html/staging.lottexylitol.com.vn/apw/wp-includes/functions.php on line 5471
[17-Dec-2025 04:34:27 UTC] PHP Notice:  ob_end_flush(): Failed to send buffer of zlib output compression (0) in /home/lottexylitolcom/public_html/staging.lottexylitol.com.vn/apw/wp-includes/functions.php on line 5471
[17-Dec-2025 04:34:57 UTC] PHP Notice:  ob_end_flush(): Failed to send buffer of zlib output compression (0) in /home/lottexylitolcom/public_html/staging.lottexylitol.com.vn/apw/wp-includes/functions.php on line 5471
[17-Dec-2025 04:35:19 UTC] PHP Notice:  ob_end_flush(): Failed to send buffer of zlib output compression (0) in /home/lottexylitolcom/public_html/staging.lottexylitol.com.vn/apw/wp-includes/functions.php on line 5471
[17-Dec-2025 04:35:32 UTC] PHP Notice:  ob_end_flush(): Failed to send buffer of zlib output compression (0) in /home/lottexylitolcom/public_html/staging.lottexylitol.com.vn/apw/wp-includes/functions.php on line 5471
[17-Dec-2025 04:37:26 UTC] PHP Notice:  ob_end_flush(): Failed to send buffer of zlib output compression (0) in /home/lottexylitolcom/public_html/staging.lottexylitol.com.vn/apw/wp-includes/functions.php on line 5471
[17-Dec-2025 04:39:33 UTC] PHP Notice:  ob_end_flush(): Failed to send buffer of zlib output compression (0) in /home/lottexylitolcom/public_html/staging.lottexylitol.com.vn/apw/wp-includes/functions.php on line 5471
[17-Dec-2025 04:41:45 UTC] PHP Notice:  ob_end_flush(): Failed to send buffer of zlib output compression (0) in /home/lottexylitolcom/public_html/staging.lottexylitol.com.vn/apw/wp-includes/functions.php on line 5471
[17-Dec-2025 04:45:27 UTC] PHP Notice:  ob_end_flush(): Failed to send buffer of zlib output compression (0) in /home/lottexylitolcom/public_html/staging.lottexylitol.com.vn/apw/wp-includes/functions.php on line 5471
[17-Dec-2025 06:06:48 UTC] PHP Notice:  ob_end_flush(): Failed to send buffer of zlib output compression (0) in /home/lottexylitolcom/public_html/staging.lottexylitol.com.vn/apw/wp-includes/functions.php on line 5471
[17-Dec-2025 09:26:32 UTC] PHP Notice:  ob_end_flush(): Failed to send buffer of zlib output compression (0) in /home/lottexylitolcom/public_html/staging.lottexylitol.com.vn/apw/wp-includes/functions.php on line 5471
[17-Dec-2025 09:42:32 UTC] PHP Notice:  ob_end_flush(): Failed to send buffer of zlib output compression (0) in /home/lottexylitolcom/public_html/staging.lottexylitol.com.vn/apw/wp-includes/functions.php on line 5471
[17-Dec-2025 09:42:34 UTC] PHP Notice:  ob_end_flush(): Failed to send buffer of zlib output compression (0) in /home/lottexylitolcom/public_html/staging.lottexylitol.com.vn/apw/wp-includes/functions.php on line 5471
[18-Dec-2025 00:48:20 UTC] PHP Notice:  ob_end_flush(): Failed to send buffer of zlib output compression (0) in /home/lottexylitolcom/public_html/staging.lottexylitol.com.vn/apw/wp-includes/functions.php on line 5471
[18-Dec-2025 01:13:31 UTC] PHP Notice:  ob_end_flush(): Failed to send buffer of zlib output compression (0) in /home/lottexylitolcom/public_html/staging.lottexylitol.com.vn/apw/wp-includes/functions.php on line 5471
[18-Dec-2025 01:37:48 UTC] WordPress database error Unknown column 'date_from' in 'WHERE' for query SELECT id FROM `stg_lucky_results` WHERE gift_id != 5 AND DATE_FORMAT(date_from, '%Y-%m-%d') <= '2025-12-18' AND '2025-12-18' <= DATE_FORMAT(date_to, '%Y-%m-%d') 
[18-Dec-2025 01:37:48 UTC] WordPress database error Unknown column 'date_from' in 'WHERE' for query SELECT min(id) FROM `stg_lucky_results` WHERE gift_id != 5 AND DATE_FORMAT(date_from, '%Y-%m-%d') <= '2025-12-18' AND '2025-12-18' <= DATE_FORMAT(date_to, '%Y-%m-%d') 
[18-Dec-2025 02:09:35 UTC] PHP Notice:  ob_end_flush(): Failed to send buffer of zlib output compression (0) in /home/lottexylitolcom/public_html/staging.lottexylitol.com.vn/apw/wp-includes/functions.php on line 5471
[18-Dec-2025 02:09:37 UTC] PHP Notice:  ob_end_flush(): Failed to send buffer of zlib output compression (0) in /home/lottexylitolcom/public_html/staging.lottexylitol.com.vn/apw/wp-includes/functions.php on line 5471
[18-Dec-2025 02:09:41 UTC] PHP Notice:  ob_end_flush(): Failed to send buffer of zlib output compression (0) in /home/lottexylitolcom/public_html/staging.lottexylitol.com.vn/apw/wp-includes/functions.php on line 5471
[18-Dec-2025 02:10:00 UTC] PHP Notice:  ob_end_flush(): Failed to send buffer of zlib output compression (0) in /home/lottexylitolcom/public_html/staging.lottexylitol.com.vn/apw/wp-includes/functions.php on line 5471
[18-Dec-2025 02:10:11 UTC] PHP Notice:  ob_end_flush(): Failed to send buffer of zlib output compression (0) in /home/lottexylitolcom/public_html/staging.lottexylitol.com.vn/apw/wp-includes/functions.php on line 5471
[18-Dec-2025 06:21:33 UTC] PHP Notice:  ob_end_flush(): Failed to send buffer of zlib output compression (0) in /home/lottexylitolcom/public_html/staging.lottexylitol.com.vn/apw/wp-includes/functions.php on line 5471
[18-Dec-2025 06:21:36 UTC] PHP Notice:  ob_end_flush(): Failed to send buffer of zlib output compression (0) in /home/lottexylitolcom/public_html/staging.lottexylitol.com.vn/apw/wp-includes/functions.php on line 5471
[18-Dec-2025 07:37:01 UTC] PHP Notice:  ob_end_flush(): Failed to send buffer of zlib output compression (0) in /home/lottexylitolcom/public_html/staging.lottexylitol.com.vn/apw/wp-includes/functions.php on line 5471
[18-Dec-2025 07:37:53 UTC] PHP Notice:  ob_end_flush(): Failed to send buffer of zlib output compression (0) in /home/lottexylitolcom/public_html/staging.lottexylitol.com.vn/apw/wp-includes/functions.php on line 5471
[18-Dec-2025 07:37:57 UTC] PHP Notice:  ob_end_flush(): Failed to send buffer of zlib output compression (0) in /home/lottexylitolcom/public_html/staging.lottexylitol.com.vn/apw/wp-includes/functions.php on line 5471
[18-Dec-2025 08:05:55 UTC] PHP Notice:  ob_end_flush(): Failed to send buffer of zlib output compression (0) in /home/lottexylitolcom/public_html/staging.lottexylitol.com.vn/apw/wp-includes/functions.php on line 5471
[18-Dec-2025 08:20:48 UTC] PHP Notice:  ob_end_flush(): Failed to send buffer of zlib output compression (0) in /home/lottexylitolcom/public_html/staging.lottexylitol.com.vn/apw/wp-includes/functions.php on line 5471
[18-Dec-2025 08:20:58 UTC] PHP Notice:  ob_end_flush(): Failed to send buffer of zlib output compression (0) in /home/lottexylitolcom/public_html/staging.lottexylitol.com.vn/apw/wp-includes/functions.php on line 5471
[19-Dec-2025 01:03:55 UTC] PHP Notice:  ob_end_flush(): Failed to send buffer of zlib output compression (0) in /home/lottexylitolcom/public_html/staging.lottexylitol.com.vn/apw/wp-includes/functions.php on line 5471
[19-Dec-2025 01:04:07 UTC] PHP Notice:  ob_end_flush(): Failed to send buffer of zlib output compression (0) in /home/lottexylitolcom/public_html/staging.lottexylitol.com.vn/apw/wp-includes/functions.php on line 5471
[19-Dec-2025 01:04:20 UTC] PHP Notice:  ob_end_flush(): Failed to send buffer of zlib output compression (0) in /home/lottexylitolcom/public_html/staging.lottexylitol.com.vn/apw/wp-includes/functions.php on line 5471
[19-Dec-2025 01:05:42 UTC] PHP Notice:  ob_end_flush(): Failed to send buffer of zlib output compression (0) in /home/lottexylitolcom/public_html/staging.lottexylitol.com.vn/apw/wp-includes/functions.php on line 5471
[19-Dec-2025 01:05:46 UTC] PHP Notice:  ob_end_flush(): Failed to send buffer of zlib output compression (0) in /home/lottexylitolcom/public_html/staging.lottexylitol.com.vn/apw/wp-includes/functions.php on line 5471
[19-Dec-2025 01:11:11 UTC] PHP Fatal error:  Cannot redeclare site_api_must_buy_get_setting() (previously declared in /home/lottexylitolcom/public_html/staging.lottexylitol.com.vn/apw/wp-content/themes/site/inc/api/must-buy.php:4) in /home/lottexylitolcom/public_html/staging.lottexylitol.com.vn/apw/wp-content/themes/site/inc/api/must-buy.php on line 4
[19-Dec-2025 01:11:11 UTC] PHP Notice:  Function _load_textdomain_just_in_time được gọi <strong>không chính xác</strong>. Tải bản dịch cho miền <code>site</code> được kích hoạt quá sớm. Đây thường là dấu hiệu cho thấy một số mã trong plugin hoặc chủ đề chạy quá sớm. Bản dịch phải được tải tại hành động <code>init</code> hoặc sau đó. Vui lòng xem <a href="https://developer.wordpress.org/advanced-administration/debug/debug-wordpress/">Hướng dẫn Debug trong WordPress</a> để biết thêm thông tin. (Thông điệp này đã được thêm vào trong phiên bản 6.7.0.) in /home/lottexylitolcom/public_html/staging.lottexylitol.com.vn/apw/wp-includes/functions.php on line 6121
[19-Dec-2025 01:11:11 UTC] PHP Warning:  Trying to access array offset on value of type bool in /home/lottexylitolcom/public_html/staging.lottexylitol.com.vn/apw/wp-includes/class-wp-recovery-mode-email-service.php on line 367
[19-Dec-2025 01:11:11 UTC] PHP Warning:  Trying to access array offset on value of type bool in /home/lottexylitolcom/public_html/staging.lottexylitol.com.vn/apw/wp-includes/class-wp-recovery-mode-email-service.php on line 368
[19-Dec-2025 01:11:11 UTC] PHP Notice:  Function _load_textdomain_just_in_time được gọi <strong>không chính xác</strong>. Tải bản dịch cho miền <code>wp-mail-smtp</code> được kích hoạt quá sớm. Đây thường là dấu hiệu cho thấy một số mã trong plugin hoặc chủ đề chạy quá sớm. Bản dịch phải được tải tại hành động <code>init</code> hoặc sau đó. Vui lòng xem <a href="https://developer.wordpress.org/advanced-administration/debug/debug-wordpress/">Hướng dẫn Debug trong WordPress</a> để biết thêm thông tin. (Thông điệp này đã được thêm vào trong phiên bản 6.7.0.) in /home/lottexylitolcom/public_html/staging.lottexylitol.com.vn/apw/wp-includes/functions.php on line 6121
[19-Dec-2025 01:11:12 UTC] PHP Notice:  Function _load_textdomain_just_in_time was called <strong>incorrectly</strong>. Translation loading for the <code>site</code> domain was triggered too early. This is usually an indicator for some code in the plugin or theme running too early. Translations should be loaded at the <code>init</code> action or later. Please see <a href="https://developer.wordpress.org/advanced-administration/debug/debug-wordpress/">Debugging in WordPress</a> for more information. (This message was added in version 6.7.0.) in /home/lottexylitolcom/public_html/staging.lottexylitol.com.vn/apw/wp-includes/functions.php on line 6121
[19-Dec-2025 01:11:12 UTC] PHP Notice:  Function _load_textdomain_just_in_time was called <strong>incorrectly</strong>. Translation loading for the <code>wp-mail-smtp</code> domain was triggered too early. This is usually an indicator for some code in the plugin or theme running too early. Translations should be loaded at the <code>init</code> action or later. Please see <a href="https://developer.wordpress.org/advanced-administration/debug/debug-wordpress/">Debugging in WordPress</a> for more information. (This message was added in version 6.7.0.) in /home/lottexylitolcom/public_html/staging.lottexylitol.com.vn/apw/wp-includes/functions.php on line 6121
[19-Dec-2025 01:11:25 UTC] PHP Fatal error:  Cannot redeclare site_api_must_buy_get_setting() (previously declared in /home/lottexylitolcom/public_html/staging.lottexylitol.com.vn/apw/wp-content/themes/site/inc/api/must-buy.php:4) in /home/lottexylitolcom/public_html/staging.lottexylitol.com.vn/apw/wp-content/themes/site/inc/api/must-buy.php on line 4
[19-Dec-2025 01:11:53 UTC] PHP Notice:  ob_end_flush(): Failed to send buffer of zlib output compression (0) in /home/lottexylitolcom/public_html/staging.lottexylitol.com.vn/apw/wp-includes/functions.php on line 5471
[19-Dec-2025 01:45:18 UTC] PHP Notice:  ob_end_flush(): Failed to send buffer of zlib output compression (0) in /home/lottexylitolcom/public_html/staging.lottexylitol.com.vn/apw/wp-includes/functions.php on line 5471
[19-Dec-2025 01:45:20 UTC] PHP Notice:  ob_end_flush(): Failed to send buffer of zlib output compression (0) in /home/lottexylitolcom/public_html/staging.lottexylitol.com.vn/apw/wp-includes/functions.php on line 5471
[19-Dec-2025 01:45:27 UTC] PHP Notice:  ob_end_flush(): Failed to send buffer of zlib output compression (0) in /home/lottexylitolcom/public_html/staging.lottexylitol.com.vn/apw/wp-includes/functions.php on line 5471
[19-Dec-2025 01:45:31 UTC] PHP Notice:  ob_end_flush(): Failed to send buffer of zlib output compression (0) in /home/lottexylitolcom/public_html/staging.lottexylitol.com.vn/apw/wp-includes/functions.php on line 5471
[19-Dec-2025 02:14:59 UTC] PHP Notice:  ob_end_flush(): Failed to send buffer of zlib output compression (0) in /home/lottexylitolcom/public_html/staging.lottexylitol.com.vn/apw/wp-includes/functions.php on line 5471
[19-Dec-2025 02:36:25 UTC] PHP Notice:  ob_end_flush(): Failed to send buffer of zlib output compression (0) in /home/lottexylitolcom/public_html/staging.lottexylitol.com.vn/apw/wp-includes/functions.php on line 5471
[19-Dec-2025 02:36:31 UTC] PHP Notice:  ob_end_flush(): Failed to send buffer of zlib output compression (0) in /home/lottexylitolcom/public_html/staging.lottexylitol.com.vn/apw/wp-includes/functions.php on line 5471
[19-Dec-2025 02:36:36 UTC] PHP Notice:  ob_end_flush(): Failed to send buffer of zlib output compression (0) in /home/lottexylitolcom/public_html/staging.lottexylitol.com.vn/apw/wp-includes/functions.php on line 5471
[19-Dec-2025 02:36:39 UTC] PHP Notice:  ob_end_flush(): Failed to send buffer of zlib output compression (0) in /home/lottexylitolcom/public_html/staging.lottexylitol.com.vn/apw/wp-includes/functions.php on line 5471
[19-Dec-2025 02:36:44 UTC] PHP Notice:  ob_end_flush(): Failed to send buffer of zlib output compression (0) in /home/lottexylitolcom/public_html/staging.lottexylitol.com.vn/apw/wp-includes/functions.php on line 5471
[19-Dec-2025 02:36:48 UTC] PHP Notice:  ob_end_flush(): Failed to send buffer of zlib output compression (0) in /home/lottexylitolcom/public_html/staging.lottexylitol.com.vn/apw/wp-includes/functions.php on line 5471
[19-Dec-2025 02:36:51 UTC] PHP Notice:  ob_end_flush(): Failed to send buffer of zlib output compression (0) in /home/lottexylitolcom/public_html/staging.lottexylitol.com.vn/apw/wp-includes/functions.php on line 5471
[19-Dec-2025 02:36:55 UTC] PHP Notice:  ob_end_flush(): Failed to send buffer of zlib output compression (0) in /home/lottexylitolcom/public_html/staging.lottexylitol.com.vn/apw/wp-includes/functions.php on line 5471
[19-Dec-2025 02:36:59 UTC] PHP Notice:  ob_end_flush(): Failed to send buffer of zlib output compression (0) in /home/lottexylitolcom/public_html/staging.lottexylitol.com.vn/apw/wp-includes/functions.php on line 5471
[19-Dec-2025 02:37:01 UTC] PHP Notice:  ob_end_flush(): Failed to send buffer of zlib output compression (0) in /home/lottexylitolcom/public_html/staging.lottexylitol.com.vn/apw/wp-includes/functions.php on line 5471
[19-Dec-2025 02:40:14 UTC] PHP Notice:  ob_end_flush(): Failed to send buffer of zlib output compression (0) in /home/lottexylitolcom/public_html/staging.lottexylitol.com.vn/apw/wp-includes/functions.php on line 5471
[19-Dec-2025 02:40:15 UTC] PHP Notice:  ob_end_flush(): Failed to send buffer of zlib output compression (0) in /home/lottexylitolcom/public_html/staging.lottexylitol.com.vn/apw/wp-includes/functions.php on line 5471
[19-Dec-2025 02:40:17 UTC] PHP Notice:  ob_end_flush(): Failed to send buffer of zlib output compression (0) in /home/lottexylitolcom/public_html/staging.lottexylitol.com.vn/apw/wp-includes/functions.php on line 5471
[19-Dec-2025 02:40:22 UTC] PHP Notice:  ob_end_flush(): Failed to send buffer of zlib output compression (0) in /home/lottexylitolcom/public_html/staging.lottexylitol.com.vn/apw/wp-includes/functions.php on line 5471
[19-Dec-2025 02:40:26 UTC] PHP Notice:  ob_end_flush(): Failed to send buffer of zlib output compression (0) in /home/lottexylitolcom/public_html/staging.lottexylitol.com.vn/apw/wp-includes/functions.php on line 5471
[19-Dec-2025 02:40:34 UTC] PHP Notice:  ob_end_flush(): Failed to send buffer of zlib output compression (0) in /home/lottexylitolcom/public_html/staging.lottexylitol.com.vn/apw/wp-includes/functions.php on line 5471
[19-Dec-2025 03:09:18 UTC] PHP Notice:  ob_end_flush(): Failed to send buffer of zlib output compression (0) in /home/lottexylitolcom/public_html/staging.lottexylitol.com.vn/apw/wp-includes/functions.php on line 5471
[19-Dec-2025 03:41:26 UTC] PHP Notice:  ob_end_flush(): Failed to send buffer of zlib output compression (0) in /home/lottexylitolcom/public_html/staging.lottexylitol.com.vn/apw/wp-includes/functions.php on line 5471
[19-Dec-2025 03:44:17 UTC] PHP Notice:  ob_end_flush(): Failed to send buffer of zlib output compression (0) in /home/lottexylitolcom/public_html/staging.lottexylitol.com.vn/apw/wp-includes/functions.php on line 5471
[19-Dec-2025 07:12:45 UTC] PHP Notice:  ob_end_flush(): Failed to send buffer of zlib output compression (0) in /home/lottexylitolcom/public_html/staging.lottexylitol.com.vn/apw/wp-includes/functions.php on line 5471
[19-Dec-2025 07:45:37 UTC] PHP Notice:  ob_end_flush(): Failed to send buffer of zlib output compression (0) in /home/lottexylitolcom/public_html/staging.lottexylitol.com.vn/apw/wp-includes/functions.php on line 5471
[19-Dec-2025 07:45:40 UTC] PHP Notice:  ob_end_flush(): Failed to send buffer of zlib output compression (0) in /home/lottexylitolcom/public_html/staging.lottexylitol.com.vn/apw/wp-includes/functions.php on line 5471
[19-Dec-2025 07:45:46 UTC] PHP Notice:  ob_end_flush(): Failed to send buffer of zlib output compression (0) in /home/lottexylitolcom/public_html/staging.lottexylitol.com.vn/apw/wp-includes/functions.php on line 5471
[19-Dec-2025 07:46:00 UTC] PHP Notice:  ob_end_flush(): Failed to send buffer of zlib output compression (0) in /home/lottexylitolcom/public_html/staging.lottexylitol.com.vn/apw/wp-includes/functions.php on line 5471
[19-Dec-2025 08:49:05 UTC] PHP Notice:  ob_end_flush(): Failed to send buffer of zlib output compression (0) in /home/lottexylitolcom/public_html/staging.lottexylitol.com.vn/apw/wp-includes/functions.php on line 5471
[19-Dec-2025 08:49:08 UTC] PHP Notice:  ob_end_flush(): Failed to send buffer of zlib output compression (0) in /home/lottexylitolcom/public_html/staging.lottexylitol.com.vn/apw/wp-includes/functions.php on line 5471
[19-Dec-2025 08:49:55 UTC] PHP Notice:  ob_end_flush(): Failed to send buffer of zlib output compression (0) in /home/lottexylitolcom/public_html/staging.lottexylitol.com.vn/apw/wp-includes/functions.php on line 5471
[19-Dec-2025 08:57:33 UTC] PHP Notice:  ob_end_flush(): Failed to send buffer of zlib output compression (0) in /home/lottexylitolcom/public_html/staging.lottexylitol.com.vn/apw/wp-includes/functions.php on line 5471
[19-Dec-2025 09:05:31 UTC] PHP Notice:  ob_end_flush(): Failed to send buffer of zlib output compression (0) in /home/lottexylitolcom/public_html/staging.lottexylitol.com.vn/apw/wp-includes/functions.php on line 5471
[19-Dec-2025 09:05:41 UTC] PHP Notice:  ob_end_flush(): Failed to send buffer of zlib output compression (0) in /home/lottexylitolcom/public_html/staging.lottexylitol.com.vn/apw/wp-includes/functions.php on line 5471
[19-Dec-2025 09:05:51 UTC] PHP Notice:  ob_end_flush(): Failed to send buffer of zlib output compression (0) in /home/lottexylitolcom/public_html/staging.lottexylitol.com.vn/apw/wp-includes/functions.php on line 5471
[19-Dec-2025 09:14:21 UTC] PHP Notice:  ob_end_flush(): Failed to send buffer of zlib output compression (0) in /home/lottexylitolcom/public_html/staging.lottexylitol.com.vn/apw/wp-includes/functions.php on line 5471
[19-Dec-2025 09:20:31 UTC] PHP Notice:  ob_end_flush(): Failed to send buffer of zlib output compression (0) in /home/lottexylitolcom/public_html/staging.lottexylitol.com.vn/apw/wp-includes/functions.php on line 5471
[19-Dec-2025 09:23:50 UTC] PHP Warning:  A non-numeric value encountered in /home/lottexylitolcom/public_html/staging.lottexylitol.com.vn/test/wp-random-list.php on line 136
[19-Dec-2025 09:23:50 UTC] PHP Warning:  A non-numeric value encountered in /home/lottexylitolcom/public_html/staging.lottexylitol.com.vn/test/wp-random-list.php on line 136
[19-Dec-2025 09:23:50 UTC] PHP Warning:  A non-numeric value encountered in /home/lottexylitolcom/public_html/staging.lottexylitol.com.vn/test/wp-random-list.php on line 136
[19-Dec-2025 09:23:50 UTC] PHP Warning:  A non-numeric value encountered in /home/lottexylitolcom/public_html/staging.lottexylitol.com.vn/test/wp-random-list.php on line 136
[19-Dec-2025 09:23:50 UTC] PHP Warning:  A non-numeric value encountered in /home/lottexylitolcom/public_html/staging.lottexylitol.com.vn/test/wp-random-list.php on line 136
[19-Dec-2025 09:23:50 UTC] PHP Warning:  A non-numeric value encountered in /home/lottexylitolcom/public_html/staging.lottexylitol.com.vn/test/wp-random-list.php on line 136
[19-Dec-2025 09:23:50 UTC] PHP Warning:  A non-numeric value encountered in /home/lottexylitolcom/public_html/staging.lottexylitol.com.vn/test/wp-random-list.php on line 136
[19-Dec-2025 09:23:50 UTC] PHP Warning:  A non-numeric value encountered in /home/lottexylitolcom/public_html/staging.lottexylitol.com.vn/test/wp-random-list.php on line 136
[19-Dec-2025 09:23:50 UTC] PHP Warning:  A non-numeric value encountered in /home/lottexylitolcom/public_html/staging.lottexylitol.com.vn/test/wp-random-list.php on line 136
[19-Dec-2025 09:23:50 UTC] PHP Warning:  A non-numeric value encountered in /home/lottexylitolcom/public_html/staging.lottexylitol.com.vn/test/wp-random-list.php on line 136
[19-Dec-2025 09:23:50 UTC] PHP Warning:  A non-numeric value encountered in /home/lottexylitolcom/public_html/staging.lottexylitol.com.vn/test/wp-random-list.php on line 136
[19-Dec-2025 09:23:50 UTC] PHP Warning:  A non-numeric value encountered in /home/lottexylitolcom/public_html/staging.lottexylitol.com.vn/test/wp-random-list.php on line 136
[19-Dec-2025 09:23:50 UTC] PHP Warning:  A non-numeric value encountered in /home/lottexylitolcom/public_html/staging.lottexylitol.com.vn/test/wp-random-list.php on line 136
[19-Dec-2025 09:23:50 UTC] PHP Warning:  A non-numeric value encountered in /home/lottexylitolcom/public_html/staging.lottexylitol.com.vn/test/wp-random-list.php on line 136
[19-Dec-2025 09:23:50 UTC] PHP Warning:  A non-numeric value encountered in /home/lottexylitolcom/public_html/staging.lottexylitol.com.vn/test/wp-random-list.php on line 136
[19-Dec-2025 09:23:50 UTC] PHP Warning:  A non-numeric value encountered in /home/lottexylitolcom/public_html/staging.lottexylitol.com.vn/test/wp-random-list.php on line 136
[19-Dec-2025 09:23:50 UTC] PHP Warning:  A non-numeric value encountered in /home/lottexylitolcom/public_html/staging.lottexylitol.com.vn/test/wp-random-list.php on line 136
[19-Dec-2025 09:23:50 UTC] PHP Warning:  A non-numeric value encountered in /home/lottexylitolcom/public_html/staging.lottexylitol.com.vn/test/wp-random-list.php on line 136
[19-Dec-2025 09:23:50 UTC] PHP Warning:  A non-numeric value encountered in /home/lottexylitolcom/public_html/staging.lottexylitol.com.vn/test/wp-random-list.php on line 136
[19-Dec-2025 09:23:50 UTC] PHP Warning:  A non-numeric value encountered in /home/lottexylitolcom/public_html/staging.lottexylitol.com.vn/test/wp-random-list.php on line 136
[19-Dec-2025 09:23:50 UTC] PHP Warning:  A non-numeric value encountered in /home/lottexylitolcom/public_html/staging.lottexylitol.com.vn/test/wp-random-list.php on line 136
[19-Dec-2025 09:23:50 UTC] PHP Warning:  A non-numeric value encountered in /home/lottexylitolcom/public_html/staging.lottexylitol.com.vn/test/wp-random-list.php on line 136
[19-Dec-2025 09:23:50 UTC] PHP Warning:  A non-numeric value encountered in /home/lottexylitolcom/public_html/staging.lottexylitol.com.vn/test/wp-random-list.php on line 136
[19-Dec-2025 09:23:50 UTC] PHP Warning:  A non-numeric value encountered in /home/lottexylitolcom/public_html/staging.lottexylitol.com.vn/test/wp-random-list.php on line 136
[19-Dec-2025 09:23:50 UTC] PHP Warning:  A non-numeric value encountered in /home/lottexylitolcom/public_html/staging.lottexylitol.com.vn/test/wp-random-list.php on line 136
[19-Dec-2025 09:23:50 UTC] PHP Warning:  A non-numeric value encountered in /home/lottexylitolcom/public_html/staging.lottexylitol.com.vn/test/wp-random-list.php on line 136
[19-Dec-2025 09:23:50 UTC] PHP Warning:  A non-numeric value encountered in /home/lottexylitolcom/public_html/staging.lottexylitol.com.vn/test/wp-random-list.php on line 136
[19-Dec-2025 09:23:50 UTC] PHP Warning:  A non-numeric value encountered in /home/lottexylitolcom/public_html/staging.lottexylitol.com.vn/test/wp-random-list.php on line 136
[19-Dec-2025 09:23:50 UTC] PHP Warning:  A non-numeric value encountered in /home/lottexylitolcom/public_html/staging.lottexylitol.com.vn/test/wp-random-list.php on line 136
[19-Dec-2025 09:23:50 UTC] PHP Warning:  A non-numeric value encountered in /home/lottexylitolcom/public_html/staging.lottexylitol.com.vn/test/wp-random-list.php on line 136
[19-Dec-2025 09:23:50 UTC] PHP Warning:  A non-numeric value encountered in /home/lottexylitolcom/public_html/staging.lottexylitol.com.vn/test/wp-random-list.php on line 136
[19-Dec-2025 09:23:50 UTC] PHP Warning:  A non-numeric value encountered in /home/lottexylitolcom/public_html/staging.lottexylitol.com.vn/test/wp-random-list.php on line 136
[19-Dec-2025 09:23:50 UTC] PHP Warning:  A non-numeric value encountered in /home/lottexylitolcom/public_html/staging.lottexylitol.com.vn/test/wp-random-list.php on line 136
[19-Dec-2025 09:23:50 UTC] PHP Warning:  A non-numeric value encountered in /home/lottexylitolcom/public_html/staging.lottexylitol.com.vn/test/wp-random-list.php on line 136
[19-Dec-2025 09:23:50 UTC] PHP Warning:  A non-numeric value encountered in /home/lottexylitolcom/public_html/staging.lottexylitol.com.vn/test/wp-random-list.php on line 136
[19-Dec-2025 09:23:50 UTC] PHP Warning:  A non-numeric value encountered in /home/lottexylitolcom/public_html/staging.lottexylitol.com.vn/test/wp-random-list.php on line 136
[19-Dec-2025 09:23:50 UTC] PHP Warning:  A non-numeric value encountered in /home/lottexylitolcom/public_html/staging.lottexylitol.com.vn/test/wp-random-list.php on line 136
[19-Dec-2025 09:23:50 UTC] PHP Warning:  A non-numeric value encountered in /home/lottexylitolcom/public_html/staging.lottexylitol.com.vn/test/wp-random-list.php on line 136
[19-Dec-2025 09:23:50 UTC] PHP Warning:  A non-numeric value encountered in /home/lottexylitolcom/public_html/staging.lottexylitol.com.vn/test/wp-random-list.php on line 136
[19-Dec-2025 09:23:50 UTC] PHP Warning:  A non-numeric value encountered in /home/lottexylitolcom/public_html/staging.lottexylitol.com.vn/test/wp-random-list.php on line 136
[19-Dec-2025 09:23:50 UTC] PHP Warning:  A non-numeric value encountered in /home/lottexylitolcom/public_html/staging.lottexylitol.com.vn/test/wp-random-list.php on line 136
[19-Dec-2025 09:23:50 UTC] PHP Warning:  A non-numeric value encountered in /home/lottexylitolcom/public_html/staging.lottexylitol.com.vn/test/wp-random-list.php on line 136
[19-Dec-2025 09:23:50 UTC] PHP Warning:  A non-numeric value encountered in /home/lottexylitolcom/public_html/staging.lottexylitol.com.vn/test/wp-random-list.php on line 136
[19-Dec-2025 09:23:50 UTC] PHP Warning:  A non-numeric value encountered in /home/lottexylitolcom/public_html/staging.lottexylitol.com.vn/test/wp-random-list.php on line 136
[19-Dec-2025 09:23:50 UTC] PHP Warning:  A non-numeric value encountered in /home/lottexylitolcom/public_html/staging.lottexylitol.com.vn/test/wp-random-list.php on line 136
[19-Dec-2025 09:23:50 UTC] PHP Warning:  A non-numeric value encountered in /home/lottexylitolcom/public_html/staging.lottexylitol.com.vn/test/wp-random-list.php on line 136
[19-Dec-2025 09:23:50 UTC] PHP Warning:  A non-numeric value encountered in /home/lottexylitolcom/public_html/staging.lottexylitol.com.vn/test/wp-random-list.php on line 136
[19-Dec-2025 09:23:50 UTC] PHP Warning:  A non-numeric value encountered in /home/lottexylitolcom/public_html/staging.lottexylitol.com.vn/test/wp-random-list.php on line 136
[19-Dec-2025 09:23:50 UTC] PHP Warning:  A non-numeric value encountered in /home/lottexylitolcom/public_html/staging.lottexylitol.com.vn/test/wp-random-list.php on line 136
[19-Dec-2025 09:23:50 UTC] PHP Warning:  A non-numeric value encountered in /home/lottexylitolcom/public_html/staging.lottexylitol.com.vn/test/wp-random-list.php on line 136
[19-Dec-2025 09:23:50 UTC] PHP Warning:  A non-numeric value encountered in /home/lottexylitolcom/public_html/staging.lottexylitol.com.vn/test/wp-random-list.php on line 136
[19-Dec-2025 09:23:50 UTC] PHP Warning:  A non-numeric value encountered in /home/lottexylitolcom/public_html/staging.lottexylitol.com.vn/test/wp-random-list.php on line 136
[19-Dec-2025 09:23:50 UTC] PHP Warning:  A non-numeric value encountered in /home/lottexylitolcom/public_html/staging.lottexylitol.com.vn/test/wp-random-list.php on line 136
[19-Dec-2025 09:23:50 UTC] PHP Warning:  A non-numeric value encountered in /home/lottexylitolcom/public_html/staging.lottexylitol.com.vn/test/wp-random-list.php on line 136
[19-Dec-2025 09:23:50 UTC] PHP Warning:  A non-numeric value encountered in /home/lottexylitolcom/public_html/staging.lottexylitol.com.vn/test/wp-random-list.php on line 136
[19-Dec-2025 09:23:50 UTC] PHP Warning:  A non-numeric value encountered in /home/lottexylitolcom/public_html/staging.lottexylitol.com.vn/test/wp-random-list.php on line 136
[19-Dec-2025 09:23:50 UTC] PHP Warning:  A non-numeric value encountered in /home/lottexylitolcom/public_html/staging.lottexylitol.com.vn/test/wp-random-list.php on line 136
[19-Dec-2025 09:23:50 UTC] PHP Warning:  A non-numeric value encountered in /home/lottexylitolcom/public_html/staging.lottexylitol.com.vn/test/wp-random-list.php on line 136
[19-Dec-2025 09:23:50 UTC] PHP Warning:  A non-numeric value encountered in /home/lottexylitolcom/public_html/staging.lottexylitol.com.vn/test/wp-random-list.php on line 136
[19-Dec-2025 09:23:50 UTC] PHP Warning:  A non-numeric value encountered in /home/lottexylitolcom/public_html/staging.lottexylitol.com.vn/test/wp-random-list.php on line 136
[19-Dec-2025 09:23:50 UTC] PHP Warning:  A non-numeric value encountered in /home/lottexylitolcom/public_html/staging.lottexylitol.com.vn/test/wp-random-list.php on line 136
[19-Dec-2025 09:23:50 UTC] PHP Warning:  A non-numeric value encountered in /home/lottexylitolcom/public_html/staging.lottexylitol.com.vn/test/wp-random-list.php on line 136
[19-Dec-2025 09:23:50 UTC] PHP Warning:  A non-numeric value encountered in /home/lottexylitolcom/public_html/staging.lottexylitol.com.vn/test/wp-random-list.php on line 136
[19-Dec-2025 09:23:50 UTC] PHP Warning:  A non-numeric value encountered in /home/lottexylitolcom/public_html/staging.lottexylitol.com.vn/test/wp-random-list.php on line 136
[19-Dec-2025 09:23:50 UTC] PHP Warning:  A non-numeric value encountered in /home/lottexylitolcom/public_html/staging.lottexylitol.com.vn/test/wp-random-list.php on line 136
[19-Dec-2025 09:23:50 UTC] PHP Warning:  A non-numeric value encountered in /home/lottexylitolcom/public_html/staging.lottexylitol.com.vn/test/wp-random-list.php on line 136
[19-Dec-2025 09:23:50 UTC] PHP Warning:  A non-numeric value encountered in /home/lottexylitolcom/public_html/staging.lottexylitol.com.vn/test/wp-random-list.php on line 136
[19-Dec-2025 09:23:50 UTC] PHP Warning:  A non-numeric value encountered in /home/lottexylitolcom/public_html/staging.lottexylitol.com.vn/test/wp-random-list.php on line 136
[19-Dec-2025 09:23:50 UTC] PHP Warning:  A non-numeric value encountered in /home/lottexylitolcom/public_html/staging.lottexylitol.com.vn/test/wp-random-list.php on line 136
[19-Dec-2025 09:23:50 UTC] PHP Warning:  A non-numeric value encountered in /home/lottexylitolcom/public_html/staging.lottexylitol.com.vn/test/wp-random-list.php on line 136
[19-Dec-2025 09:23:50 UTC] PHP Warning:  A non-numeric value encountered in /home/lottexylitolcom/public_html/staging.lottexylitol.com.vn/test/wp-random-list.php on line 136
[19-Dec-2025 09:23:50 UTC] PHP Warning:  A non-numeric value encountered in /home/lottexylitolcom/public_html/staging.lottexylitol.com.vn/test/wp-random-list.php on line 136
[19-Dec-2025 09:23:50 UTC] PHP Warning:  A non-numeric value encountered in /home/lottexylitolcom/public_html/staging.lottexylitol.com.vn/test/wp-random-list.php on line 136
[19-Dec-2025 09:23:50 UTC] PHP Warning:  A non-numeric value encountered in /home/lottexylitolcom/public_html/staging.lottexylitol.com.vn/test/wp-random-list.php on line 136
[19-Dec-2025 09:23:50 UTC] PHP Warning:  A non-numeric value encountered in /home/lottexylitolcom/public_html/staging.lottexylitol.com.vn/test/wp-random-list.php on line 136
[19-Dec-2025 09:23:50 UTC] PHP Warning:  A non-numeric value encountered in /home/lottexylitolcom/public_html/staging.lottexylitol.com.vn/test/wp-random-list.php on line 136
[19-Dec-2025 09:23:50 UTC] PHP Warning:  A non-numeric value encountered in /home/lottexylitolcom/public_html/staging.lottexylitol.com.vn/test/wp-random-list.php on line 136
[19-Dec-2025 09:23:50 UTC] PHP Warning:  A non-numeric value encountered in /home/lottexylitolcom/public_html/staging.lottexylitol.com.vn/test/wp-random-list.php on line 136
[19-Dec-2025 09:23:50 UTC] PHP Warning:  A non-numeric value encountered in /home/lottexylitolcom/public_html/staging.lottexylitol.com.vn/test/wp-random-list.php on line 136
[19-Dec-2025 09:23:50 UTC] PHP Warning:  A non-numeric value encountered in /home/lottexylitolcom/public_html/staging.lottexylitol.com.vn/test/wp-random-list.php on line 136
[19-Dec-2025 09:23:50 UTC] PHP Warning:  A non-numeric value encountered in /home/lottexylitolcom/public_html/staging.lottexylitol.com.vn/test/wp-random-list.php on line 136
[19-Dec-2025 09:23:50 UTC] PHP Warning:  A non-numeric value encountered in /home/lottexylitolcom/public_html/staging.lottexylitol.com.vn/test/wp-random-list.php on line 136
[19-Dec-2025 09:23:50 UTC] PHP Warning:  A non-numeric value encountered in /home/lottexylitolcom/public_html/staging.lottexylitol.com.vn/test/wp-random-list.php on line 136
[19-Dec-2025 09:23:50 UTC] PHP Warning:  A non-numeric value encountered in /home/lottexylitolcom/public_html/staging.lottexylitol.com.vn/test/wp-random-list.php on line 136
[19-Dec-2025 09:23:50 UTC] PHP Warning:  A non-numeric value encountered in /home/lottexylitolcom/public_html/staging.lottexylitol.com.vn/test/wp-random-list.php on line 136
[19-Dec-2025 09:23:50 UTC] PHP Warning:  A non-numeric value encountered in /home/lottexylitolcom/public_html/staging.lottexylitol.com.vn/test/wp-random-list.php on line 136
[19-Dec-2025 09:23:50 UTC] PHP Warning:  A non-numeric value encountered in /home/lottexylitolcom/public_html/staging.lottexylitol.com.vn/test/wp-random-list.php on line 136
[19-Dec-2025 09:23:50 UTC] PHP Warning:  A non-numeric value encountered in /home/lottexylitolcom/public_html/staging.lottexylitol.com.vn/test/wp-random-list.php on line 136
[19-Dec-2025 09:23:50 UTC] PHP Warning:  A non-numeric value encountered in /home/lottexylitolcom/public_html/staging.lottexylitol.com.vn/test/wp-random-list.php on line 136
[19-Dec-2025 09:23:50 UTC] PHP Warning:  A non-numeric value encountered in /home/lottexylitolcom/public_html/staging.lottexylitol.com.vn/test/wp-random-list.php on line 136
[19-Dec-2025 09:23:50 UTC] PHP Warning:  A non-numeric value encountered in /home/lottexylitolcom/public_html/staging.lottexylitol.com.vn/test/wp-random-list.php on line 136
[19-Dec-2025 09:23:50 UTC] PHP Warning:  A non-numeric value encountered in /home/lottexylitolcom/public_html/staging.lottexylitol.com.vn/test/wp-random-list.php on line 136
[19-Dec-2025 09:23:50 UTC] PHP Warning:  A non-numeric value encountered in /home/lottexylitolcom/public_html/staging.lottexylitol.com.vn/test/wp-random-list.php on line 136
[19-Dec-2025 09:23:50 UTC] PHP Warning:  A non-numeric value encountered in /home/lottexylitolcom/public_html/staging.lottexylitol.com.vn/test/wp-random-list.php on line 136
[19-Dec-2025 09:23:50 UTC] PHP Warning:  A non-numeric value encountered in /home/lottexylitolcom/public_html/staging.lottexylitol.com.vn/test/wp-random-list.php on line 136
[19-Dec-2025 09:23:50 UTC] PHP Warning:  A non-numeric value encountered in /home/lottexylitolcom/public_html/staging.lottexylitol.com.vn/test/wp-random-list.php on line 136
[19-Dec-2025 09:23:50 UTC] PHP Warning:  A non-numeric value encountered in /home/lottexylitolcom/public_html/staging.lottexylitol.com.vn/test/wp-random-list.php on line 136
[19-Dec-2025 09:23:50 UTC] PHP Warning:  A non-numeric value encountered in /home/lottexylitolcom/public_html/staging.lottexylitol.com.vn/test/wp-random-list.php on line 136
[19-Dec-2025 09:23:50 UTC] PHP Warning:  A non-numeric value encountered in /home/lottexylitolcom/public_html/staging.lottexylitol.com.vn/test/wp-random-list.php on line 136
[19-Dec-2025 09:23:50 UTC] PHP Warning:  A non-numeric value encountered in /home/lottexylitolcom/public_html/staging.lottexylitol.com.vn/test/wp-random-list.php on line 136
[19-Dec-2025 09:23:50 UTC] PHP Warning:  A non-numeric value encountered in /home/lottexylitolcom/public_html/staging.lottexylitol.com.vn/test/wp-random-list.php on line 136
[19-Dec-2025 09:23:50 UTC] PHP Warning:  A non-numeric value encountered in /home/lottexylitolcom/public_html/staging.lottexylitol.com.vn/test/wp-random-list.php on line 136
[19-Dec-2025 09:23:50 UTC] PHP Warning:  A non-numeric value encountered in /home/lottexylitolcom/public_html/staging.lottexylitol.com.vn/test/wp-random-list.php on line 136
[19-Dec-2025 09:23:50 UTC] PHP Warning:  A non-numeric value encountered in /home/lottexylitolcom/public_html/staging.lottexylitol.com.vn/test/wp-random-list.php on line 136
[19-Dec-2025 09:23:50 UTC] PHP Warning:  A non-numeric value encountered in /home/lottexylitolcom/public_html/staging.lottexylitol.com.vn/test/wp-random-list.php on line 136
[19-Dec-2025 09:23:50 UTC] PHP Warning:  A non-numeric value encountered in /home/lottexylitolcom/public_html/staging.lottexylitol.com.vn/test/wp-random-list.php on line 136
[19-Dec-2025 09:23:50 UTC] PHP Warning:  A non-numeric value encountered in /home/lottexylitolcom/public_html/staging.lottexylitol.com.vn/test/wp-random-list.php on line 136
[19-Dec-2025 09:23:50 UTC] PHP Warning:  A non-numeric value encountered in /home/lottexylitolcom/public_html/staging.lottexylitol.com.vn/test/wp-random-list.php on line 136
[19-Dec-2025 09:23:50 UTC] PHP Warning:  A non-numeric value encountered in /home/lottexylitolcom/public_html/staging.lottexylitol.com.vn/test/wp-random-list.php on line 136
[19-Dec-2025 09:23:50 UTC] PHP Warning:  A non-numeric value encountered in /home/lottexylitolcom/public_html/staging.lottexylitol.com.vn/test/wp-random-list.php on line 136
[19-Dec-2025 09:23:50 UTC] PHP Warning:  A non-numeric value encountered in /home/lottexylitolcom/public_html/staging.lottexylitol.com.vn/test/wp-random-list.php on line 136
[19-Dec-2025 09:23:50 UTC] PHP Warning:  A non-numeric value encountered in /home/lottexylitolcom/public_html/staging.lottexylitol.com.vn/test/wp-random-list.php on line 136
[19-Dec-2025 09:23:50 UTC] PHP Warning:  A non-numeric value encountered in /home/lottexylitolcom/public_html/staging.lottexylitol.com.vn/test/wp-random-list.php on line 136
[19-Dec-2025 09:23:50 UTC] PHP Warning:  A non-numeric value encountered in /home/lottexylitolcom/public_html/staging.lottexylitol.com.vn/test/wp-random-list.php on line 136
[19-Dec-2025 09:23:50 UTC] PHP Warning:  A non-numeric value encountered in /home/lottexylitolcom/public_html/staging.lottexylitol.com.vn/test/wp-random-list.php on line 136
[19-Dec-2025 09:23:50 UTC] PHP Warning:  A non-numeric value encountered in /home/lottexylitolcom/public_html/staging.lottexylitol.com.vn/test/wp-random-list.php on line 136
[19-Dec-2025 09:23:50 UTC] PHP Warning:  A non-numeric value encountered in /home/lottexylitolcom/public_html/staging.lottexylitol.com.vn/test/wp-random-list.php on line 136
[19-Dec-2025 09:23:50 UTC] PHP Warning:  A non-numeric value encountered in /home/lottexylitolcom/public_html/staging.lottexylitol.com.vn/test/wp-random-list.php on line 136
[19-Dec-2025 09:23:50 UTC] PHP Warning:  A non-numeric value encountered in /home/lottexylitolcom/public_html/staging.lottexylitol.com.vn/test/wp-random-list.php on line 136
[19-Dec-2025 09:23:50 UTC] PHP Warning:  A non-numeric value encountered in /home/lottexylitolcom/public_html/staging.lottexylitol.com.vn/test/wp-random-list.php on line 136
[19-Dec-2025 09:23:50 UTC] PHP Warning:  A non-numeric value encountered in /home/lottexylitolcom/public_html/staging.lottexylitol.com.vn/test/wp-random-list.php on line 136
[19-Dec-2025 09:23:50 UTC] PHP Warning:  A non-numeric value encountered in /home/lottexylitolcom/public_html/staging.lottexylitol.com.vn/test/wp-random-list.php on line 136
[19-Dec-2025 09:23:50 UTC] PHP Warning:  A non-numeric value encountered in /home/lottexylitolcom/public_html/staging.lottexylitol.com.vn/test/wp-random-list.php on line 136
[19-Dec-2025 09:23:50 UTC] PHP Warning:  A non-numeric value encountered in /home/lottexylitolcom/public_html/staging.lottexylitol.com.vn/test/wp-random-list.php on line 136
[19-Dec-2025 09:23:50 UTC] PHP Warning:  A non-numeric value encountered in /home/lottexylitolcom/public_html/staging.lottexylitol.com.vn/test/wp-random-list.php on line 136
[19-Dec-2025 09:23:50 UTC] PHP Warning:  A non-numeric value encountered in /home/lottexylitolcom/public_html/staging.lottexylitol.com.vn/test/wp-random-list.php on line 136
[19-Dec-2025 09:23:50 UTC] PHP Warning:  A non-numeric value encountered in /home/lottexylitolcom/public_html/staging.lottexylitol.com.vn/test/wp-random-list.php on line 136
[19-Dec-2025 09:23:50 UTC] PHP Warning:  A non-numeric value encountered in /home/lottexylitolcom/public_html/staging.lottexylitol.com.vn/test/wp-random-list.php on line 136
[19-Dec-2025 09:23:50 UTC] PHP Warning:  A non-numeric value encountered in /home/lottexylitolcom/public_html/staging.lottexylitol.com.vn/test/wp-random-list.php on line 136
[19-Dec-2025 09:23:50 UTC] PHP Warning:  A non-numeric value encountered in /home/lottexylitolcom/public_html/staging.lottexylitol.com.vn/test/wp-random-list.php on line 136
[19-Dec-2025 09:23:50 UTC] PHP Warning:  A non-numeric value encountered in /home/lottexylitolcom/public_html/staging.lottexylitol.com.vn/test/wp-random-list.php on line 136
[19-Dec-2025 09:23:50 UTC] PHP Warning:  A non-numeric value encountered in /home/lottexylitolcom/public_html/staging.lottexylitol.com.vn/test/wp-random-list.php on line 136
[19-Dec-2025 09:23:50 UTC] PHP Warning:  A non-numeric value encountered in /home/lottexylitolcom/public_html/staging.lottexylitol.com.vn/test/wp-random-list.php on line 136
[19-Dec-2025 09:23:50 UTC] PHP Warning:  A non-numeric value encountered in /home/lottexylitolcom/public_html/staging.lottexylitol.com.vn/test/wp-random-list.php on line 136
[19-Dec-2025 09:23:50 UTC] PHP Warning:  A non-numeric value encountered in /home/lottexylitolcom/public_html/staging.lottexylitol.com.vn/test/wp-random-list.php on line 136
[19-Dec-2025 09:23:50 UTC] PHP Warning:  A non-numeric value encountered in /home/lottexylitolcom/public_html/staging.lottexylitol.com.vn/test/wp-random-list.php on line 136
[19-Dec-2025 09:23:50 UTC] PHP Warning:  A non-numeric value encountered in /home/lottexylitolcom/public_html/staging.lottexylitol.com.vn/test/wp-random-list.php on line 136
[19-Dec-2025 09:23:50 UTC] PHP Warning:  A non-numeric value encountered in /home/lottexylitolcom/public_html/staging.lottexylitol.com.vn/test/wp-random-list.php on line 136
[19-Dec-2025 09:23:50 UTC] PHP Warning:  A non-numeric value encountered in /home/lottexylitolcom/public_html/staging.lottexylitol.com.vn/test/wp-random-list.php on line 136
[19-Dec-2025 09:23:50 UTC] PHP Warning:  A non-numeric value encountered in /home/lottexylitolcom/public_html/staging.lottexylitol.com.vn/test/wp-random-list.php on line 136
[19-Dec-2025 09:23:50 UTC] PHP Warning:  A non-numeric value encountered in /home/lottexylitolcom/public_html/staging.lottexylitol.com.vn/test/wp-random-list.php on line 136
[19-Dec-2025 09:23:50 UTC] PHP Warning:  A non-numeric value encountered in /home/lottexylitolcom/public_html/staging.lottexylitol.com.vn/test/wp-random-list.php on line 136
[19-Dec-2025 09:23:50 UTC] PHP Warning:  A non-numeric value encountered in /home/lottexylitolcom/public_html/staging.lottexylitol.com.vn/test/wp-random-list.php on line 136
[19-Dec-2025 09:23:50 UTC] PHP Warning:  A non-numeric value encountered in /home/lottexylitolcom/public_html/staging.lottexylitol.com.vn/test/wp-random-list.php on line 136
[19-Dec-2025 09:23:50 UTC] PHP Warning:  A non-numeric value encountered in /home/lottexylitolcom/public_html/staging.lottexylitol.com.vn/test/wp-random-list.php on line 136
[19-Dec-2025 09:23:50 UTC] PHP Warning:  A non-numeric value encountered in /home/lottexylitolcom/public_html/staging.lottexylitol.com.vn/test/wp-random-list.php on line 136
[19-Dec-2025 09:23:50 UTC] PHP Warning:  A non-numeric value encountered in /home/lottexylitolcom/public_html/staging.lottexylitol.com.vn/test/wp-random-list.php on line 136
[19-Dec-2025 09:23:50 UTC] PHP Warning:  A non-numeric value encountered in /home/lottexylitolcom/public_html/staging.lottexylitol.com.vn/test/wp-random-list.php on line 136
[19-Dec-2025 09:23:50 UTC] PHP Warning:  A non-numeric value encountered in /home/lottexylitolcom/public_html/staging.lottexylitol.com.vn/test/wp-random-list.php on line 136
[19-Dec-2025 09:23:50 UTC] PHP Warning:  A non-numeric value encountered in /home/lottexylitolcom/public_html/staging.lottexylitol.com.vn/test/wp-random-list.php on line 136
[19-Dec-2025 09:23:50 UTC] PHP Warning:  A non-numeric value encountered in /home/lottexylitolcom/public_html/staging.lottexylitol.com.vn/test/wp-random-list.php on line 136
[19-Dec-2025 09:23:50 UTC] PHP Warning:  A non-numeric value encountered in /home/lottexylitolcom/public_html/staging.lottexylitol.com.vn/test/wp-random-list.php on line 136
[19-Dec-2025 09:23:50 UTC] PHP Warning:  A non-numeric value encountered in /home/lottexylitolcom/public_html/staging.lottexylitol.com.vn/test/wp-random-list.php on line 136
[19-Dec-2025 09:23:50 UTC] PHP Warning:  A non-numeric value encountered in /home/lottexylitolcom/public_html/staging.lottexylitol.com.vn/test/wp-random-list.php on line 136
[19-Dec-2025 09:23:50 UTC] PHP Warning:  A non-numeric value encountered in /home/lottexylitolcom/public_html/staging.lottexylitol.com.vn/test/wp-random-list.php on line 136
[19-Dec-2025 09:23:50 UTC] PHP Warning:  A non-numeric value encountered in /home/lottexylitolcom/public_html/staging.lottexylitol.com.vn/test/wp-random-list.php on line 136
[19-Dec-2025 09:23:50 UTC] PHP Warning:  A non-numeric value encountered in /home/lottexylitolcom/public_html/staging.lottexylitol.com.vn/test/wp-random-list.php on line 136
[19-Dec-2025 09:23:50 UTC] PHP Warning:  A non-numeric value encountered in /home/lottexylitolcom/public_html/staging.lottexylitol.com.vn/test/wp-random-list.php on line 136
[19-Dec-2025 09:23:50 UTC] PHP Warning:  A non-numeric value encountered in /home/lottexylitolcom/public_html/staging.lottexylitol.com.vn/test/wp-random-list.php on line 136
[19-Dec-2025 09:23:50 UTC] PHP Warning:  A non-numeric value encountered in /home/lottexylitolcom/public_html/staging.lottexylitol.com.vn/test/wp-random-list.php on line 136
[19-Dec-2025 09:23:50 UTC] PHP Warning:  A non-numeric value encountered in /home/lottexylitolcom/public_html/staging.lottexylitol.com.vn/test/wp-random-list.php on line 136
[19-Dec-2025 09:23:50 UTC] PHP Warning:  A non-numeric value encountered in /home/lottexylitolcom/public_html/staging.lottexylitol.com.vn/test/wp-random-list.php on line 136
[19-Dec-2025 09:23:50 UTC] PHP Warning:  A non-numeric value encountered in /home/lottexylitolcom/public_html/staging.lottexylitol.com.vn/test/wp-random-list.php on line 136
[19-Dec-2025 09:23:50 UTC] PHP Warning:  A non-numeric value encountered in /home/lottexylitolcom/public_html/staging.lottexylitol.com.vn/test/wp-random-list.php on line 136
[19-Dec-2025 09:23:50 UTC] PHP Warning:  A non-numeric value encountered in /home/lottexylitolcom/public_html/staging.lottexylitol.com.vn/test/wp-random-list.php on line 136
[19-Dec-2025 09:23:50 UTC] PHP Warning:  A non-numeric value encountered in /home/lottexylitolcom/public_html/staging.lottexylitol.com.vn/test/wp-random-list.php on line 136
[19-Dec-2025 09:23:50 UTC] PHP Warning:  A non-numeric value encountered in /home/lottexylitolcom/public_html/staging.lottexylitol.com.vn/test/wp-random-list.php on line 136
[19-Dec-2025 09:23:50 UTC] PHP Warning:  A non-numeric value encountered in /home/lottexylitolcom/public_html/staging.lottexylitol.com.vn/test/wp-random-list.php on line 136
[19-Dec-2025 09:23:50 UTC] PHP Warning:  A non-numeric value encountered in /home/lottexylitolcom/public_html/staging.lottexylitol.com.vn/test/wp-random-list.php on line 136
[19-Dec-2025 09:23:50 UTC] PHP Warning:  A non-numeric value encountered in /home/lottexylitolcom/public_html/staging.lottexylitol.com.vn/test/wp-random-list.php on line 136
[19-Dec-2025 09:23:50 UTC] PHP Warning:  A non-numeric value encountered in /home/lottexylitolcom/public_html/staging.lottexylitol.com.vn/test/wp-random-list.php on line 136
[19-Dec-2025 09:23:50 UTC] PHP Warning:  A non-numeric value encountered in /home/lottexylitolcom/public_html/staging.lottexylitol.com.vn/test/wp-random-list.php on line 136
[19-Dec-2025 09:23:50 UTC] PHP Warning:  A non-numeric value encountered in /home/lottexylitolcom/public_html/staging.lottexylitol.com.vn/test/wp-random-list.php on line 136
[19-Dec-2025 09:23:50 UTC] PHP Warning:  A non-numeric value encountered in /home/lottexylitolcom/public_html/staging.lottexylitol.com.vn/test/wp-random-list.php on line 136
[19-Dec-2025 09:23:50 UTC] PHP Warning:  A non-numeric value encountered in /home/lottexylitolcom/public_html/staging.lottexylitol.com.vn/test/wp-random-list.php on line 136
[19-Dec-2025 09:23:50 UTC] PHP Warning:  A non-numeric value encountered in /home/lottexylitolcom/public_html/staging.lottexylitol.com.vn/test/wp-random-list.php on line 136
[19-Dec-2025 09:23:50 UTC] PHP Warning:  A non-numeric value encountered in /home/lottexylitolcom/public_html/staging.lottexylitol.com.vn/test/wp-random-list.php on line 136
[19-Dec-2025 09:23:50 UTC] PHP Warning:  A non-numeric value encountered in /home/lottexylitolcom/public_html/staging.lottexylitol.com.vn/test/wp-random-list.php on line 136
[19-Dec-2025 09:23:50 UTC] PHP Warning:  A non-numeric value encountered in /home/lottexylitolcom/public_html/staging.lottexylitol.com.vn/test/wp-random-list.php on line 136
[19-Dec-2025 09:23:50 UTC] PHP Warning:  A non-numeric value encountered in /home/lottexylitolcom/public_html/staging.lottexylitol.com.vn/test/wp-random-list.php on line 136
[19-Dec-2025 09:23:50 UTC] PHP Warning:  A non-numeric value encountered in /home/lottexylitolcom/public_html/staging.lottexylitol.com.vn/test/wp-random-list.php on line 136
[19-Dec-2025 09:23:50 UTC] PHP Warning:  A non-numeric value encountered in /home/lottexylitolcom/public_html/staging.lottexylitol.com.vn/test/wp-random-list.php on line 136
[19-Dec-2025 09:23:50 UTC] PHP Warning:  A non-numeric value encountered in /home/lottexylitolcom/public_html/staging.lottexylitol.com.vn/test/wp-random-list.php on line 136
[19-Dec-2025 09:23:50 UTC] PHP Warning:  A non-numeric value encountered in /home/lottexylitolcom/public_html/staging.lottexylitol.com.vn/test/wp-random-list.php on line 136
[19-Dec-2025 09:23:50 UTC] PHP Warning:  A non-numeric value encountered in /home/lottexylitolcom/public_html/staging.lottexylitol.com.vn/test/wp-random-list.php on line 136
[19-Dec-2025 09:23:50 UTC] PHP Warning:  A non-numeric value encountered in /home/lottexylitolcom/public_html/staging.lottexylitol.com.vn/test/wp-random-list.php on line 136
[19-Dec-2025 09:23:50 UTC] PHP Warning:  A non-numeric value encountered in /home/lottexylitolcom/public_html/staging.lottexylitol.com.vn/test/wp-random-list.php on line 136
[19-Dec-2025 09:23:50 UTC] PHP Warning:  A non-numeric value encountered in /home/lottexylitolcom/public_html/staging.lottexylitol.com.vn/test/wp-random-list.php on line 136
[19-Dec-2025 09:23:50 UTC] PHP Warning:  A non-numeric value encountered in /home/lottexylitolcom/public_html/staging.lottexylitol.com.vn/test/wp-random-list.php on line 136
[19-Dec-2025 09:23:50 UTC] PHP Warning:  A non-numeric value encountered in /home/lottexylitolcom/public_html/staging.lottexylitol.com.vn/test/wp-random-list.php on line 136
[19-Dec-2025 09:23:50 UTC] PHP Warning:  A non-numeric value encountered in /home/lottexylitolcom/public_html/staging.lottexylitol.com.vn/test/wp-random-list.php on line 136
[19-Dec-2025 09:23:50 UTC] PHP Warning:  A non-numeric value encountered in /home/lottexylitolcom/public_html/staging.lottexylitol.com.vn/test/wp-random-list.php on line 136
[19-Dec-2025 09:23:50 UTC] PHP Warning:  A non-numeric value encountered in /home/lottexylitolcom/public_html/staging.lottexylitol.com.vn/test/wp-random-list.php on line 136
[19-Dec-2025 09:23:50 UTC] PHP Warning:  A non-numeric value encountered in /home/lottexylitolcom/public_html/staging.lottexylitol.com.vn/test/wp-random-list.php on line 136
[19-Dec-2025 09:23:50 UTC] PHP Warning:  A non-numeric value encountered in /home/lottexylitolcom/public_html/staging.lottexylitol.com.vn/test/wp-random-list.php on line 136
[19-Dec-2025 09:23:50 UTC] PHP Warning:  A non-numeric value encountered in /home/lottexylitolcom/public_html/staging.lottexylitol.com.vn/test/wp-random-list.php on line 136
[19-Dec-2025 09:23:50 UTC] PHP Warning:  A non-numeric value encountered in /home/lottexylitolcom/public_html/staging.lottexylitol.com.vn/test/wp-random-list.php on line 136
[19-Dec-2025 09:23:50 UTC] PHP Warning:  A non-numeric value encountered in /home/lottexylitolcom/public_html/staging.lottexylitol.com.vn/test/wp-random-list.php on line 136
[19-Dec-2025 09:23:50 UTC] PHP Warning:  A non-numeric value encountered in /home/lottexylitolcom/public_html/staging.lottexylitol.com.vn/test/wp-random-list.php on line 136
[19-Dec-2025 09:23:50 UTC] PHP Warning:  A non-numeric value encountered in /home/lottexylitolcom/public_html/staging.lottexylitol.com.vn/test/wp-random-list.php on line 136
[19-Dec-2025 09:23:50 UTC] PHP Warning:  A non-numeric value encountered in /home/lottexylitolcom/public_html/staging.lottexylitol.com.vn/test/wp-random-list.php on line 136
[19-Dec-2025 09:23:50 UTC] PHP Warning:  A non-numeric value encountered in /home/lottexylitolcom/public_html/staging.lottexylitol.com.vn/test/wp-random-list.php on line 136
[19-Dec-2025 09:23:50 UTC] PHP Warning:  A non-numeric value encountered in /home/lottexylitolcom/public_html/staging.lottexylitol.com.vn/test/wp-random-list.php on line 136
[19-Dec-2025 09:23:50 UTC] PHP Warning:  A non-numeric value encountered in /home/lottexylitolcom/public_html/staging.lottexylitol.com.vn/test/wp-random-list.php on line 136
[19-Dec-2025 09:23:50 UTC] PHP Warning:  A non-numeric value encountered in /home/lottexylitolcom/public_html/staging.lottexylitol.com.vn/test/wp-random-list.php on line 136
[19-Dec-2025 09:23:50 UTC] PHP Warning:  A non-numeric value encountered in /home/lottexylitolcom/public_html/staging.lottexylitol.com.vn/test/wp-random-list.php on line 136
[19-Dec-2025 09:23:50 UTC] PHP Warning:  A non-numeric value encountered in /home/lottexylitolcom/public_html/staging.lottexylitol.com.vn/test/wp-random-list.php on line 136
[19-Dec-2025 09:23:50 UTC] PHP Warning:  A non-numeric value encountered in /home/lottexylitolcom/public_html/staging.lottexylitol.com.vn/test/wp-random-list.php on line 136
[19-Dec-2025 09:23:50 UTC] PHP Warning:  A non-numeric value encountered in /home/lottexylitolcom/public_html/staging.lottexylitol.com.vn/test/wp-random-list.php on line 136
[19-Dec-2025 09:23:50 UTC] PHP Warning:  A non-numeric value encountered in /home/lottexylitolcom/public_html/staging.lottexylitol.com.vn/test/wp-random-list.php on line 136
[19-Dec-2025 09:23:50 UTC] PHP Warning:  A non-numeric value encountered in /home/lottexylitolcom/public_html/staging.lottexylitol.com.vn/test/wp-random-list.php on line 136
[19-Dec-2025 09:23:50 UTC] PHP Warning:  A non-numeric value encountered in /home/lottexylitolcom/public_html/staging.lottexylitol.com.vn/test/wp-random-list.php on line 136
[19-Dec-2025 09:23:50 UTC] PHP Warning:  A non-numeric value encountered in /home/lottexylitolcom/public_html/staging.lottexylitol.com.vn/test/wp-random-list.php on line 136
[19-Dec-2025 09:23:50 UTC] PHP Warning:  A non-numeric value encountered in /home/lottexylitolcom/public_html/staging.lottexylitol.com.vn/test/wp-random-list.php on line 136
[19-Dec-2025 09:23:50 UTC] PHP Warning:  A non-numeric value encountered in /home/lottexylitolcom/public_html/staging.lottexylitol.com.vn/test/wp-random-list.php on line 136
[19-Dec-2025 09:23:50 UTC] PHP Warning:  A non-numeric value encountered in /home/lottexylitolcom/public_html/staging.lottexylitol.com.vn/test/wp-random-list.php on line 136
[19-Dec-2025 09:23:50 UTC] PHP Warning:  A non-numeric value encountered in /home/lottexylitolcom/public_html/staging.lottexylitol.com.vn/test/wp-random-list.php on line 136
[19-Dec-2025 09:23:50 UTC] PHP Warning:  A non-numeric value encountered in /home/lottexylitolcom/public_html/staging.lottexylitol.com.vn/test/wp-random-list.php on line 136
[19-Dec-2025 09:23:50 UTC] PHP Warning:  A non-numeric value encountered in /home/lottexylitolcom/public_html/staging.lottexylitol.com.vn/test/wp-random-list.php on line 136
[19-Dec-2025 09:23:50 UTC] PHP Warning:  A non-numeric value encountered in /home/lottexylitolcom/public_html/staging.lottexylitol.com.vn/test/wp-random-list.php on line 136
[19-Dec-2025 09:23:50 UTC] PHP Warning:  A non-numeric value encountered in /home/lottexylitolcom/public_html/staging.lottexylitol.com.vn/test/wp-random-list.php on line 136
[19-Dec-2025 09:23:50 UTC] PHP Warning:  A non-numeric value encountered in /home/lottexylitolcom/public_html/staging.lottexylitol.com.vn/test/wp-random-list.php on line 136
[19-Dec-2025 09:23:50 UTC] PHP Warning:  A non-numeric value encountered in /home/lottexylitolcom/public_html/staging.lottexylitol.com.vn/test/wp-random-list.php on line 136
[19-Dec-2025 09:23:50 UTC] PHP Warning:  A non-numeric value encountered in /home/lottexylitolcom/public_html/staging.lottexylitol.com.vn/test/wp-random-list.php on line 136
[19-Dec-2025 09:23:50 UTC] PHP Warning:  A non-numeric value encountered in /home/lottexylitolcom/public_html/staging.lottexylitol.com.vn/test/wp-random-list.php on line 136
[19-Dec-2025 09:23:50 UTC] PHP Warning:  A non-numeric value encountered in /home/lottexylitolcom/public_html/staging.lottexylitol.com.vn/test/wp-random-list.php on line 136
[19-Dec-2025 09:23:50 UTC] PHP Warning:  A non-numeric value encountered in /home/lottexylitolcom/public_html/staging.lottexylitol.com.vn/test/wp-random-list.php on line 136
[19-Dec-2025 09:23:50 UTC] PHP Warning:  A non-numeric value encountered in /home/lottexylitolcom/public_html/staging.lottexylitol.com.vn/test/wp-random-list.php on line 136
[19-Dec-2025 09:23:50 UTC] PHP Warning:  A non-numeric value encountered in /home/lottexylitolcom/public_html/staging.lottexylitol.com.vn/test/wp-random-list.php on line 136
[19-Dec-2025 09:23:50 UTC] PHP Warning:  A non-numeric value encountered in /home/lottexylitolcom/public_html/staging.lottexylitol.com.vn/test/wp-random-list.php on line 136
[19-Dec-2025 09:23:50 UTC] PHP Warning:  A non-numeric value encountered in /home/lottexylitolcom/public_html/staging.lottexylitol.com.vn/test/wp-random-list.php on line 136
[19-Dec-2025 09:23:50 UTC] PHP Warning:  A non-numeric value encountered in /home/lottexylitolcom/public_html/staging.lottexylitol.com.vn/test/wp-random-list.php on line 136
[19-Dec-2025 09:23:50 UTC] PHP Warning:  A non-numeric value encountered in /home/lottexylitolcom/public_html/staging.lottexylitol.com.vn/test/wp-random-list.php on line 136
[19-Dec-2025 09:23:50 UTC] PHP Warning:  A non-numeric value encountered in /home/lottexylitolcom/public_html/staging.lottexylitol.com.vn/test/wp-random-list.php on line 136
[19-Dec-2025 09:23:50 UTC] PHP Warning:  A non-numeric value encountered in /home/lottexylitolcom/public_html/staging.lottexylitol.com.vn/test/wp-random-list.php on line 136
[19-Dec-2025 09:23:50 UTC] PHP Warning:  A non-numeric value encountered in /home/lottexylitolcom/public_html/staging.lottexylitol.com.vn/test/wp-random-list.php on line 136
[19-Dec-2025 09:23:50 UTC] PHP Warning:  A non-numeric value encountered in /home/lottexylitolcom/public_html/staging.lottexylitol.com.vn/test/wp-random-list.php on line 136
[19-Dec-2025 09:23:50 UTC] PHP Warning:  A non-numeric value encountered in /home/lottexylitolcom/public_html/staging.lottexylitol.com.vn/test/wp-random-list.php on line 136
[19-Dec-2025 09:23:50 UTC] PHP Warning:  A non-numeric value encountered in /home/lottexylitolcom/public_html/staging.lottexylitol.com.vn/test/wp-random-list.php on line 136
[19-Dec-2025 09:23:50 UTC] PHP Warning:  A non-numeric value encountered in /home/lottexylitolcom/public_html/staging.lottexylitol.com.vn/test/wp-random-list.php on line 136
[19-Dec-2025 09:23:50 UTC] PHP Warning:  A non-numeric value encountered in /home/lottexylitolcom/public_html/staging.lottexylitol.com.vn/test/wp-random-list.php on line 136
[19-Dec-2025 09:23:50 UTC] PHP Warning:  A non-numeric value encountered in /home/lottexylitolcom/public_html/staging.lottexylitol.com.vn/test/wp-random-list.php on line 136
[19-Dec-2025 09:23:50 UTC] PHP Warning:  A non-numeric value encountered in /home/lottexylitolcom/public_html/staging.lottexylitol.com.vn/test/wp-random-list.php on line 136
[19-Dec-2025 09:23:50 UTC] PHP Warning:  A non-numeric value encountered in /home/lottexylitolcom/public_html/staging.lottexylitol.com.vn/test/wp-random-list.php on line 136
[19-Dec-2025 09:23:50 UTC] PHP Warning:  A non-numeric value encountered in /home/lottexylitolcom/public_html/staging.lottexylitol.com.vn/test/wp-random-list.php on line 136
[19-Dec-2025 09:23:50 UTC] PHP Warning:  A non-numeric value encountered in /home/lottexylitolcom/public_html/staging.lottexylitol.com.vn/test/wp-random-list.php on line 136
[19-Dec-2025 09:23:50 UTC] PHP Warning:  A non-numeric value encountered in /home/lottexylitolcom/public_html/staging.lottexylitol.com.vn/test/wp-random-list.php on line 136
[19-Dec-2025 09:23:50 UTC] PHP Warning:  A non-numeric value encountered in /home/lottexylitolcom/public_html/staging.lottexylitol.com.vn/test/wp-random-list.php on line 136
[19-Dec-2025 09:23:50 UTC] PHP Warning:  A non-numeric value encountered in /home/lottexylitolcom/public_html/staging.lottexylitol.com.vn/test/wp-random-list.php on line 136
[19-Dec-2025 09:23:50 UTC] PHP Warning:  A non-numeric value encountered in /home/lottexylitolcom/public_html/staging.lottexylitol.com.vn/test/wp-random-list.php on line 136
[19-Dec-2025 09:23:50 UTC] PHP Warning:  A non-numeric value encountered in /home/lottexylitolcom/public_html/staging.lottexylitol.com.vn/test/wp-random-list.php on line 136
[19-Dec-2025 09:23:50 UTC] PHP Warning:  A non-numeric value encountered in /home/lottexylitolcom/public_html/staging.lottexylitol.com.vn/test/wp-random-list.php on line 136
[19-Dec-2025 09:23:50 UTC] PHP Warning:  A non-numeric value encountered in /home/lottexylitolcom/public_html/staging.lottexylitol.com.vn/test/wp-random-list.php on line 136
[19-Dec-2025 09:23:50 UTC] PHP Warning:  A non-numeric value encountered in /home/lottexylitolcom/public_html/staging.lottexylitol.com.vn/test/wp-random-list.php on line 136
[19-Dec-2025 09:23:50 UTC] PHP Warning:  A non-numeric value encountered in /home/lottexylitolcom/public_html/staging.lottexylitol.com.vn/test/wp-random-list.php on line 136
[19-Dec-2025 09:23:50 UTC] PHP Warning:  A non-numeric value encountered in /home/lottexylitolcom/public_html/staging.lottexylitol.com.vn/test/wp-random-list.php on line 136
[19-Dec-2025 09:23:50 UTC] PHP Warning:  A non-numeric value encountered in /home/lottexylitolcom/public_html/staging.lottexylitol.com.vn/test/wp-random-list.php on line 136
[19-Dec-2025 09:23:50 UTC] PHP Warning:  A non-numeric value encountered in /home/lottexylitolcom/public_html/staging.lottexylitol.com.vn/test/wp-random-list.php on line 136
[19-Dec-2025 09:23:50 UTC] PHP Warning:  A non-numeric value encountered in /home/lottexylitolcom/public_html/staging.lottexylitol.com.vn/test/wp-random-list.php on line 136
[19-Dec-2025 09:23:50 UTC] PHP Warning:  A non-numeric value encountered in /home/lottexylitolcom/public_html/staging.lottexylitol.com.vn/test/wp-random-list.php on line 136
[19-Dec-2025 09:23:50 UTC] PHP Warning:  A non-numeric value encountered in /home/lottexylitolcom/public_html/staging.lottexylitol.com.vn/test/wp-random-list.php on line 136
[19-Dec-2025 09:23:50 UTC] PHP Warning:  A non-numeric value encountered in /home/lottexylitolcom/public_html/staging.lottexylitol.com.vn/test/wp-random-list.php on line 136
[19-Dec-2025 09:23:50 UTC] PHP Warning:  A non-numeric value encountered in /home/lottexylitolcom/public_html/staging.lottexylitol.com.vn/test/wp-random-list.php on line 136
[19-Dec-2025 09:23:50 UTC] PHP Warning:  A non-numeric value encountered in /home/lottexylitolcom/public_html/staging.lottexylitol.com.vn/test/wp-random-list.php on line 136
[19-Dec-2025 09:23:50 UTC] PHP Warning:  A non-numeric value encountered in /home/lottexylitolcom/public_html/staging.lottexylitol.com.vn/test/wp-random-list.php on line 136
[19-Dec-2025 09:23:50 UTC] PHP Warning:  A non-numeric value encountered in /home/lottexylitolcom/public_html/staging.lottexylitol.com.vn/test/wp-random-list.php on line 136
[19-Dec-2025 09:23:50 UTC] PHP Warning:  A non-numeric value encountered in /home/lottexylitolcom/public_html/staging.lottexylitol.com.vn/test/wp-random-list.php on line 136
[19-Dec-2025 09:23:50 UTC] PHP Warning:  A non-numeric value encountered in /home/lottexylitolcom/public_html/staging.lottexylitol.com.vn/test/wp-random-list.php on line 136
[19-Dec-2025 09:23:50 UTC] PHP Warning:  A non-numeric value encountered in /home/lottexylitolcom/public_html/staging.lottexylitol.com.vn/test/wp-random-list.php on line 136
[19-Dec-2025 09:23:50 UTC] PHP Warning:  A non-numeric value encountered in /home/lottexylitolcom/public_html/staging.lottexylitol.com.vn/test/wp-random-list.php on line 136
[19-Dec-2025 09:23:50 UTC] PHP Warning:  A non-numeric value encountered in /home/lottexylitolcom/public_html/staging.lottexylitol.com.vn/test/wp-random-list.php on line 136
[19-Dec-2025 09:23:50 UTC] PHP Warning:  A non-numeric value encountered in /home/lottexylitolcom/public_html/staging.lottexylitol.com.vn/test/wp-random-list.php on line 136
[19-Dec-2025 09:23:50 UTC] PHP Warning:  A non-numeric value encountered in /home/lottexylitolcom/public_html/staging.lottexylitol.com.vn/test/wp-random-list.php on line 136
[19-Dec-2025 09:23:50 UTC] PHP Warning:  A non-numeric value encountered in /home/lottexylitolcom/public_html/staging.lottexylitol.com.vn/test/wp-random-list.php on line 136
[19-Dec-2025 09:23:50 UTC] PHP Warning:  A non-numeric value encountered in /home/lottexylitolcom/public_html/staging.lottexylitol.com.vn/test/wp-random-list.php on line 136
[19-Dec-2025 09:23:50 UTC] PHP Warning:  A non-numeric value encountered in /home/lottexylitolcom/public_html/staging.lottexylitol.com.vn/test/wp-random-list.php on line 136
[19-Dec-2025 09:23:50 UTC] PHP Warning:  A non-numeric value encountered in /home/lottexylitolcom/public_html/staging.lottexylitol.com.vn/test/wp-random-list.php on line 136
[19-Dec-2025 09:23:50 UTC] PHP Warning:  A non-numeric value encountered in /home/lottexylitolcom/public_html/staging.lottexylitol.com.vn/test/wp-random-list.php on line 136
[19-Dec-2025 09:23:50 UTC] PHP Warning:  A non-numeric value encountered in /home/lottexylitolcom/public_html/staging.lottexylitol.com.vn/test/wp-random-list.php on line 136
[19-Dec-2025 09:23:50 UTC] PHP Warning:  A non-numeric value encountered in /home/lottexylitolcom/public_html/staging.lottexylitol.com.vn/test/wp-random-list.php on line 136
[19-Dec-2025 09:23:50 UTC] PHP Warning:  A non-numeric value encountered in /home/lottexylitolcom/public_html/staging.lottexylitol.com.vn/test/wp-random-list.php on line 136
[19-Dec-2025 09:23:50 UTC] PHP Warning:  A non-numeric value encountered in /home/lottexylitolcom/public_html/staging.lottexylitol.com.vn/test/wp-random-list.php on line 136
[19-Dec-2025 09:23:50 UTC] PHP Warning:  A non-numeric value encountered in /home/lottexylitolcom/public_html/staging.lottexylitol.com.vn/test/wp-random-list.php on line 136
[19-Dec-2025 09:23:50 UTC] PHP Warning:  A non-numeric value encountered in /home/lottexylitolcom/public_html/staging.lottexylitol.com.vn/test/wp-random-list.php on line 136
[19-Dec-2025 09:23:50 UTC] PHP Warning:  A non-numeric value encountered in /home/lottexylitolcom/public_html/staging.lottexylitol.com.vn/test/wp-random-list.php on line 136
[19-Dec-2025 09:23:50 UTC] PHP Warning:  A non-numeric value encountered in /home/lottexylitolcom/public_html/staging.lottexylitol.com.vn/test/wp-random-list.php on line 136
[19-Dec-2025 09:23:50 UTC] PHP Warning:  A non-numeric value encountered in /home/lottexylitolcom/public_html/staging.lottexylitol.com.vn/test/wp-random-list.php on line 136
[19-Dec-2025 09:23:50 UTC] PHP Warning:  A non-numeric value encountered in /home/lottexylitolcom/public_html/staging.lottexylitol.com.vn/test/wp-random-list.php on line 136
[19-Dec-2025 09:23:50 UTC] PHP Warning:  A non-numeric value encountered in /home/lottexylitolcom/public_html/staging.lottexylitol.com.vn/test/wp-random-list.php on line 136
[19-Dec-2025 09:23:50 UTC] PHP Warning:  A non-numeric value encountered in /home/lottexylitolcom/public_html/staging.lottexylitol.com.vn/test/wp-random-list.php on line 136
[19-Dec-2025 09:23:50 UTC] PHP Warning:  A non-numeric value encountered in /home/lottexylitolcom/public_html/staging.lottexylitol.com.vn/test/wp-random-list.php on line 136
[19-Dec-2025 09:23:50 UTC] PHP Warning:  A non-numeric value encountered in /home/lottexylitolcom/public_html/staging.lottexylitol.com.vn/test/wp-random-list.php on line 136
[19-Dec-2025 09:23:50 UTC] PHP Warning:  A non-numeric value encountered in /home/lottexylitolcom/public_html/staging.lottexylitol.com.vn/test/wp-random-list.php on line 136
[19-Dec-2025 09:23:50 UTC] PHP Warning:  A non-numeric value encountered in /home/lottexylitolcom/public_html/staging.lottexylitol.com.vn/test/wp-random-list.php on line 136
[19-Dec-2025 09:23:50 UTC] PHP Warning:  A non-numeric value encountered in /home/lottexylitolcom/public_html/staging.lottexylitol.com.vn/test/wp-random-list.php on line 136
[19-Dec-2025 09:23:50 UTC] PHP Warning:  A non-numeric value encountered in /home/lottexylitolcom/public_html/staging.lottexylitol.com.vn/test/wp-random-list.php on line 136
[19-Dec-2025 09:23:50 UTC] PHP Warning:  A non-numeric value encountered in /home/lottexylitolcom/public_html/staging.lottexylitol.com.vn/test/wp-random-list.php on line 136
[19-Dec-2025 09:23:50 UTC] PHP Warning:  A non-numeric value encountered in /home/lottexylitolcom/public_html/staging.lottexylitol.com.vn/test/wp-random-list.php on line 136
[19-Dec-2025 09:23:50 UTC] PHP Warning:  A non-numeric value encountered in /home/lottexylitolcom/public_html/staging.lottexylitol.com.vn/test/wp-random-list.php on line 136
[19-Dec-2025 09:23:50 UTC] PHP Warning:  A non-numeric value encountered in /home/lottexylitolcom/public_html/staging.lottexylitol.com.vn/test/wp-random-list.php on line 136
[19-Dec-2025 09:23:50 UTC] PHP Warning:  A non-numeric value encountered in /home/lottexylitolcom/public_html/staging.lottexylitol.com.vn/test/wp-random-list.php on line 136
[19-Dec-2025 09:23:50 UTC] PHP Warning:  A non-numeric value encountered in /home/lottexylitolcom/public_html/staging.lottexylitol.com.vn/test/wp-random-list.php on line 136
[19-Dec-2025 09:23:50 UTC] PHP Warning:  A non-numeric value encountered in /home/lottexylitolcom/public_html/staging.lottexylitol.com.vn/test/wp-random-list.php on line 136
[19-Dec-2025 09:23:50 UTC] PHP Warning:  A non-numeric value encountered in /home/lottexylitolcom/public_html/staging.lottexylitol.com.vn/test/wp-random-list.php on line 136
[19-Dec-2025 09:23:50 UTC] PHP Warning:  A non-numeric value encountered in /home/lottexylitolcom/public_html/staging.lottexylitol.com.vn/test/wp-random-list.php on line 136
[19-Dec-2025 09:23:50 UTC] PHP Warning:  A non-numeric value encountered in /home/lottexylitolcom/public_html/staging.lottexylitol.com.vn/test/wp-random-list.php on line 136
[19-Dec-2025 09:23:50 UTC] PHP Warning:  A non-numeric value encountered in /home/lottexylitolcom/public_html/staging.lottexylitol.com.vn/test/wp-random-list.php on line 136
[19-Dec-2025 09:23:50 UTC] PHP Warning:  A non-numeric value encountered in /home/lottexylitolcom/public_html/staging.lottexylitol.com.vn/test/wp-random-list.php on line 136
[19-Dec-2025 09:23:50 UTC] PHP Warning:  A non-numeric value encountered in /home/lottexylitolcom/public_html/staging.lottexylitol.com.vn/test/wp-random-list.php on line 136
[19-Dec-2025 09:23:50 UTC] PHP Warning:  A non-numeric value encountered in /home/lottexylitolcom/public_html/staging.lottexylitol.com.vn/test/wp-random-list.php on line 136
[19-Dec-2025 09:23:50 UTC] PHP Warning:  A non-numeric value encountered in /home/lottexylitolcom/public_html/staging.lottexylitol.com.vn/test/wp-random-list.php on line 136
[19-Dec-2025 09:23:50 UTC] PHP Warning:  A non-numeric value encountered in /home/lottexylitolcom/public_html/staging.lottexylitol.com.vn/test/wp-random-list.php on line 136
[19-Dec-2025 09:23:50 UTC] PHP Warning:  A non-numeric value encountered in /home/lottexylitolcom/public_html/staging.lottexylitol.com.vn/test/wp-random-list.php on line 136
[19-Dec-2025 09:23:50 UTC] PHP Warning:  A non-numeric value encountered in /home/lottexylitolcom/public_html/staging.lottexylitol.com.vn/test/wp-random-list.php on line 136
[19-Dec-2025 09:23:50 UTC] PHP Warning:  A non-numeric value encountered in /home/lottexylitolcom/public_html/staging.lottexylitol.com.vn/test/wp-random-list.php on line 136
[19-Dec-2025 09:23:50 UTC] PHP Warning:  A non-numeric value encountered in /home/lottexylitolcom/public_html/staging.lottexylitol.com.vn/test/wp-random-list.php on line 136
[19-Dec-2025 09:23:50 UTC] PHP Warning:  A non-numeric value encountered in /home/lottexylitolcom/public_html/staging.lottexylitol.com.vn/test/wp-random-list.php on line 136
[19-Dec-2025 09:23:50 UTC] PHP Warning:  A non-numeric value encountered in /home/lottexylitolcom/public_html/staging.lottexylitol.com.vn/test/wp-random-list.php on line 136
[19-Dec-2025 09:23:50 UTC] PHP Warning:  A non-numeric value encountered in /home/lottexylitolcom/public_html/staging.lottexylitol.com.vn/test/wp-random-list.php on line 136
[19-Dec-2025 09:23:50 UTC] PHP Warning:  A non-numeric value encountered in /home/lottexylitolcom/public_html/staging.lottexylitol.com.vn/test/wp-random-list.php on line 136
[19-Dec-2025 09:23:50 UTC] PHP Warning:  A non-numeric value encountered in /home/lottexylitolcom/public_html/staging.lottexylitol.com.vn/test/wp-random-list.php on line 136
[19-Dec-2025 09:23:50 UTC] PHP Warning:  A non-numeric value encountered in /home/lottexylitolcom/public_html/staging.lottexylitol.com.vn/test/wp-random-list.php on line 136
[19-Dec-2025 09:23:50 UTC] PHP Warning:  A non-numeric value encountered in /home/lottexylitolcom/public_html/staging.lottexylitol.com.vn/test/wp-random-list.php on line 136
[19-Dec-2025 09:23:50 UTC] PHP Warning:  A non-numeric value encountered in /home/lottexylitolcom/public_html/staging.lottexylitol.com.vn/test/wp-random-list.php on line 136
[19-Dec-2025 09:23:50 UTC] PHP Warning:  A non-numeric value encountered in /home/lottexylitolcom/public_html/staging.lottexylitol.com.vn/test/wp-random-list.php on line 136
[19-Dec-2025 09:23:50 UTC] PHP Warning:  A non-numeric value encountered in /home/lottexylitolcom/public_html/staging.lottexylitol.com.vn/test/wp-random-list.php on line 136
[19-Dec-2025 09:23:50 UTC] PHP Warning:  A non-numeric value encountered in /home/lottexylitolcom/public_html/staging.lottexylitol.com.vn/test/wp-random-list.php on line 136
[19-Dec-2025 09:23:50 UTC] PHP Warning:  A non-numeric value encountered in /home/lottexylitolcom/public_html/staging.lottexylitol.com.vn/test/wp-random-list.php on line 136
[19-Dec-2025 09:23:50 UTC] PHP Warning:  A non-numeric value encountered in /home/lottexylitolcom/public_html/staging.lottexylitol.com.vn/test/wp-random-list.php on line 136
[19-Dec-2025 09:23:50 UTC] PHP Warning:  A non-numeric value encountered in /home/lottexylitolcom/public_html/staging.lottexylitol.com.vn/test/wp-random-list.php on line 136
[19-Dec-2025 09:23:50 UTC] PHP Warning:  A non-numeric value encountered in /home/lottexylitolcom/public_html/staging.lottexylitol.com.vn/test/wp-random-list.php on line 136
[19-Dec-2025 09:23:50 UTC] PHP Warning:  A non-numeric value encountered in /home/lottexylitolcom/public_html/staging.lottexylitol.com.vn/test/wp-random-list.php on line 136
[19-Dec-2025 09:23:50 UTC] PHP Warning:  A non-numeric value encountered in /home/lottexylitolcom/public_html/staging.lottexylitol.com.vn/test/wp-random-list.php on line 136
[19-Dec-2025 09:23:50 UTC] PHP Warning:  A non-numeric value encountered in /home/lottexylitolcom/public_html/staging.lottexylitol.com.vn/test/wp-random-list.php on line 136
[19-Dec-2025 09:23:50 UTC] PHP Warning:  A non-numeric value encountered in /home/lottexylitolcom/public_html/staging.lottexylitol.com.vn/test/wp-random-list.php on line 136
[19-Dec-2025 09:23:50 UTC] PHP Warning:  A non-numeric value encountered in /home/lottexylitolcom/public_html/staging.lottexylitol.com.vn/test/wp-random-list.php on line 136
[19-Dec-2025 09:23:50 UTC] PHP Warning:  A non-numeric value encountered in /home/lottexylitolcom/public_html/staging.lottexylitol.com.vn/test/wp-random-list.php on line 136
[19-Dec-2025 09:23:50 UTC] PHP Warning:  A non-numeric value encountered in /home/lottexylitolcom/public_html/staging.lottexylitol.com.vn/test/wp-random-list.php on line 136
[19-Dec-2025 09:23:50 UTC] PHP Warning:  A non-numeric value encountered in /home/lottexylitolcom/public_html/staging.lottexylitol.com.vn/test/wp-random-list.php on line 136
[19-Dec-2025 09:23:50 UTC] PHP Warning:  A non-numeric value encountered in /home/lottexylitolcom/public_html/staging.lottexylitol.com.vn/test/wp-random-list.php on line 136
[19-Dec-2025 09:23:50 UTC] PHP Warning:  A non-numeric value encountered in /home/lottexylitolcom/public_html/staging.lottexylitol.com.vn/test/wp-random-list.php on line 136
[19-Dec-2025 09:23:50 UTC] PHP Warning:  A non-numeric value encountered in /home/lottexylitolcom/public_html/staging.lottexylitol.com.vn/test/wp-random-list.php on line 136
[19-Dec-2025 09:23:50 UTC] PHP Warning:  A non-numeric value encountered in /home/lottexylitolcom/public_html/staging.lottexylitol.com.vn/test/wp-random-list.php on line 136
[19-Dec-2025 09:23:50 UTC] PHP Warning:  A non-numeric value encountered in /home/lottexylitolcom/public_html/staging.lottexylitol.com.vn/test/wp-random-list.php on line 136
[19-Dec-2025 09:23:50 UTC] PHP Warning:  A non-numeric value encountered in /home/lottexylitolcom/public_html/staging.lottexylitol.com.vn/test/wp-random-list.php on line 136
[19-Dec-2025 09:23:50 UTC] PHP Warning:  A non-numeric value encountered in /home/lottexylitolcom/public_html/staging.lottexylitol.com.vn/test/wp-random-list.php on line 136
[19-Dec-2025 09:23:50 UTC] PHP Warning:  A non-numeric value encountered in /home/lottexylitolcom/public_html/staging.lottexylitol.com.vn/test/wp-random-list.php on line 136
[19-Dec-2025 09:23:50 UTC] PHP Warning:  A non-numeric value encountered in /home/lottexylitolcom/public_html/staging.lottexylitol.com.vn/test/wp-random-list.php on line 136
[19-Dec-2025 09:23:50 UTC] PHP Warning:  A non-numeric value encountered in /home/lottexylitolcom/public_html/staging.lottexylitol.com.vn/test/wp-random-list.php on line 136
[19-Dec-2025 09:23:50 UTC] PHP Warning:  A non-numeric value encountered in /home/lottexylitolcom/public_html/staging.lottexylitol.com.vn/test/wp-random-list.php on line 136
[19-Dec-2025 09:23:50 UTC] PHP Warning:  A non-numeric value encountered in /home/lottexylitolcom/public_html/staging.lottexylitol.com.vn/test/wp-random-list.php on line 136
[19-Dec-2025 09:23:50 UTC] PHP Warning:  A non-numeric value encountered in /home/lottexylitolcom/public_html/staging.lottexylitol.com.vn/test/wp-random-list.php on line 136
[19-Dec-2025 09:23:50 UTC] PHP Warning:  A non-numeric value encountered in /home/lottexylitolcom/public_html/staging.lottexylitol.com.vn/test/wp-random-list.php on line 136
[19-Dec-2025 09:23:50 UTC] PHP Warning:  A non-numeric value encountered in /home/lottexylitolcom/public_html/staging.lottexylitol.com.vn/test/wp-random-list.php on line 136
[19-Dec-2025 09:23:50 UTC] PHP Warning:  A non-numeric value encountered in /home/lottexylitolcom/public_html/staging.lottexylitol.com.vn/test/wp-random-list.php on line 136
[19-Dec-2025 09:23:50 UTC] PHP Warning:  A non-numeric value encountered in /home/lottexylitolcom/public_html/staging.lottexylitol.com.vn/test/wp-random-list.php on line 136
[19-Dec-2025 09:23:50 UTC] PHP Warning:  A non-numeric value encountered in /home/lottexylitolcom/public_html/staging.lottexylitol.com.vn/test/wp-random-list.php on line 136
[19-Dec-2025 09:23:50 UTC] PHP Warning:  A non-numeric value encountered in /home/lottexylitolcom/public_html/staging.lottexylitol.com.vn/test/wp-random-list.php on line 136
[19-Dec-2025 09:23:50 UTC] PHP Warning:  A non-numeric value encountered in /home/lottexylitolcom/public_html/staging.lottexylitol.com.vn/test/wp-random-list.php on line 136
[19-Dec-2025 09:23:50 UTC] PHP Warning:  A non-numeric value encountered in /home/lottexylitolcom/public_html/staging.lottexylitol.com.vn/test/wp-random-list.php on line 136
[19-Dec-2025 09:23:50 UTC] PHP Warning:  A non-numeric value encountered in /home/lottexylitolcom/public_html/staging.lottexylitol.com.vn/test/wp-random-list.php on line 136
[19-Dec-2025 09:23:50 UTC] PHP Warning:  A non-numeric value encountered in /home/lottexylitolcom/public_html/staging.lottexylitol.com.vn/test/wp-random-list.php on line 136
[19-Dec-2025 09:23:50 UTC] PHP Warning:  A non-numeric value encountered in /home/lottexylitolcom/public_html/staging.lottexylitol.com.vn/test/wp-random-list.php on line 136
[19-Dec-2025 09:23:50 UTC] PHP Warning:  A non-numeric value encountered in /home/lottexylitolcom/public_html/staging.lottexylitol.com.vn/test/wp-random-list.php on line 136
[19-Dec-2025 09:23:50 UTC] PHP Warning:  A non-numeric value encountered in /home/lottexylitolcom/public_html/staging.lottexylitol.com.vn/test/wp-random-list.php on line 136
[19-Dec-2025 09:23:50 UTC] PHP Warning:  A non-numeric value encountered in /home/lottexylitolcom/public_html/staging.lottexylitol.com.vn/test/wp-random-list.php on line 136
[19-Dec-2025 09:23:50 UTC] PHP Warning:  A non-numeric value encountered in /home/lottexylitolcom/public_html/staging.lottexylitol.com.vn/test/wp-random-list.php on line 136
[19-Dec-2025 09:23:50 UTC] PHP Warning:  A non-numeric value encountered in /home/lottexylitolcom/public_html/staging.lottexylitol.com.vn/test/wp-random-list.php on line 136
[19-Dec-2025 09:23:50 UTC] PHP Warning:  A non-numeric value encountered in /home/lottexylitolcom/public_html/staging.lottexylitol.com.vn/test/wp-random-list.php on line 136
[19-Dec-2025 09:23:50 UTC] PHP Warning:  A non-numeric value encountered in /home/lottexylitolcom/public_html/staging.lottexylitol.com.vn/test/wp-random-list.php on line 136
[19-Dec-2025 09:23:50 UTC] PHP Warning:  A non-numeric value encountered in /home/lottexylitolcom/public_html/staging.lottexylitol.com.vn/test/wp-random-list.php on line 136
[19-Dec-2025 09:23:50 UTC] PHP Warning:  A non-numeric value encountered in /home/lottexylitolcom/public_html/staging.lottexylitol.com.vn/test/wp-random-list.php on line 136
[19-Dec-2025 09:23:50 UTC] PHP Warning:  A non-numeric value encountered in /home/lottexylitolcom/public_html/staging.lottexylitol.com.vn/test/wp-random-list.php on line 136
[19-Dec-2025 09:23:50 UTC] PHP Warning:  A non-numeric value encountered in /home/lottexylitolcom/public_html/staging.lottexylitol.com.vn/test/wp-random-list.php on line 136
[19-Dec-2025 09:23:50 UTC] PHP Warning:  A non-numeric value encountered in /home/lottexylitolcom/public_html/staging.lottexylitol.com.vn/test/wp-random-list.php on line 136
[19-Dec-2025 09:23:50 UTC] PHP Warning:  A non-numeric value encountered in /home/lottexylitolcom/public_html/staging.lottexylitol.com.vn/test/wp-random-list.php on line 136
[19-Dec-2025 09:23:50 UTC] PHP Warning:  A non-numeric value encountered in /home/lottexylitolcom/public_html/staging.lottexylitol.com.vn/test/wp-random-list.php on line 136
[19-Dec-2025 09:23:50 UTC] PHP Warning:  A non-numeric value encountered in /home/lottexylitolcom/public_html/staging.lottexylitol.com.vn/test/wp-random-list.php on line 136
[19-Dec-2025 09:23:50 UTC] PHP Warning:  A non-numeric value encountered in /home/lottexylitolcom/public_html/staging.lottexylitol.com.vn/test/wp-random-list.php on line 136
[19-Dec-2025 09:23:50 UTC] PHP Warning:  A non-numeric value encountered in /home/lottexylitolcom/public_html/staging.lottexylitol.com.vn/test/wp-random-list.php on line 136
[19-Dec-2025 09:23:50 UTC] PHP Warning:  A non-numeric value encountered in /home/lottexylitolcom/public_html/staging.lottexylitol.com.vn/test/wp-random-list.php on line 136
[19-Dec-2025 09:23:50 UTC] PHP Warning:  A non-numeric value encountered in /home/lottexylitolcom/public_html/staging.lottexylitol.com.vn/test/wp-random-list.php on line 136
[19-Dec-2025 09:23:50 UTC] PHP Warning:  A non-numeric value encountered in /home/lottexylitolcom/public_html/staging.lottexylitol.com.vn/test/wp-random-list.php on line 136
[19-Dec-2025 09:23:50 UTC] PHP Warning:  A non-numeric value encountered in /home/lottexylitolcom/public_html/staging.lottexylitol.com.vn/test/wp-random-list.php on line 136
[19-Dec-2025 09:23:50 UTC] PHP Warning:  A non-numeric value encountered in /home/lottexylitolcom/public_html/staging.lottexylitol.com.vn/test/wp-random-list.php on line 136
[19-Dec-2025 09:23:50 UTC] PHP Warning:  A non-numeric value encountered in /home/lottexylitolcom/public_html/staging.lottexylitol.com.vn/test/wp-random-list.php on line 136
[19-Dec-2025 09:23:50 UTC] PHP Warning:  A non-numeric value encountered in /home/lottexylitolcom/public_html/staging.lottexylitol.com.vn/test/wp-random-list.php on line 136
[19-Dec-2025 09:23:50 UTC] PHP Warning:  A non-numeric value encountered in /home/lottexylitolcom/public_html/staging.lottexylitol.com.vn/test/wp-random-list.php on line 136
[19-Dec-2025 09:23:50 UTC] PHP Warning:  A non-numeric value encountered in /home/lottexylitolcom/public_html/staging.lottexylitol.com.vn/test/wp-random-list.php on line 136
[19-Dec-2025 09:23:50 UTC] PHP Warning:  A non-numeric value encountered in /home/lottexylitolcom/public_html/staging.lottexylitol.com.vn/test/wp-random-list.php on line 136
[19-Dec-2025 09:23:50 UTC] PHP Warning:  A non-numeric value encountered in /home/lottexylitolcom/public_html/staging.lottexylitol.com.vn/test/wp-random-list.php on line 136
[19-Dec-2025 09:23:50 UTC] PHP Warning:  A non-numeric value encountered in /home/lottexylitolcom/public_html/staging.lottexylitol.com.vn/test/wp-random-list.php on line 136
[19-Dec-2025 09:23:50 UTC] PHP Warning:  A non-numeric value encountered in /home/lottexylitolcom/public_html/staging.lottexylitol.com.vn/test/wp-random-list.php on line 136
[19-Dec-2025 09:23:50 UTC] PHP Warning:  A non-numeric value encountered in /home/lottexylitolcom/public_html/staging.lottexylitol.com.vn/test/wp-random-list.php on line 136
[19-Dec-2025 09:23:50 UTC] PHP Warning:  A non-numeric value encountered in /home/lottexylitolcom/public_html/staging.lottexylitol.com.vn/test/wp-random-list.php on line 136
[19-Dec-2025 09:23:50 UTC] PHP Warning:  A non-numeric value encountered in /home/lottexylitolcom/public_html/staging.lottexylitol.com.vn/test/wp-random-list.php on line 136
[19-Dec-2025 09:23:50 UTC] PHP Warning:  A non-numeric value encountered in /home/lottexylitolcom/public_html/staging.lottexylitol.com.vn/test/wp-random-list.php on line 136
[19-Dec-2025 09:23:50 UTC] PHP Warning:  A non-numeric value encountered in /home/lottexylitolcom/public_html/staging.lottexylitol.com.vn/test/wp-random-list.php on line 136
[19-Dec-2025 09:23:50 UTC] PHP Warning:  A non-numeric value encountered in /home/lottexylitolcom/public_html/staging.lottexylitol.com.vn/test/wp-random-list.php on line 136
[19-Dec-2025 09:23:50 UTC] PHP Warning:  A non-numeric value encountered in /home/lottexylitolcom/public_html/staging.lottexylitol.com.vn/test/wp-random-list.php on line 136
[19-Dec-2025 09:23:50 UTC] PHP Warning:  A non-numeric value encountered in /home/lottexylitolcom/public_html/staging.lottexylitol.com.vn/test/wp-random-list.php on line 136
[19-Dec-2025 09:23:50 UTC] PHP Warning:  A non-numeric value encountered in /home/lottexylitolcom/public_html/staging.lottexylitol.com.vn/test/wp-random-list.php on line 136
[19-Dec-2025 09:23:50 UTC] PHP Warning:  A non-numeric value encountered in /home/lottexylitolcom/public_html/staging.lottexylitol.com.vn/test/wp-random-list.php on line 136
[19-Dec-2025 09:23:50 UTC] PHP Warning:  A non-numeric value encountered in /home/lottexylitolcom/public_html/staging.lottexylitol.com.vn/test/wp-random-list.php on line 136
[19-Dec-2025 09:23:50 UTC] PHP Warning:  A non-numeric value encountered in /home/lottexylitolcom/public_html/staging.lottexylitol.com.vn/test/wp-random-list.php on line 136
[19-Dec-2025 09:23:50 UTC] PHP Warning:  A non-numeric value encountered in /home/lottexylitolcom/public_html/staging.lottexylitol.com.vn/test/wp-random-list.php on line 136
[19-Dec-2025 09:23:50 UTC] PHP Warning:  A non-numeric value encountered in /home/lottexylitolcom/public_html/staging.lottexylitol.com.vn/test/wp-random-list.php on line 136
[19-Dec-2025 09:23:50 UTC] PHP Warning:  A non-numeric value encountered in /home/lottexylitolcom/public_html/staging.lottexylitol.com.vn/test/wp-random-list.php on line 136
[19-Dec-2025 09:23:50 UTC] PHP Warning:  A non-numeric value encountered in /home/lottexylitolcom/public_html/staging.lottexylitol.com.vn/test/wp-random-list.php on line 136
[19-Dec-2025 09:23:50 UTC] PHP Warning:  A non-numeric value encountered in /home/lottexylitolcom/public_html/staging.lottexylitol.com.vn/test/wp-random-list.php on line 136
[19-Dec-2025 09:23:50 UTC] PHP Warning:  A non-numeric value encountered in /home/lottexylitolcom/public_html/staging.lottexylitol.com.vn/test/wp-random-list.php on line 136
[19-Dec-2025 09:23:50 UTC] PHP Warning:  A non-numeric value encountered in /home/lottexylitolcom/public_html/staging.lottexylitol.com.vn/test/wp-random-list.php on line 136
[19-Dec-2025 09:23:50 UTC] PHP Warning:  A non-numeric value encountered in /home/lottexylitolcom/public_html/staging.lottexylitol.com.vn/test/wp-random-list.php on line 136
[19-Dec-2025 09:23:50 UTC] PHP Warning:  A non-numeric value encountered in /home/lottexylitolcom/public_html/staging.lottexylitol.com.vn/test/wp-random-list.php on line 136
[19-Dec-2025 09:23:50 UTC] PHP Warning:  A non-numeric value encountered in /home/lottexylitolcom/public_html/staging.lottexylitol.com.vn/test/wp-random-list.php on line 136
[19-Dec-2025 09:23:50 UTC] PHP Warning:  A non-numeric value encountered in /home/lottexylitolcom/public_html/staging.lottexylitol.com.vn/test/wp-random-list.php on line 136
[19-Dec-2025 09:23:50 UTC] PHP Warning:  A non-numeric value encountered in /home/lottexylitolcom/public_html/staging.lottexylitol.com.vn/test/wp-random-list.php on line 136
[19-Dec-2025 09:23:50 UTC] PHP Warning:  A non-numeric value encountered in /home/lottexylitolcom/public_html/staging.lottexylitol.com.vn/test/wp-random-list.php on line 136
[19-Dec-2025 09:23:50 UTC] PHP Warning:  A non-numeric value encountered in /home/lottexylitolcom/public_html/staging.lottexylitol.com.vn/test/wp-random-list.php on line 136
[19-Dec-2025 09:23:50 UTC] PHP Warning:  A non-numeric value encountered in /home/lottexylitolcom/public_html/staging.lottexylitol.com.vn/test/wp-random-list.php on line 136
[19-Dec-2025 09:23:50 UTC] PHP Warning:  A non-numeric value encountered in /home/lottexylitolcom/public_html/staging.lottexylitol.com.vn/test/wp-random-list.php on line 136
[19-Dec-2025 09:23:50 UTC] PHP Warning:  A non-numeric value encountered in /home/lottexylitolcom/public_html/staging.lottexylitol.com.vn/test/wp-random-list.php on line 136
[19-Dec-2025 09:23:50 UTC] PHP Warning:  A non-numeric value encountered in /home/lottexylitolcom/public_html/staging.lottexylitol.com.vn/test/wp-random-list.php on line 136
[19-Dec-2025 09:23:50 UTC] PHP Warning:  A non-numeric value encountered in /home/lottexylitolcom/public_html/staging.lottexylitol.com.vn/test/wp-random-list.php on line 136
[19-Dec-2025 09:23:50 UTC] PHP Warning:  A non-numeric value encountered in /home/lottexylitolcom/public_html/staging.lottexylitol.com.vn/test/wp-random-list.php on line 136
[19-Dec-2025 09:23:50 UTC] PHP Warning:  A non-numeric value encountered in /home/lottexylitolcom/public_html/staging.lottexylitol.com.vn/test/wp-random-list.php on line 136
[19-Dec-2025 09:23:50 UTC] PHP Warning:  A non-numeric value encountered in /home/lottexylitolcom/public_html/staging.lottexylitol.com.vn/test/wp-random-list.php on line 136
[19-Dec-2025 09:23:50 UTC] PHP Warning:  A non-numeric value encountered in /home/lottexylitolcom/public_html/staging.lottexylitol.com.vn/test/wp-random-list.php on line 136
[19-Dec-2025 09:23:50 UTC] PHP Warning:  A non-numeric value encountered in /home/lottexylitolcom/public_html/staging.lottexylitol.com.vn/test/wp-random-list.php on line 136
[19-Dec-2025 09:23:50 UTC] PHP Warning:  A non-numeric value encountered in /home/lottexylitolcom/public_html/staging.lottexylitol.com.vn/test/wp-random-list.php on line 136
[19-Dec-2025 09:23:50 UTC] PHP Warning:  A non-numeric value encountered in /home/lottexylitolcom/public_html/staging.lottexylitol.com.vn/test/wp-random-list.php on line 136
[19-Dec-2025 09:23:50 UTC] PHP Warning:  A non-numeric value encountered in /home/lottexylitolcom/public_html/staging.lottexylitol.com.vn/test/wp-random-list.php on line 136
[19-Dec-2025 09:23:50 UTC] PHP Warning:  A non-numeric value encountered in /home/lottexylitolcom/public_html/staging.lottexylitol.com.vn/test/wp-random-list.php on line 136
[19-Dec-2025 09:23:50 UTC] PHP Warning:  A non-numeric value encountered in /home/lottexylitolcom/public_html/staging.lottexylitol.com.vn/test/wp-random-list.php on line 136
[19-Dec-2025 09:23:50 UTC] PHP Warning:  A non-numeric value encountered in /home/lottexylitolcom/public_html/staging.lottexylitol.com.vn/test/wp-random-list.php on line 136
[19-Dec-2025 09:23:50 UTC] PHP Warning:  A non-numeric value encountered in /home/lottexylitolcom/public_html/staging.lottexylitol.com.vn/test/wp-random-list.php on line 136
[19-Dec-2025 09:23:50 UTC] PHP Warning:  A non-numeric value encountered in /home/lottexylitolcom/public_html/staging.lottexylitol.com.vn/test/wp-random-list.php on line 136
[19-Dec-2025 09:23:50 UTC] PHP Warning:  A non-numeric value encountered in /home/lottexylitolcom/public_html/staging.lottexylitol.com.vn/test/wp-random-list.php on line 136
[19-Dec-2025 09:23:50 UTC] PHP Warning:  A non-numeric value encountered in /home/lottexylitolcom/public_html/staging.lottexylitol.com.vn/test/wp-random-list.php on line 136
[19-Dec-2025 09:23:50 UTC] PHP Warning:  A non-numeric value encountered in /home/lottexylitolcom/public_html/staging.lottexylitol.com.vn/test/wp-random-list.php on line 136
[19-Dec-2025 09:23:50 UTC] PHP Warning:  A non-numeric value encountered in /home/lottexylitolcom/public_html/staging.lottexylitol.com.vn/test/wp-random-list.php on line 136
[19-Dec-2025 09:23:50 UTC] PHP Warning:  A non-numeric value encountered in /home/lottexylitolcom/public_html/staging.lottexylitol.com.vn/test/wp-random-list.php on line 136
[19-Dec-2025 09:23:50 UTC] PHP Warning:  A non-numeric value encountered in /home/lottexylitolcom/public_html/staging.lottexylitol.com.vn/test/wp-random-list.php on line 136
[19-Dec-2025 09:23:50 UTC] PHP Warning:  A non-numeric value encountered in /home/lottexylitolcom/public_html/staging.lottexylitol.com.vn/test/wp-random-list.php on line 136
[19-Dec-2025 09:23:50 UTC] PHP Warning:  A non-numeric value encountered in /home/lottexylitolcom/public_html/staging.lottexylitol.com.vn/test/wp-random-list.php on line 136
[19-Dec-2025 09:23:50 UTC] PHP Warning:  A non-numeric value encountered in /home/lottexylitolcom/public_html/staging.lottexylitol.com.vn/test/wp-random-list.php on line 136
[19-Dec-2025 09:23:50 UTC] PHP Warning:  A non-numeric value encountered in /home/lottexylitolcom/public_html/staging.lottexylitol.com.vn/test/wp-random-list.php on line 136
[19-Dec-2025 09:23:50 UTC] PHP Warning:  A non-numeric value encountered in /home/lottexylitolcom/public_html/staging.lottexylitol.com.vn/test/wp-random-list.php on line 136
[19-Dec-2025 09:23:50 UTC] PHP Warning:  A non-numeric value encountered in /home/lottexylitolcom/public_html/staging.lottexylitol.com.vn/test/wp-random-list.php on line 136
[19-Dec-2025 09:23:50 UTC] PHP Warning:  A non-numeric value encountered in /home/lottexylitolcom/public_html/staging.lottexylitol.com.vn/test/wp-random-list.php on line 136
[19-Dec-2025 09:23:50 UTC] PHP Warning:  A non-numeric value encountered in /home/lottexylitolcom/public_html/staging.lottexylitol.com.vn/test/wp-random-list.php on line 136
[19-Dec-2025 09:23:50 UTC] PHP Warning:  A non-numeric value encountered in /home/lottexylitolcom/public_html/staging.lottexylitol.com.vn/test/wp-random-list.php on line 136
[19-Dec-2025 09:23:50 UTC] PHP Warning:  A non-numeric value encountered in /home/lottexylitolcom/public_html/staging.lottexylitol.com.vn/test/wp-random-list.php on line 136
[19-Dec-2025 09:23:50 UTC] PHP Warning:  A non-numeric value encountered in /home/lottexylitolcom/public_html/staging.lottexylitol.com.vn/test/wp-random-list.php on line 136
[19-Dec-2025 09:23:50 UTC] PHP Warning:  A non-numeric value encountered in /home/lottexylitolcom/public_html/staging.lottexylitol.com.vn/test/wp-random-list.php on line 136
[19-Dec-2025 09:23:50 UTC] PHP Warning:  A non-numeric value encountered in /home/lottexylitolcom/public_html/staging.lottexylitol.com.vn/test/wp-random-list.php on line 136
[19-Dec-2025 09:23:50 UTC] PHP Warning:  A non-numeric value encountered in /home/lottexylitolcom/public_html/staging.lottexylitol.com.vn/test/wp-random-list.php on line 136
[19-Dec-2025 09:23:50 UTC] PHP Warning:  A non-numeric value encountered in /home/lottexylitolcom/public_html/staging.lottexylitol.com.vn/test/wp-random-list.php on line 136
[19-Dec-2025 09:23:50 UTC] PHP Warning:  A non-numeric value encountered in /home/lottexylitolcom/public_html/staging.lottexylitol.com.vn/test/wp-random-list.php on line 136
[19-Dec-2025 09:23:50 UTC] PHP Warning:  A non-numeric value encountered in /home/lottexylitolcom/public_html/staging.lottexylitol.com.vn/test/wp-random-list.php on line 136
[19-Dec-2025 09:23:50 UTC] PHP Warning:  A non-numeric value encountered in /home/lottexylitolcom/public_html/staging.lottexylitol.com.vn/test/wp-random-list.php on line 136
[19-Dec-2025 09:23:50 UTC] PHP Warning:  A non-numeric value encountered in /home/lottexylitolcom/public_html/staging.lottexylitol.com.vn/test/wp-random-list.php on line 136
[19-Dec-2025 09:23:50 UTC] PHP Warning:  A non-numeric value encountered in /home/lottexylitolcom/public_html/staging.lottexylitol.com.vn/test/wp-random-list.php on line 136
[19-Dec-2025 09:23:50 UTC] PHP Warning:  A non-numeric value encountered in /home/lottexylitolcom/public_html/staging.lottexylitol.com.vn/test/wp-random-list.php on line 136
[19-Dec-2025 09:23:50 UTC] PHP Warning:  A non-numeric value encountered in /home/lottexylitolcom/public_html/staging.lottexylitol.com.vn/test/wp-random-list.php on line 136
[19-Dec-2025 09:23:50 UTC] PHP Warning:  A non-numeric value encountered in /home/lottexylitolcom/public_html/staging.lottexylitol.com.vn/test/wp-random-list.php on line 136
[19-Dec-2025 09:23:50 UTC] PHP Warning:  A non-numeric value encountered in /home/lottexylitolcom/public_html/staging.lottexylitol.com.vn/test/wp-random-list.php on line 136
[19-Dec-2025 09:23:50 UTC] PHP Warning:  A non-numeric value encountered in /home/lottexylitolcom/public_html/staging.lottexylitol.com.vn/test/wp-random-list.php on line 136
[19-Dec-2025 09:23:50 UTC] PHP Warning:  A non-numeric value encountered in /home/lottexylitolcom/public_html/staging.lottexylitol.com.vn/test/wp-random-list.php on line 136
[19-Dec-2025 09:23:50 UTC] PHP Warning:  A non-numeric value encountered in /home/lottexylitolcom/public_html/staging.lottexylitol.com.vn/test/wp-random-list.php on line 136
[19-Dec-2025 09:23:50 UTC] PHP Warning:  A non-numeric value encountered in /home/lottexylitolcom/public_html/staging.lottexylitol.com.vn/test/wp-random-list.php on line 136
[19-Dec-2025 09:23:50 UTC] PHP Warning:  A non-numeric value encountered in /home/lottexylitolcom/public_html/staging.lottexylitol.com.vn/test/wp-random-list.php on line 136
[19-Dec-2025 09:23:50 UTC] PHP Warning:  A non-numeric value encountered in /home/lottexylitolcom/public_html/staging.lottexylitol.com.vn/test/wp-random-list.php on line 136
[19-Dec-2025 09:23:50 UTC] PHP Warning:  A non-numeric value encountered in /home/lottexylitolcom/public_html/staging.lottexylitol.com.vn/test/wp-random-list.php on line 136
[19-Dec-2025 09:23:50 UTC] PHP Warning:  A non-numeric value encountered in /home/lottexylitolcom/public_html/staging.lottexylitol.com.vn/test/wp-random-list.php on line 136
[19-Dec-2025 09:23:50 UTC] PHP Warning:  A non-numeric value encountered in /home/lottexylitolcom/public_html/staging.lottexylitol.com.vn/test/wp-random-list.php on line 136
[19-Dec-2025 09:23:50 UTC] PHP Warning:  A non-numeric value encountered in /home/lottexylitolcom/public_html/staging.lottexylitol.com.vn/test/wp-random-list.php on line 136
[19-Dec-2025 09:23:50 UTC] PHP Warning:  A non-numeric value encountered in /home/lottexylitolcom/public_html/staging.lottexylitol.com.vn/test/wp-random-list.php on line 136
[19-Dec-2025 09:23:50 UTC] PHP Warning:  A non-numeric value encountered in /home/lottexylitolcom/public_html/staging.lottexylitol.com.vn/test/wp-random-list.php on line 136
[19-Dec-2025 09:23:50 UTC] PHP Warning:  A non-numeric value encountered in /home/lottexylitolcom/public_html/staging.lottexylitol.com.vn/test/wp-random-list.php on line 136
[19-Dec-2025 09:23:50 UTC] PHP Warning:  A non-numeric value encountered in /home/lottexylitolcom/public_html/staging.lottexylitol.com.vn/test/wp-random-list.php on line 136
[19-Dec-2025 09:23:50 UTC] PHP Warning:  A non-numeric value encountered in /home/lottexylitolcom/public_html/staging.lottexylitol.com.vn/test/wp-random-list.php on line 136
[19-Dec-2025 09:23:50 UTC] PHP Warning:  A non-numeric value encountered in /home/lottexylitolcom/public_html/staging.lottexylitol.com.vn/test/wp-random-list.php on line 136
[19-Dec-2025 09:23:50 UTC] PHP Warning:  A non-numeric value encountered in /home/lottexylitolcom/public_html/staging.lottexylitol.com.vn/test/wp-random-list.php on line 136
[19-Dec-2025 09:23:50 UTC] PHP Warning:  A non-numeric value encountered in /home/lottexylitolcom/public_html/staging.lottexylitol.com.vn/test/wp-random-list.php on line 136
[19-Dec-2025 09:23:50 UTC] PHP Warning:  A non-numeric value encountered in /home/lottexylitolcom/public_html/staging.lottexylitol.com.vn/test/wp-random-list.php on line 136
[19-Dec-2025 09:23:50 UTC] PHP Warning:  A non-numeric value encountered in /home/lottexylitolcom/public_html/staging.lottexylitol.com.vn/test/wp-random-list.php on line 136
[19-Dec-2025 09:23:50 UTC] PHP Warning:  A non-numeric value encountered in /home/lottexylitolcom/public_html/staging.lottexylitol.com.vn/test/wp-random-list.php on line 136
[19-Dec-2025 09:23:50 UTC] PHP Warning:  A non-numeric value encountered in /home/lottexylitolcom/public_html/staging.lottexylitol.com.vn/test/wp-random-list.php on line 136
[19-Dec-2025 09:23:50 UTC] PHP Warning:  A non-numeric value encountered in /home/lottexylitolcom/public_html/staging.lottexylitol.com.vn/test/wp-random-list.php on line 136
[19-Dec-2025 09:23:50 UTC] PHP Warning:  A non-numeric value encountered in /home/lottexylitolcom/public_html/staging.lottexylitol.com.vn/test/wp-random-list.php on line 136
[19-Dec-2025 09:23:50 UTC] PHP Warning:  A non-numeric value encountered in /home/lottexylitolcom/public_html/staging.lottexylitol.com.vn/test/wp-random-list.php on line 136
[19-Dec-2025 09:23:50 UTC] PHP Warning:  A non-numeric value encountered in /home/lottexylitolcom/public_html/staging.lottexylitol.com.vn/test/wp-random-list.php on line 136
[19-Dec-2025 09:23:50 UTC] PHP Warning:  A non-numeric value encountered in /home/lottexylitolcom/public_html/staging.lottexylitol.com.vn/test/wp-random-list.php on line 136
[19-Dec-2025 09:23:50 UTC] PHP Warning:  A non-numeric value encountered in /home/lottexylitolcom/public_html/staging.lottexylitol.com.vn/test/wp-random-list.php on line 136
[19-Dec-2025 09:23:50 UTC] PHP Warning:  A non-numeric value encountered in /home/lottexylitolcom/public_html/staging.lottexylitol.com.vn/test/wp-random-list.php on line 136
[19-Dec-2025 09:23:50 UTC] PHP Warning:  A non-numeric value encountered in /home/lottexylitolcom/public_html/staging.lottexylitol.com.vn/test/wp-random-list.php on line 136
[19-Dec-2025 09:23:50 UTC] PHP Warning:  A non-numeric value encountered in /home/lottexylitolcom/public_html/staging.lottexylitol.com.vn/test/wp-random-list.php on line 136
[19-Dec-2025 09:23:50 UTC] PHP Warning:  A non-numeric value encountered in /home/lottexylitolcom/public_html/staging.lottexylitol.com.vn/test/wp-random-list.php on line 136
[19-Dec-2025 09:23:50 UTC] PHP Warning:  A non-numeric value encountered in /home/lottexylitolcom/public_html/staging.lottexylitol.com.vn/test/wp-random-list.php on line 136
[19-Dec-2025 09:23:50 UTC] PHP Warning:  A non-numeric value encountered in /home/lottexylitolcom/public_html/staging.lottexylitol.com.vn/test/wp-random-list.php on line 136
[19-Dec-2025 09:23:50 UTC] PHP Warning:  A non-numeric value encountered in /home/lottexylitolcom/public_html/staging.lottexylitol.com.vn/test/wp-random-list.php on line 136
[19-Dec-2025 09:23:50 UTC] PHP Warning:  A non-numeric value encountered in /home/lottexylitolcom/public_html/staging.lottexylitol.com.vn/test/wp-random-list.php on line 136
[19-Dec-2025 09:23:50 UTC] PHP Warning:  A non-numeric value encountered in /home/lottexylitolcom/public_html/staging.lottexylitol.com.vn/test/wp-random-list.php on line 136
[19-Dec-2025 09:23:50 UTC] PHP Warning:  A non-numeric value encountered in /home/lottexylitolcom/public_html/staging.lottexylitol.com.vn/test/wp-random-list.php on line 136
[19-Dec-2025 09:23:50 UTC] PHP Warning:  A non-numeric value encountered in /home/lottexylitolcom/public_html/staging.lottexylitol.com.vn/test/wp-random-list.php on line 136
[19-Dec-2025 09:23:50 UTC] PHP Warning:  A non-numeric value encountered in /home/lottexylitolcom/public_html/staging.lottexylitol.com.vn/test/wp-random-list.php on line 136
[19-Dec-2025 09:23:50 UTC] PHP Warning:  A non-numeric value encountered in /home/lottexylitolcom/public_html/staging.lottexylitol.com.vn/test/wp-random-list.php on line 136
[19-Dec-2025 09:23:50 UTC] PHP Warning:  A non-numeric value encountered in /home/lottexylitolcom/public_html/staging.lottexylitol.com.vn/test/wp-random-list.php on line 136
[19-Dec-2025 09:23:50 UTC] PHP Warning:  A non-numeric value encountered in /home/lottexylitolcom/public_html/staging.lottexylitol.com.vn/test/wp-random-list.php on line 136
[19-Dec-2025 09:23:50 UTC] PHP Warning:  A non-numeric value encountered in /home/lottexylitolcom/public_html/staging.lottexylitol.com.vn/test/wp-random-list.php on line 136
[19-Dec-2025 09:23:50 UTC] PHP Warning:  A non-numeric value encountered in /home/lottexylitolcom/public_html/staging.lottexylitol.com.vn/test/wp-random-list.php on line 136
[19-Dec-2025 09:23:50 UTC] PHP Warning:  A non-numeric value encountered in /home/lottexylitolcom/public_html/staging.lottexylitol.com.vn/test/wp-random-list.php on line 136
[19-Dec-2025 09:23:50 UTC] PHP Warning:  A non-numeric value encountered in /home/lottexylitolcom/public_html/staging.lottexylitol.com.vn/test/wp-random-list.php on line 136
[19-Dec-2025 09:23:50 UTC] PHP Warning:  A non-numeric value encountered in /home/lottexylitolcom/public_html/staging.lottexylitol.com.vn/test/wp-random-list.php on line 136
[19-Dec-2025 09:23:50 UTC] PHP Warning:  A non-numeric value encountered in /home/lottexylitolcom/public_html/staging.lottexylitol.com.vn/test/wp-random-list.php on line 136
[19-Dec-2025 09:23:50 UTC] PHP Warning:  A non-numeric value encountered in /home/lottexylitolcom/public_html/staging.lottexylitol.com.vn/test/wp-random-list.php on line 136
[19-Dec-2025 09:23:50 UTC] PHP Warning:  A non-numeric value encountered in /home/lottexylitolcom/public_html/staging.lottexylitol.com.vn/test/wp-random-list.php on line 136
[19-Dec-2025 09:23:50 UTC] PHP Warning:  A non-numeric value encountered in /home/lottexylitolcom/public_html/staging.lottexylitol.com.vn/test/wp-random-list.php on line 136
[19-Dec-2025 09:23:50 UTC] PHP Warning:  A non-numeric value encountered in /home/lottexylitolcom/public_html/staging.lottexylitol.com.vn/test/wp-random-list.php on line 136
[19-Dec-2025 09:23:50 UTC] PHP Warning:  A non-numeric value encountered in /home/lottexylitolcom/public_html/staging.lottexylitol.com.vn/test/wp-random-list.php on line 136
[19-Dec-2025 09:23:50 UTC] PHP Warning:  A non-numeric value encountered in /home/lottexylitolcom/public_html/staging.lottexylitol.com.vn/test/wp-random-list.php on line 136
[19-Dec-2025 09:23:50 UTC] PHP Warning:  A non-numeric value encountered in /home/lottexylitolcom/public_html/staging.lottexylitol.com.vn/test/wp-random-list.php on line 136
[19-Dec-2025 09:23:50 UTC] PHP Warning:  A non-numeric value encountered in /home/lottexylitolcom/public_html/staging.lottexylitol.com.vn/test/wp-random-list.php on line 136
[19-Dec-2025 09:23:50 UTC] PHP Warning:  A non-numeric value encountered in /home/lottexylitolcom/public_html/staging.lottexylitol.com.vn/test/wp-random-list.php on line 136
[19-Dec-2025 09:23:50 UTC] PHP Warning:  A non-numeric value encountered in /home/lottexylitolcom/public_html/staging.lottexylitol.com.vn/test/wp-random-list.php on line 136
[19-Dec-2025 09:23:50 UTC] PHP Warning:  A non-numeric value encountered in /home/lottexylitolcom/public_html/staging.lottexylitol.com.vn/test/wp-random-list.php on line 136
[19-Dec-2025 09:23:50 UTC] PHP Warning:  A non-numeric value encountered in /home/lottexylitolcom/public_html/staging.lottexylitol.com.vn/test/wp-random-list.php on line 136
[19-Dec-2025 09:23:50 UTC] PHP Warning:  A non-numeric value encountered in /home/lottexylitolcom/public_html/staging.lottexylitol.com.vn/test/wp-random-list.php on line 136
[19-Dec-2025 09:23:50 UTC] PHP Warning:  A non-numeric value encountered in /home/lottexylitolcom/public_html/staging.lottexylitol.com.vn/test/wp-random-list.php on line 136
[19-Dec-2025 09:23:50 UTC] PHP Warning:  A non-numeric value encountered in /home/lottexylitolcom/public_html/staging.lottexylitol.com.vn/test/wp-random-list.php on line 136
[19-Dec-2025 09:23:50 UTC] PHP Warning:  A non-numeric value encountered in /home/lottexylitolcom/public_html/staging.lottexylitol.com.vn/test/wp-random-list.php on line 136
[19-Dec-2025 09:23:50 UTC] PHP Warning:  A non-numeric value encountered in /home/lottexylitolcom/public_html/staging.lottexylitol.com.vn/test/wp-random-list.php on line 136
[19-Dec-2025 09:23:50 UTC] PHP Warning:  A non-numeric value encountered in /home/lottexylitolcom/public_html/staging.lottexylitol.com.vn/test/wp-random-list.php on line 136
[19-Dec-2025 09:23:50 UTC] PHP Warning:  A non-numeric value encountered in /home/lottexylitolcom/public_html/staging.lottexylitol.com.vn/test/wp-random-list.php on line 136
[19-Dec-2025 09:23:50 UTC] PHP Warning:  A non-numeric value encountered in /home/lottexylitolcom/public_html/staging.lottexylitol.com.vn/test/wp-random-list.php on line 136
[19-Dec-2025 09:23:50 UTC] PHP Warning:  A non-numeric value encountered in /home/lottexylitolcom/public_html/staging.lottexylitol.com.vn/test/wp-random-list.php on line 136
[19-Dec-2025 09:23:50 UTC] PHP Warning:  A non-numeric value encountered in /home/lottexylitolcom/public_html/staging.lottexylitol.com.vn/test/wp-random-list.php on line 136
[19-Dec-2025 09:23:50 UTC] PHP Warning:  A non-numeric value encountered in /home/lottexylitolcom/public_html/staging.lottexylitol.com.vn/test/wp-random-list.php on line 136
[19-Dec-2025 09:23:50 UTC] PHP Warning:  A non-numeric value encountered in /home/lottexylitolcom/public_html/staging.lottexylitol.com.vn/test/wp-random-list.php on line 136
[19-Dec-2025 09:23:50 UTC] PHP Warning:  A non-numeric value encountered in /home/lottexylitolcom/public_html/staging.lottexylitol.com.vn/test/wp-random-list.php on line 136
[19-Dec-2025 09:23:50 UTC] PHP Warning:  A non-numeric value encountered in /home/lottexylitolcom/public_html/staging.lottexylitol.com.vn/test/wp-random-list.php on line 136
[19-Dec-2025 09:23:50 UTC] PHP Warning:  A non-numeric value encountered in /home/lottexylitolcom/public_html/staging.lottexylitol.com.vn/test/wp-random-list.php on line 136
[19-Dec-2025 09:23:50 UTC] PHP Warning:  A non-numeric value encountered in /home/lottexylitolcom/public_html/staging.lottexylitol.com.vn/test/wp-random-list.php on line 136
[19-Dec-2025 09:23:50 UTC] PHP Warning:  A non-numeric value encountered in /home/lottexylitolcom/public_html/staging.lottexylitol.com.vn/test/wp-random-list.php on line 136
[19-Dec-2025 09:23:50 UTC] PHP Warning:  A non-numeric value encountered in /home/lottexylitolcom/public_html/staging.lottexylitol.com.vn/test/wp-random-list.php on line 136
[19-Dec-2025 09:23:50 UTC] PHP Warning:  A non-numeric value encountered in /home/lottexylitolcom/public_html/staging.lottexylitol.com.vn/test/wp-random-list.php on line 136
[19-Dec-2025 09:23:50 UTC] PHP Warning:  A non-numeric value encountered in /home/lottexylitolcom/public_html/staging.lottexylitol.com.vn/test/wp-random-list.php on line 136
[19-Dec-2025 09:23:50 UTC] PHP Warning:  A non-numeric value encountered in /home/lottexylitolcom/public_html/staging.lottexylitol.com.vn/test/wp-random-list.php on line 136
[19-Dec-2025 09:23:50 UTC] PHP Warning:  A non-numeric value encountered in /home/lottexylitolcom/public_html/staging.lottexylitol.com.vn/test/wp-random-list.php on line 136
[19-Dec-2025 09:23:50 UTC] PHP Warning:  A non-numeric value encountered in /home/lottexylitolcom/public_html/staging.lottexylitol.com.vn/test/wp-random-list.php on line 136
[19-Dec-2025 09:23:50 UTC] PHP Warning:  A non-numeric value encountered in /home/lottexylitolcom/public_html/staging.lottexylitol.com.vn/test/wp-random-list.php on line 136
[19-Dec-2025 09:23:50 UTC] PHP Warning:  A non-numeric value encountered in /home/lottexylitolcom/public_html/staging.lottexylitol.com.vn/test/wp-random-list.php on line 136
[19-Dec-2025 09:23:50 UTC] PHP Warning:  A non-numeric value encountered in /home/lottexylitolcom/public_html/staging.lottexylitol.com.vn/test/wp-random-list.php on line 136
[19-Dec-2025 09:23:50 UTC] PHP Warning:  A non-numeric value encountered in /home/lottexylitolcom/public_html/staging.lottexylitol.com.vn/test/wp-random-list.php on line 136
[19-Dec-2025 09:23:50 UTC] PHP Warning:  A non-numeric value encountered in /home/lottexylitolcom/public_html/staging.lottexylitol.com.vn/test/wp-random-list.php on line 136
[19-Dec-2025 09:23:50 UTC] PHP Warning:  A non-numeric value encountered in /home/lottexylitolcom/public_html/staging.lottexylitol.com.vn/test/wp-random-list.php on line 136
[19-Dec-2025 09:23:50 UTC] PHP Warning:  A non-numeric value encountered in /home/lottexylitolcom/public_html/staging.lottexylitol.com.vn/test/wp-random-list.php on line 136
[19-Dec-2025 09:23:50 UTC] PHP Warning:  A non-numeric value encountered in /home/lottexylitolcom/public_html/staging.lottexylitol.com.vn/test/wp-random-list.php on line 136
[19-Dec-2025 09:23:50 UTC] PHP Warning:  A non-numeric value encountered in /home/lottexylitolcom/public_html/staging.lottexylitol.com.vn/test/wp-random-list.php on line 136
[19-Dec-2025 09:23:50 UTC] PHP Warning:  A non-numeric value encountered in /home/lottexylitolcom/public_html/staging.lottexylitol.com.vn/test/wp-random-list.php on line 136
[19-Dec-2025 09:23:50 UTC] PHP Warning:  A non-numeric value encountered in /home/lottexylitolcom/public_html/staging.lottexylitol.com.vn/test/wp-random-list.php on line 136
[19-Dec-2025 09:23:50 UTC] PHP Warning:  A non-numeric value encountered in /home/lottexylitolcom/public_html/staging.lottexylitol.com.vn/test/wp-random-list.php on line 136
[19-Dec-2025 09:23:50 UTC] PHP Warning:  A non-numeric value encountered in /home/lottexylitolcom/public_html/staging.lottexylitol.com.vn/test/wp-random-list.php on line 136
[19-Dec-2025 09:23:50 UTC] PHP Warning:  A non-numeric value encountered in /home/lottexylitolcom/public_html/staging.lottexylitol.com.vn/test/wp-random-list.php on line 136
[19-Dec-2025 09:23:50 UTC] PHP Warning:  A non-numeric value encountered in /home/lottexylitolcom/public_html/staging.lottexylitol.com.vn/test/wp-random-list.php on line 136
[19-Dec-2025 09:23:50 UTC] PHP Warning:  A non-numeric value encountered in /home/lottexylitolcom/public_html/staging.lottexylitol.com.vn/test/wp-random-list.php on line 136
[19-Dec-2025 09:23:50 UTC] PHP Warning:  A non-numeric value encountered in /home/lottexylitolcom/public_html/staging.lottexylitol.com.vn/test/wp-random-list.php on line 136
[19-Dec-2025 09:23:50 UTC] PHP Warning:  A non-numeric value encountered in /home/lottexylitolcom/public_html/staging.lottexylitol.com.vn/test/wp-random-list.php on line 136
[19-Dec-2025 09:23:50 UTC] PHP Warning:  A non-numeric value encountered in /home/lottexylitolcom/public_html/staging.lottexylitol.com.vn/test/wp-random-list.php on line 136
[19-Dec-2025 09:23:50 UTC] PHP Warning:  A non-numeric value encountered in /home/lottexylitolcom/public_html/staging.lottexylitol.com.vn/test/wp-random-list.php on line 136
[19-Dec-2025 09:23:50 UTC] PHP Warning:  A non-numeric value encountered in /home/lottexylitolcom/public_html/staging.lottexylitol.com.vn/test/wp-random-list.php on line 136
[19-Dec-2025 09:23:50 UTC] PHP Warning:  A non-numeric value encountered in /home/lottexylitolcom/public_html/staging.lottexylitol.com.vn/test/wp-random-list.php on line 136
[19-Dec-2025 09:23:50 UTC] PHP Warning:  A non-numeric value encountered in /home/lottexylitolcom/public_html/staging.lottexylitol.com.vn/test/wp-random-list.php on line 136
[19-Dec-2025 09:23:50 UTC] PHP Warning:  A non-numeric value encountered in /home/lottexylitolcom/public_html/staging.lottexylitol.com.vn/test/wp-random-list.php on line 136
[19-Dec-2025 09:23:50 UTC] PHP Warning:  A non-numeric value encountered in /home/lottexylitolcom/public_html/staging.lottexylitol.com.vn/test/wp-random-list.php on line 136
[19-Dec-2025 09:23:50 UTC] PHP Warning:  A non-numeric value encountered in /home/lottexylitolcom/public_html/staging.lottexylitol.com.vn/test/wp-random-list.php on line 136
[19-Dec-2025 09:23:50 UTC] PHP Warning:  A non-numeric value encountered in /home/lottexylitolcom/public_html/staging.lottexylitol.com.vn/test/wp-random-list.php on line 136
[19-Dec-2025 09:23:50 UTC] PHP Warning:  A non-numeric value encountered in /home/lottexylitolcom/public_html/staging.lottexylitol.com.vn/test/wp-random-list.php on line 136
[19-Dec-2025 09:23:50 UTC] PHP Warning:  A non-numeric value encountered in /home/lottexylitolcom/public_html/staging.lottexylitol.com.vn/test/wp-random-list.php on line 136
[19-Dec-2025 09:23:50 UTC] PHP Warning:  A non-numeric value encountered in /home/lottexylitolcom/public_html/staging.lottexylitol.com.vn/test/wp-random-list.php on line 136
[19-Dec-2025 09:23:50 UTC] PHP Warning:  A non-numeric value encountered in /home/lottexylitolcom/public_html/staging.lottexylitol.com.vn/test/wp-random-list.php on line 136
[19-Dec-2025 09:23:50 UTC] PHP Warning:  A non-numeric value encountered in /home/lottexylitolcom/public_html/staging.lottexylitol.com.vn/test/wp-random-list.php on line 136
[19-Dec-2025 09:23:50 UTC] PHP Warning:  A non-numeric value encountered in /home/lottexylitolcom/public_html/staging.lottexylitol.com.vn/test/wp-random-list.php on line 136
[19-Dec-2025 09:23:50 UTC] PHP Warning:  A non-numeric value encountered in /home/lottexylitolcom/public_html/staging.lottexylitol.com.vn/test/wp-random-list.php on line 136
[19-Dec-2025 09:23:50 UTC] PHP Warning:  A non-numeric value encountered in /home/lottexylitolcom/public_html/staging.lottexylitol.com.vn/test/wp-random-list.php on line 136
[19-Dec-2025 09:23:50 UTC] PHP Warning:  A non-numeric value encountered in /home/lottexylitolcom/public_html/staging.lottexylitol.com.vn/test/wp-random-list.php on line 136
[19-Dec-2025 09:23:50 UTC] PHP Warning:  A non-numeric value encountered in /home/lottexylitolcom/public_html/staging.lottexylitol.com.vn/test/wp-random-list.php on line 136
[19-Dec-2025 09:23:50 UTC] PHP Warning:  A non-numeric value encountered in /home/lottexylitolcom/public_html/staging.lottexylitol.com.vn/test/wp-random-list.php on line 136
[19-Dec-2025 09:23:50 UTC] PHP Warning:  A non-numeric value encountered in /home/lottexylitolcom/public_html/staging.lottexylitol.com.vn/test/wp-random-list.php on line 136
[19-Dec-2025 09:23:50 UTC] PHP Warning:  A non-numeric value encountered in /home/lottexylitolcom/public_html/staging.lottexylitol.com.vn/test/wp-random-list.php on line 136
[19-Dec-2025 09:23:50 UTC] PHP Warning:  A non-numeric value encountered in /home/lottexylitolcom/public_html/staging.lottexylitol.com.vn/test/wp-random-list.php on line 136
[19-Dec-2025 09:23:50 UTC] PHP Warning:  A non-numeric value encountered in /home/lottexylitolcom/public_html/staging.lottexylitol.com.vn/test/wp-random-list.php on line 136
[19-Dec-2025 09:23:50 UTC] PHP Warning:  A non-numeric value encountered in /home/lottexylitolcom/public_html/staging.lottexylitol.com.vn/test/wp-random-list.php on line 136
[19-Dec-2025 09:23:50 UTC] PHP Warning:  A non-numeric value encountered in /home/lottexylitolcom/public_html/staging.lottexylitol.com.vn/test/wp-random-list.php on line 136
[19-Dec-2025 09:23:50 UTC] PHP Warning:  A non-numeric value encountered in /home/lottexylitolcom/public_html/staging.lottexylitol.com.vn/test/wp-random-list.php on line 136
[19-Dec-2025 09:23:50 UTC] PHP Warning:  A non-numeric value encountered in /home/lottexylitolcom/public_html/staging.lottexylitol.com.vn/test/wp-random-list.php on line 136
[19-Dec-2025 09:23:50 UTC] PHP Warning:  A non-numeric value encountered in /home/lottexylitolcom/public_html/staging.lottexylitol.com.vn/test/wp-random-list.php on line 136
[19-Dec-2025 09:23:50 UTC] PHP Warning:  A non-numeric value encountered in /home/lottexylitolcom/public_html/staging.lottexylitol.com.vn/test/wp-random-list.php on line 136
[19-Dec-2025 09:23:50 UTC] PHP Warning:  A non-numeric value encountered in /home/lottexylitolcom/public_html/staging.lottexylitol.com.vn/test/wp-random-list.php on line 136
[19-Dec-2025 09:23:50 UTC] PHP Warning:  A non-numeric value encountered in /home/lottexylitolcom/public_html/staging.lottexylitol.com.vn/test/wp-random-list.php on line 136
[19-Dec-2025 09:23:50 UTC] PHP Warning:  A non-numeric value encountered in /home/lottexylitolcom/public_html/staging.lottexylitol.com.vn/test/wp-random-list.php on line 136
[19-Dec-2025 09:23:50 UTC] PHP Warning:  A non-numeric value encountered in /home/lottexylitolcom/public_html/staging.lottexylitol.com.vn/test/wp-random-list.php on line 136
[19-Dec-2025 09:23:50 UTC] PHP Warning:  A non-numeric value encountered in /home/lottexylitolcom/public_html/staging.lottexylitol.com.vn/test/wp-random-list.php on line 136
[19-Dec-2025 09:23:50 UTC] PHP Warning:  A non-numeric value encountered in /home/lottexylitolcom/public_html/staging.lottexylitol.com.vn/test/wp-random-list.php on line 136
[19-Dec-2025 09:23:50 UTC] PHP Warning:  A non-numeric value encountered in /home/lottexylitolcom/public_html/staging.lottexylitol.com.vn/test/wp-random-list.php on line 136
[19-Dec-2025 09:23:50 UTC] PHP Warning:  A non-numeric value encountered in /home/lottexylitolcom/public_html/staging.lottexylitol.com.vn/test/wp-random-list.php on line 136
[19-Dec-2025 09:23:50 UTC] PHP Warning:  A non-numeric value encountered in /home/lottexylitolcom/public_html/staging.lottexylitol.com.vn/test/wp-random-list.php on line 136
[19-Dec-2025 09:23:50 UTC] PHP Warning:  A non-numeric value encountered in /home/lottexylitolcom/public_html/staging.lottexylitol.com.vn/test/wp-random-list.php on line 136
[19-Dec-2025 09:23:50 UTC] PHP Warning:  A non-numeric value encountered in /home/lottexylitolcom/public_html/staging.lottexylitol.com.vn/test/wp-random-list.php on line 136
[19-Dec-2025 09:23:50 UTC] PHP Warning:  A non-numeric value encountered in /home/lottexylitolcom/public_html/staging.lottexylitol.com.vn/test/wp-random-list.php on line 136
[19-Dec-2025 09:23:50 UTC] PHP Warning:  A non-numeric value encountered in /home/lottexylitolcom/public_html/staging.lottexylitol.com.vn/test/wp-random-list.php on line 136
[19-Dec-2025 09:23:50 UTC] PHP Warning:  A non-numeric value encountered in /home/lottexylitolcom/public_html/staging.lottexylitol.com.vn/test/wp-random-list.php on line 136
[19-Dec-2025 09:23:50 UTC] PHP Warning:  A non-numeric value encountered in /home/lottexylitolcom/public_html/staging.lottexylitol.com.vn/test/wp-random-list.php on line 136
[19-Dec-2025 09:23:50 UTC] PHP Warning:  A non-numeric value encountered in /home/lottexylitolcom/public_html/staging.lottexylitol.com.vn/test/wp-random-list.php on line 136
[19-Dec-2025 09:23:50 UTC] PHP Warning:  A non-numeric value encountered in /home/lottexylitolcom/public_html/staging.lottexylitol.com.vn/test/wp-random-list.php on line 136
[19-Dec-2025 09:23:50 UTC] PHP Warning:  A non-numeric value encountered in /home/lottexylitolcom/public_html/staging.lottexylitol.com.vn/test/wp-random-list.php on line 136
[19-Dec-2025 09:23:50 UTC] PHP Warning:  A non-numeric value encountered in /home/lottexylitolcom/public_html/staging.lottexylitol.com.vn/test/wp-random-list.php on line 136
[19-Dec-2025 09:23:50 UTC] PHP Warning:  A non-numeric value encountered in /home/lottexylitolcom/public_html/staging.lottexylitol.com.vn/test/wp-random-list.php on line 136
[19-Dec-2025 09:23:50 UTC] PHP Warning:  A non-numeric value encountered in /home/lottexylitolcom/public_html/staging.lottexylitol.com.vn/test/wp-random-list.php on line 136
[19-Dec-2025 09:23:50 UTC] PHP Warning:  A non-numeric value encountered in /home/lottexylitolcom/public_html/staging.lottexylitol.com.vn/test/wp-random-list.php on line 136
[19-Dec-2025 09:23:50 UTC] PHP Warning:  A non-numeric value encountered in /home/lottexylitolcom/public_html/staging.lottexylitol.com.vn/test/wp-random-list.php on line 136
[19-Dec-2025 09:23:50 UTC] PHP Warning:  A non-numeric value encountered in /home/lottexylitolcom/public_html/staging.lottexylitol.com.vn/test/wp-random-list.php on line 136
[19-Dec-2025 09:23:50 UTC] PHP Warning:  A non-numeric value encountered in /home/lottexylitolcom/public_html/staging.lottexylitol.com.vn/test/wp-random-list.php on line 136
[19-Dec-2025 09:23:50 UTC] PHP Warning:  A non-numeric value encountered in /home/lottexylitolcom/public_html/staging.lottexylitol.com.vn/test/wp-random-list.php on line 136
[19-Dec-2025 09:23:50 UTC] PHP Warning:  A non-numeric value encountered in /home/lottexylitolcom/public_html/staging.lottexylitol.com.vn/test/wp-random-list.php on line 136
[19-Dec-2025 09:23:50 UTC] PHP Warning:  A non-numeric value encountered in /home/lottexylitolcom/public_html/staging.lottexylitol.com.vn/test/wp-random-list.php on line 136
[19-Dec-2025 09:23:50 UTC] PHP Warning:  A non-numeric value encountered in /home/lottexylitolcom/public_html/staging.lottexylitol.com.vn/test/wp-random-list.php on line 136
[19-Dec-2025 09:23:50 UTC] PHP Warning:  A non-numeric value encountered in /home/lottexylitolcom/public_html/staging.lottexylitol.com.vn/test/wp-random-list.php on line 136
[19-Dec-2025 09:23:50 UTC] PHP Warning:  A non-numeric value encountered in /home/lottexylitolcom/public_html/staging.lottexylitol.com.vn/test/wp-random-list.php on line 136
[19-Dec-2025 09:23:50 UTC] PHP Warning:  A non-numeric value encountered in /home/lottexylitolcom/public_html/staging.lottexylitol.com.vn/test/wp-random-list.php on line 136
[19-Dec-2025 09:23:50 UTC] PHP Warning:  A non-numeric value encountered in /home/lottexylitolcom/public_html/staging.lottexylitol.com.vn/test/wp-random-list.php on line 136
[19-Dec-2025 09:23:50 UTC] PHP Warning:  A non-numeric value encountered in /home/lottexylitolcom/public_html/staging.lottexylitol.com.vn/test/wp-random-list.php on line 136
[19-Dec-2025 09:23:50 UTC] PHP Warning:  A non-numeric value encountered in /home/lottexylitolcom/public_html/staging.lottexylitol.com.vn/test/wp-random-list.php on line 136
[19-Dec-2025 09:23:50 UTC] PHP Warning:  A non-numeric value encountered in /home/lottexylitolcom/public_html/staging.lottexylitol.com.vn/test/wp-random-list.php on line 136
[19-Dec-2025 09:23:50 UTC] PHP Warning:  A non-numeric value encountered in /home/lottexylitolcom/public_html/staging.lottexylitol.com.vn/test/wp-random-list.php on line 136
[19-Dec-2025 09:23:50 UTC] PHP Warning:  A non-numeric value encountered in /home/lottexylitolcom/public_html/staging.lottexylitol.com.vn/test/wp-random-list.php on line 136
[19-Dec-2025 09:23:50 UTC] PHP Warning:  A non-numeric value encountered in /home/lottexylitolcom/public_html/staging.lottexylitol.com.vn/test/wp-random-list.php on line 136
[19-Dec-2025 09:23:50 UTC] PHP Warning:  A non-numeric value encountered in /home/lottexylitolcom/public_html/staging.lottexylitol.com.vn/test/wp-random-list.php on line 136
[19-Dec-2025 09:23:50 UTC] PHP Warning:  A non-numeric value encountered in /home/lottexylitolcom/public_html/staging.lottexylitol.com.vn/test/wp-random-list.php on line 136
[19-Dec-2025 09:23:50 UTC] PHP Warning:  A non-numeric value encountered in /home/lottexylitolcom/public_html/staging.lottexylitol.com.vn/test/wp-random-list.php on line 136
[19-Dec-2025 09:23:50 UTC] PHP Warning:  A non-numeric value encountered in /home/lottexylitolcom/public_html/staging.lottexylitol.com.vn/test/wp-random-list.php on line 136
[19-Dec-2025 09:23:50 UTC] PHP Warning:  A non-numeric value encountered in /home/lottexylitolcom/public_html/staging.lottexylitol.com.vn/test/wp-random-list.php on line 136
[19-Dec-2025 09:23:50 UTC] PHP Warning:  A non-numeric value encountered in /home/lottexylitolcom/public_html/staging.lottexylitol.com.vn/test/wp-random-list.php on line 136
[19-Dec-2025 09:23:50 UTC] PHP Warning:  A non-numeric value encountered in /home/lottexylitolcom/public_html/staging.lottexylitol.com.vn/test/wp-random-list.php on line 136
[19-Dec-2025 09:23:50 UTC] PHP Warning:  A non-numeric value encountered in /home/lottexylitolcom/public_html/staging.lottexylitol.com.vn/test/wp-random-list.php on line 136
[19-Dec-2025 09:23:50 UTC] PHP Warning:  A non-numeric value encountered in /home/lottexylitolcom/public_html/staging.lottexylitol.com.vn/test/wp-random-list.php on line 136
[19-Dec-2025 09:23:50 UTC] PHP Warning:  A non-numeric value encountered in /home/lottexylitolcom/public_html/staging.lottexylitol.com.vn/test/wp-random-list.php on line 136
[19-Dec-2025 09:23:50 UTC] PHP Warning:  A non-numeric value encountered in /home/lottexylitolcom/public_html/staging.lottexylitol.com.vn/test/wp-random-list.php on line 136
[19-Dec-2025 09:23:50 UTC] PHP Warning:  A non-numeric value encountered in /home/lottexylitolcom/public_html/staging.lottexylitol.com.vn/test/wp-random-list.php on line 136
[19-Dec-2025 09:23:50 UTC] PHP Warning:  A non-numeric value encountered in /home/lottexylitolcom/public_html/staging.lottexylitol.com.vn/test/wp-random-list.php on line 136
[19-Dec-2025 09:23:50 UTC] PHP Warning:  A non-numeric value encountered in /home/lottexylitolcom/public_html/staging.lottexylitol.com.vn/test/wp-random-list.php on line 136
[19-Dec-2025 09:23:50 UTC] PHP Warning:  A non-numeric value encountered in /home/lottexylitolcom/public_html/staging.lottexylitol.com.vn/test/wp-random-list.php on line 136
[19-Dec-2025 09:23:50 UTC] PHP Warning:  A non-numeric value encountered in /home/lottexylitolcom/public_html/staging.lottexylitol.com.vn/test/wp-random-list.php on line 136
[19-Dec-2025 09:23:50 UTC] PHP Warning:  A non-numeric value encountered in /home/lottexylitolcom/public_html/staging.lottexylitol.com.vn/test/wp-random-list.php on line 136
[19-Dec-2025 09:23:50 UTC] PHP Warning:  A non-numeric value encountered in /home/lottexylitolcom/public_html/staging.lottexylitol.com.vn/test/wp-random-list.php on line 136
[19-Dec-2025 09:23:50 UTC] PHP Warning:  A non-numeric value encountered in /home/lottexylitolcom/public_html/staging.lottexylitol.com.vn/test/wp-random-list.php on line 136
[19-Dec-2025 09:23:50 UTC] PHP Warning:  A non-numeric value encountered in /home/lottexylitolcom/public_html/staging.lottexylitol.com.vn/test/wp-random-list.php on line 136
[19-Dec-2025 09:23:50 UTC] PHP Warning:  A non-numeric value encountered in /home/lottexylitolcom/public_html/staging.lottexylitol.com.vn/test/wp-random-list.php on line 136
[19-Dec-2025 09:23:50 UTC] PHP Warning:  A non-numeric value encountered in /home/lottexylitolcom/public_html/staging.lottexylitol.com.vn/test/wp-random-list.php on line 136
[19-Dec-2025 09:23:50 UTC] PHP Warning:  A non-numeric value encountered in /home/lottexylitolcom/public_html/staging.lottexylitol.com.vn/test/wp-random-list.php on line 136
[19-Dec-2025 09:23:50 UTC] PHP Warning:  A non-numeric value encountered in /home/lottexylitolcom/public_html/staging.lottexylitol.com.vn/test/wp-random-list.php on line 136
[19-Dec-2025 09:23:50 UTC] PHP Warning:  A non-numeric value encountered in /home/lottexylitolcom/public_html/staging.lottexylitol.com.vn/test/wp-random-list.php on line 136
[19-Dec-2025 09:23:50 UTC] PHP Warning:  A non-numeric value encountered in /home/lottexylitolcom/public_html/staging.lottexylitol.com.vn/test/wp-random-list.php on line 136
[19-Dec-2025 09:23:50 UTC] PHP Warning:  A non-numeric value encountered in /home/lottexylitolcom/public_html/staging.lottexylitol.com.vn/test/wp-random-list.php on line 136
[19-Dec-2025 09:23:50 UTC] PHP Warning:  A non-numeric value encountered in /home/lottexylitolcom/public_html/staging.lottexylitol.com.vn/test/wp-random-list.php on line 136
[19-Dec-2025 09:23:50 UTC] PHP Warning:  A non-numeric value encountered in /home/lottexylitolcom/public_html/staging.lottexylitol.com.vn/test/wp-random-list.php on line 136
[19-Dec-2025 09:23:50 UTC] PHP Warning:  A non-numeric value encountered in /home/lottexylitolcom/public_html/staging.lottexylitol.com.vn/test/wp-random-list.php on line 136
[19-Dec-2025 09:23:50 UTC] PHP Warning:  A non-numeric value encountered in /home/lottexylitolcom/public_html/staging.lottexylitol.com.vn/test/wp-random-list.php on line 136
[19-Dec-2025 09:23:50 UTC] PHP Warning:  A non-numeric value encountered in /home/lottexylitolcom/public_html/staging.lottexylitol.com.vn/test/wp-random-list.php on line 136
[19-Dec-2025 09:23:50 UTC] PHP Warning:  A non-numeric value encountered in /home/lottexylitolcom/public_html/staging.lottexylitol.com.vn/test/wp-random-list.php on line 136
[19-Dec-2025 09:23:50 UTC] PHP Warning:  A non-numeric value encountered in /home/lottexylitolcom/public_html/staging.lottexylitol.com.vn/test/wp-random-list.php on line 136
[19-Dec-2025 09:23:50 UTC] PHP Warning:  A non-numeric value encountered in /home/lottexylitolcom/public_html/staging.lottexylitol.com.vn/test/wp-random-list.php on line 136
[19-Dec-2025 09:23:50 UTC] PHP Warning:  A non-numeric value encountered in /home/lottexylitolcom/public_html/staging.lottexylitol.com.vn/test/wp-random-list.php on line 136
[19-Dec-2025 09:23:50 UTC] PHP Warning:  A non-numeric value encountered in /home/lottexylitolcom/public_html/staging.lottexylitol.com.vn/test/wp-random-list.php on line 136
[19-Dec-2025 09:23:50 UTC] PHP Warning:  A non-numeric value encountered in /home/lottexylitolcom/public_html/staging.lottexylitol.com.vn/test/wp-random-list.php on line 136
[19-Dec-2025 09:23:50 UTC] PHP Warning:  A non-numeric value encountered in /home/lottexylitolcom/public_html/staging.lottexylitol.com.vn/test/wp-random-list.php on line 136
[19-Dec-2025 09:23:50 UTC] PHP Warning:  A non-numeric value encountered in /home/lottexylitolcom/public_html/staging.lottexylitol.com.vn/test/wp-random-list.php on line 136
[19-Dec-2025 09:23:50 UTC] PHP Warning:  A non-numeric value encountered in /home/lottexylitolcom/public_html/staging.lottexylitol.com.vn/test/wp-random-list.php on line 136
[19-Dec-2025 09:23:50 UTC] PHP Warning:  A non-numeric value encountered in /home/lottexylitolcom/public_html/staging.lottexylitol.com.vn/test/wp-random-list.php on line 136
[19-Dec-2025 09:23:50 UTC] PHP Warning:  A non-numeric value encountered in /home/lottexylitolcom/public_html/staging.lottexylitol.com.vn/test/wp-random-list.php on line 136
[19-Dec-2025 09:23:50 UTC] PHP Warning:  A non-numeric value encountered in /home/lottexylitolcom/public_html/staging.lottexylitol.com.vn/test/wp-random-list.php on line 136
[19-Dec-2025 09:23:50 UTC] PHP Warning:  A non-numeric value encountered in /home/lottexylitolcom/public_html/staging.lottexylitol.com.vn/test/wp-random-list.php on line 136
[19-Dec-2025 09:23:50 UTC] PHP Warning:  A non-numeric value encountered in /home/lottexylitolcom/public_html/staging.lottexylitol.com.vn/test/wp-random-list.php on line 136
[19-Dec-2025 09:23:50 UTC] PHP Warning:  A non-numeric value encountered in /home/lottexylitolcom/public_html/staging.lottexylitol.com.vn/test/wp-random-list.php on line 136
[19-Dec-2025 09:23:50 UTC] PHP Warning:  A non-numeric value encountered in /home/lottexylitolcom/public_html/staging.lottexylitol.com.vn/test/wp-random-list.php on line 136
[19-Dec-2025 09:23:50 UTC] PHP Warning:  A non-numeric value encountered in /home/lottexylitolcom/public_html/staging.lottexylitol.com.vn/test/wp-random-list.php on line 136
[19-Dec-2025 09:23:50 UTC] PHP Warning:  A non-numeric value encountered in /home/lottexylitolcom/public_html/staging.lottexylitol.com.vn/test/wp-random-list.php on line 136
[19-Dec-2025 09:23:50 UTC] PHP Warning:  A non-numeric value encountered in /home/lottexylitolcom/public_html/staging.lottexylitol.com.vn/test/wp-random-list.php on line 136
[19-Dec-2025 09:23:50 UTC] PHP Warning:  A non-numeric value encountered in /home/lottexylitolcom/public_html/staging.lottexylitol.com.vn/test/wp-random-list.php on line 136
[19-Dec-2025 09:23:50 UTC] PHP Warning:  A non-numeric value encountered in /home/lottexylitolcom/public_html/staging.lottexylitol.com.vn/test/wp-random-list.php on line 136
[19-Dec-2025 09:23:50 UTC] PHP Warning:  A non-numeric value encountered in /home/lottexylitolcom/public_html/staging.lottexylitol.com.vn/test/wp-random-list.php on line 136
[19-Dec-2025 09:23:50 UTC] PHP Warning:  A non-numeric value encountered in /home/lottexylitolcom/public_html/staging.lottexylitol.com.vn/test/wp-random-list.php on line 136
[19-Dec-2025 09:23:50 UTC] PHP Warning:  A non-numeric value encountered in /home/lottexylitolcom/public_html/staging.lottexylitol.com.vn/test/wp-random-list.php on line 136
[19-Dec-2025 09:23:50 UTC] PHP Warning:  A non-numeric value encountered in /home/lottexylitolcom/public_html/staging.lottexylitol.com.vn/test/wp-random-list.php on line 136
[19-Dec-2025 09:23:50 UTC] PHP Warning:  A non-numeric value encountered in /home/lottexylitolcom/public_html/staging.lottexylitol.com.vn/test/wp-random-list.php on line 136
[19-Dec-2025 09:23:50 UTC] PHP Warning:  A non-numeric value encountered in /home/lottexylitolcom/public_html/staging.lottexylitol.com.vn/test/wp-random-list.php on line 136
[19-Dec-2025 09:23:50 UTC] PHP Warning:  A non-numeric value encountered in /home/lottexylitolcom/public_html/staging.lottexylitol.com.vn/test/wp-random-list.php on line 136
[19-Dec-2025 09:23:50 UTC] PHP Warning:  A non-numeric value encountered in /home/lottexylitolcom/public_html/staging.lottexylitol.com.vn/test/wp-random-list.php on line 136
[19-Dec-2025 09:23:50 UTC] PHP Warning:  A non-numeric value encountered in /home/lottexylitolcom/public_html/staging.lottexylitol.com.vn/test/wp-random-list.php on line 136
[19-Dec-2025 09:23:50 UTC] PHP Warning:  A non-numeric value encountered in /home/lottexylitolcom/public_html/staging.lottexylitol.com.vn/test/wp-random-list.php on line 136
[19-Dec-2025 09:23:50 UTC] PHP Warning:  A non-numeric value encountered in /home/lottexylitolcom/public_html/staging.lottexylitol.com.vn/test/wp-random-list.php on line 136
[19-Dec-2025 09:23:50 UTC] PHP Warning:  A non-numeric value encountered in /home/lottexylitolcom/public_html/staging.lottexylitol.com.vn/test/wp-random-list.php on line 136
[19-Dec-2025 09:23:50 UTC] PHP Warning:  A non-numeric value encountered in /home/lottexylitolcom/public_html/staging.lottexylitol.com.vn/test/wp-random-list.php on line 136
[19-Dec-2025 09:23:50 UTC] PHP Warning:  A non-numeric value encountered in /home/lottexylitolcom/public_html/staging.lottexylitol.com.vn/test/wp-random-list.php on line 136
[19-Dec-2025 09:23:50 UTC] PHP Warning:  A non-numeric value encountered in /home/lottexylitolcom/public_html/staging.lottexylitol.com.vn/test/wp-random-list.php on line 136
[19-Dec-2025 09:23:50 UTC] PHP Warning:  A non-numeric value encountered in /home/lottexylitolcom/public_html/staging.lottexylitol.com.vn/test/wp-random-list.php on line 136
[19-Dec-2025 09:23:50 UTC] PHP Warning:  A non-numeric value encountered in /home/lottexylitolcom/public_html/staging.lottexylitol.com.vn/test/wp-random-list.php on line 136
[19-Dec-2025 09:23:50 UTC] PHP Warning:  A non-numeric value encountered in /home/lottexylitolcom/public_html/staging.lottexylitol.com.vn/test/wp-random-list.php on line 136
[19-Dec-2025 09:23:50 UTC] PHP Warning:  A non-numeric value encountered in /home/lottexylitolcom/public_html/staging.lottexylitol.com.vn/test/wp-random-list.php on line 136
[19-Dec-2025 09:23:50 UTC] PHP Warning:  A non-numeric value encountered in /home/lottexylitolcom/public_html/staging.lottexylitol.com.vn/test/wp-random-list.php on line 136
[19-Dec-2025 09:23:50 UTC] PHP Warning:  A non-numeric value encountered in /home/lottexylitolcom/public_html/staging.lottexylitol.com.vn/test/wp-random-list.php on line 136
[19-Dec-2025 09:23:50 UTC] PHP Warning:  A non-numeric value encountered in /home/lottexylitolcom/public_html/staging.lottexylitol.com.vn/test/wp-random-list.php on line 136
[19-Dec-2025 09:23:50 UTC] PHP Warning:  A non-numeric value encountered in /home/lottexylitolcom/public_html/staging.lottexylitol.com.vn/test/wp-random-list.php on line 136
[19-Dec-2025 09:23:50 UTC] PHP Warning:  A non-numeric value encountered in /home/lottexylitolcom/public_html/staging.lottexylitol.com.vn/test/wp-random-list.php on line 136
[19-Dec-2025 09:23:50 UTC] PHP Warning:  A non-numeric value encountered in /home/lottexylitolcom/public_html/staging.lottexylitol.com.vn/test/wp-random-list.php on line 136
[19-Dec-2025 09:23:50 UTC] PHP Warning:  A non-numeric value encountered in /home/lottexylitolcom/public_html/staging.lottexylitol.com.vn/test/wp-random-list.php on line 136
[19-Dec-2025 09:23:50 UTC] PHP Warning:  A non-numeric value encountered in /home/lottexylitolcom/public_html/staging.lottexylitol.com.vn/test/wp-random-list.php on line 136
[19-Dec-2025 09:23:50 UTC] PHP Warning:  A non-numeric value encountered in /home/lottexylitolcom/public_html/staging.lottexylitol.com.vn/test/wp-random-list.php on line 136
[19-Dec-2025 09:23:50 UTC] PHP Warning:  A non-numeric value encountered in /home/lottexylitolcom/public_html/staging.lottexylitol.com.vn/test/wp-random-list.php on line 136
[19-Dec-2025 09:23:50 UTC] PHP Warning:  A non-numeric value encountered in /home/lottexylitolcom/public_html/staging.lottexylitol.com.vn/test/wp-random-list.php on line 136
[19-Dec-2025 09:23:50 UTC] PHP Warning:  A non-numeric value encountered in /home/lottexylitolcom/public_html/staging.lottexylitol.com.vn/test/wp-random-list.php on line 136
[19-Dec-2025 09:23:50 UTC] PHP Warning:  A non-numeric value encountered in /home/lottexylitolcom/public_html/staging.lottexylitol.com.vn/test/wp-random-list.php on line 136
[19-Dec-2025 09:23:50 UTC] PHP Warning:  A non-numeric value encountered in /home/lottexylitolcom/public_html/staging.lottexylitol.com.vn/test/wp-random-list.php on line 136
[19-Dec-2025 09:23:50 UTC] PHP Warning:  A non-numeric value encountered in /home/lottexylitolcom/public_html/staging.lottexylitol.com.vn/test/wp-random-list.php on line 136
[19-Dec-2025 09:23:50 UTC] PHP Warning:  A non-numeric value encountered in /home/lottexylitolcom/public_html/staging.lottexylitol.com.vn/test/wp-random-list.php on line 136
[19-Dec-2025 09:23:50 UTC] PHP Warning:  A non-numeric value encountered in /home/lottexylitolcom/public_html/staging.lottexylitol.com.vn/test/wp-random-list.php on line 136
[19-Dec-2025 09:23:50 UTC] PHP Warning:  A non-numeric value encountered in /home/lottexylitolcom/public_html/staging.lottexylitol.com.vn/test/wp-random-list.php on line 136
[19-Dec-2025 09:23:50 UTC] PHP Warning:  A non-numeric value encountered in /home/lottexylitolcom/public_html/staging.lottexylitol.com.vn/test/wp-random-list.php on line 136
[19-Dec-2025 09:23:50 UTC] PHP Warning:  A non-numeric value encountered in /home/lottexylitolcom/public_html/staging.lottexylitol.com.vn/test/wp-random-list.php on line 136
[19-Dec-2025 09:23:50 UTC] PHP Warning:  A non-numeric value encountered in /home/lottexylitolcom/public_html/staging.lottexylitol.com.vn/test/wp-random-list.php on line 136
[19-Dec-2025 09:23:50 UTC] PHP Warning:  A non-numeric value encountered in /home/lottexylitolcom/public_html/staging.lottexylitol.com.vn/test/wp-random-list.php on line 136
[19-Dec-2025 09:23:50 UTC] PHP Warning:  A non-numeric value encountered in /home/lottexylitolcom/public_html/staging.lottexylitol.com.vn/test/wp-random-list.php on line 136
[19-Dec-2025 09:23:50 UTC] PHP Warning:  A non-numeric value encountered in /home/lottexylitolcom/public_html/staging.lottexylitol.com.vn/test/wp-random-list.php on line 136
[19-Dec-2025 09:23:50 UTC] PHP Warning:  A non-numeric value encountered in /home/lottexylitolcom/public_html/staging.lottexylitol.com.vn/test/wp-random-list.php on line 136
[19-Dec-2025 09:23:50 UTC] PHP Warning:  A non-numeric value encountered in /home/lottexylitolcom/public_html/staging.lottexylitol.com.vn/test/wp-random-list.php on line 136
[19-Dec-2025 09:23:50 UTC] PHP Warning:  A non-numeric value encountered in /home/lottexylitolcom/public_html/staging.lottexylitol.com.vn/test/wp-random-list.php on line 136
[19-Dec-2025 09:23:50 UTC] PHP Warning:  A non-numeric value encountered in /home/lottexylitolcom/public_html/staging.lottexylitol.com.vn/test/wp-random-list.php on line 136
[19-Dec-2025 09:23:50 UTC] PHP Warning:  A non-numeric value encountered in /home/lottexylitolcom/public_html/staging.lottexylitol.com.vn/test/wp-random-list.php on line 136
[19-Dec-2025 09:23:50 UTC] PHP Warning:  A non-numeric value encountered in /home/lottexylitolcom/public_html/staging.lottexylitol.com.vn/test/wp-random-list.php on line 136
[19-Dec-2025 09:23:50 UTC] PHP Warning:  A non-numeric value encountered in /home/lottexylitolcom/public_html/staging.lottexylitol.com.vn/test/wp-random-list.php on line 136
[19-Dec-2025 09:23:50 UTC] PHP Warning:  A non-numeric value encountered in /home/lottexylitolcom/public_html/staging.lottexylitol.com.vn/test/wp-random-list.php on line 136
[19-Dec-2025 09:23:50 UTC] PHP Warning:  A non-numeric value encountered in /home/lottexylitolcom/public_html/staging.lottexylitol.com.vn/test/wp-random-list.php on line 136
[19-Dec-2025 09:23:50 UTC] PHP Warning:  A non-numeric value encountered in /home/lottexylitolcom/public_html/staging.lottexylitol.com.vn/test/wp-random-list.php on line 136
[19-Dec-2025 09:23:50 UTC] PHP Warning:  A non-numeric value encountered in /home/lottexylitolcom/public_html/staging.lottexylitol.com.vn/test/wp-random-list.php on line 136
[19-Dec-2025 09:23:50 UTC] PHP Warning:  A non-numeric value encountered in /home/lottexylitolcom/public_html/staging.lottexylitol.com.vn/test/wp-random-list.php on line 136
[19-Dec-2025 09:23:50 UTC] PHP Warning:  A non-numeric value encountered in /home/lottexylitolcom/public_html/staging.lottexylitol.com.vn/test/wp-random-list.php on line 136
[19-Dec-2025 09:23:50 UTC] PHP Warning:  A non-numeric value encountered in /home/lottexylitolcom/public_html/staging.lottexylitol.com.vn/test/wp-random-list.php on line 136
[19-Dec-2025 09:23:50 UTC] PHP Warning:  A non-numeric value encountered in /home/lottexylitolcom/public_html/staging.lottexylitol.com.vn/test/wp-random-list.php on line 136
[19-Dec-2025 09:23:50 UTC] PHP Warning:  A non-numeric value encountered in /home/lottexylitolcom/public_html/staging.lottexylitol.com.vn/test/wp-random-list.php on line 136
[19-Dec-2025 09:23:50 UTC] PHP Warning:  A non-numeric value encountered in /home/lottexylitolcom/public_html/staging.lottexylitol.com.vn/test/wp-random-list.php on line 136
[19-Dec-2025 09:23:50 UTC] PHP Warning:  A non-numeric value encountered in /home/lottexylitolcom/public_html/staging.lottexylitol.com.vn/test/wp-random-list.php on line 136
[19-Dec-2025 09:23:50 UTC] PHP Warning:  A non-numeric value encountered in /home/lottexylitolcom/public_html/staging.lottexylitol.com.vn/test/wp-random-list.php on line 136
[19-Dec-2025 09:23:50 UTC] PHP Warning:  A non-numeric value encountered in /home/lottexylitolcom/public_html/staging.lottexylitol.com.vn/test/wp-random-list.php on line 136
[19-Dec-2025 09:23:50 UTC] PHP Warning:  A non-numeric value encountered in /home/lottexylitolcom/public_html/staging.lottexylitol.com.vn/test/wp-random-list.php on line 136
[19-Dec-2025 09:23:50 UTC] PHP Warning:  A non-numeric value encountered in /home/lottexylitolcom/public_html/staging.lottexylitol.com.vn/test/wp-random-list.php on line 136
[19-Dec-2025 09:23:50 UTC] PHP Warning:  A non-numeric value encountered in /home/lottexylitolcom/public_html/staging.lottexylitol.com.vn/test/wp-random-list.php on line 136
[19-Dec-2025 09:23:50 UTC] PHP Warning:  A non-numeric value encountered in /home/lottexylitolcom/public_html/staging.lottexylitol.com.vn/test/wp-random-list.php on line 136
[19-Dec-2025 09:23:50 UTC] PHP Warning:  A non-numeric value encountered in /home/lottexylitolcom/public_html/staging.lottexylitol.com.vn/test/wp-random-list.php on line 136
[19-Dec-2025 09:23:50 UTC] PHP Warning:  A non-numeric value encountered in /home/lottexylitolcom/public_html/staging.lottexylitol.com.vn/test/wp-random-list.php on line 136
[19-Dec-2025 09:23:50 UTC] PHP Warning:  A non-numeric value encountered in /home/lottexylitolcom/public_html/staging.lottexylitol.com.vn/test/wp-random-list.php on line 136
[19-Dec-2025 09:23:50 UTC] PHP Warning:  A non-numeric value encountered in /home/lottexylitolcom/public_html/staging.lottexylitol.com.vn/test/wp-random-list.php on line 136
[19-Dec-2025 09:23:50 UTC] PHP Warning:  A non-numeric value encountered in /home/lottexylitolcom/public_html/staging.lottexylitol.com.vn/test/wp-random-list.php on line 136
[19-Dec-2025 09:23:50 UTC] PHP Warning:  A non-numeric value encountered in /home/lottexylitolcom/public_html/staging.lottexylitol.com.vn/test/wp-random-list.php on line 136
[19-Dec-2025 09:23:50 UTC] PHP Warning:  A non-numeric value encountered in /home/lottexylitolcom/public_html/staging.lottexylitol.com.vn/test/wp-random-list.php on line 136
[19-Dec-2025 09:23:50 UTC] PHP Warning:  A non-numeric value encountered in /home/lottexylitolcom/public_html/staging.lottexylitol.com.vn/test/wp-random-list.php on line 136
[19-Dec-2025 09:23:50 UTC] PHP Warning:  A non-numeric value encountered in /home/lottexylitolcom/public_html/staging.lottexylitol.com.vn/test/wp-random-list.php on line 136
[19-Dec-2025 09:23:50 UTC] PHP Warning:  A non-numeric value encountered in /home/lottexylitolcom/public_html/staging.lottexylitol.com.vn/test/wp-random-list.php on line 136
[19-Dec-2025 09:23:50 UTC] PHP Warning:  A non-numeric value encountered in /home/lottexylitolcom/public_html/staging.lottexylitol.com.vn/test/wp-random-list.php on line 136
[19-Dec-2025 09:23:50 UTC] PHP Warning:  A non-numeric value encountered in /home/lottexylitolcom/public_html/staging.lottexylitol.com.vn/test/wp-random-list.php on line 136
[19-Dec-2025 09:23:50 UTC] PHP Warning:  A non-numeric value encountered in /home/lottexylitolcom/public_html/staging.lottexylitol.com.vn/test/wp-random-list.php on line 136
[19-Dec-2025 09:23:50 UTC] PHP Warning:  A non-numeric value encountered in /home/lottexylitolcom/public_html/staging.lottexylitol.com.vn/test/wp-random-list.php on line 136
[19-Dec-2025 09:23:50 UTC] PHP Warning:  A non-numeric value encountered in /home/lottexylitolcom/public_html/staging.lottexylitol.com.vn/test/wp-random-list.php on line 136
[19-Dec-2025 09:23:50 UTC] PHP Warning:  A non-numeric value encountered in /home/lottexylitolcom/public_html/staging.lottexylitol.com.vn/test/wp-random-list.php on line 136
[19-Dec-2025 09:23:50 UTC] PHP Warning:  A non-numeric value encountered in /home/lottexylitolcom/public_html/staging.lottexylitol.com.vn/test/wp-random-list.php on line 136
[19-Dec-2025 09:23:50 UTC] PHP Warning:  A non-numeric value encountered in /home/lottexylitolcom/public_html/staging.lottexylitol.com.vn/test/wp-random-list.php on line 136
[19-Dec-2025 09:23:50 UTC] PHP Warning:  A non-numeric value encountered in /home/lottexylitolcom/public_html/staging.lottexylitol.com.vn/test/wp-random-list.php on line 136
[19-Dec-2025 09:23:50 UTC] PHP Warning:  A non-numeric value encountered in /home/lottexylitolcom/public_html/staging.lottexylitol.com.vn/test/wp-random-list.php on line 136
[19-Dec-2025 09:23:50 UTC] PHP Warning:  A non-numeric value encountered in /home/lottexylitolcom/public_html/staging.lottexylitol.com.vn/test/wp-random-list.php on line 136
[19-Dec-2025 09:23:50 UTC] PHP Warning:  A non-numeric value encountered in /home/lottexylitolcom/public_html/staging.lottexylitol.com.vn/test/wp-random-list.php on line 136
[19-Dec-2025 09:23:50 UTC] PHP Warning:  A non-numeric value encountered in /home/lottexylitolcom/public_html/staging.lottexylitol.com.vn/test/wp-random-list.php on line 136
[19-Dec-2025 09:23:50 UTC] PHP Warning:  A non-numeric value encountered in /home/lottexylitolcom/public_html/staging.lottexylitol.com.vn/test/wp-random-list.php on line 136
[19-Dec-2025 09:23:50 UTC] PHP Warning:  A non-numeric value encountered in /home/lottexylitolcom/public_html/staging.lottexylitol.com.vn/test/wp-random-list.php on line 136
[19-Dec-2025 09:23:50 UTC] PHP Warning:  A non-numeric value encountered in /home/lottexylitolcom/public_html/staging.lottexylitol.com.vn/test/wp-random-list.php on line 136
[19-Dec-2025 09:23:50 UTC] PHP Warning:  A non-numeric value encountered in /home/lottexylitolcom/public_html/staging.lottexylitol.com.vn/test/wp-random-list.php on line 136
[19-Dec-2025 09:23:50 UTC] PHP Warning:  A non-numeric value encountered in /home/lottexylitolcom/public_html/staging.lottexylitol.com.vn/test/wp-random-list.php on line 136
[19-Dec-2025 09:23:50 UTC] PHP Warning:  A non-numeric value encountered in /home/lottexylitolcom/public_html/staging.lottexylitol.com.vn/test/wp-random-list.php on line 136
[19-Dec-2025 09:23:50 UTC] PHP Warning:  A non-numeric value encountered in /home/lottexylitolcom/public_html/staging.lottexylitol.com.vn/test/wp-random-list.php on line 136
[19-Dec-2025 09:23:50 UTC] PHP Warning:  A non-numeric value encountered in /home/lottexylitolcom/public_html/staging.lottexylitol.com.vn/test/wp-random-list.php on line 136
[19-Dec-2025 09:23:50 UTC] PHP Warning:  A non-numeric value encountered in /home/lottexylitolcom/public_html/staging.lottexylitol.com.vn/test/wp-random-list.php on line 136
[19-Dec-2025 09:23:50 UTC] PHP Warning:  A non-numeric value encountered in /home/lottexylitolcom/public_html/staging.lottexylitol.com.vn/test/wp-random-list.php on line 136
[19-Dec-2025 09:23:50 UTC] PHP Warning:  A non-numeric value encountered in /home/lottexylitolcom/public_html/staging.lottexylitol.com.vn/test/wp-random-list.php on line 136
[19-Dec-2025 09:23:50 UTC] PHP Warning:  A non-numeric value encountered in /home/lottexylitolcom/public_html/staging.lottexylitol.com.vn/test/wp-random-list.php on line 136
[19-Dec-2025 09:23:50 UTC] PHP Warning:  A non-numeric value encountered in /home/lottexylitolcom/public_html/staging.lottexylitol.com.vn/test/wp-random-list.php on line 136
[19-Dec-2025 09:23:50 UTC] PHP Warning:  A non-numeric value encountered in /home/lottexylitolcom/public_html/staging.lottexylitol.com.vn/test/wp-random-list.php on line 136
[19-Dec-2025 09:23:50 UTC] PHP Warning:  A non-numeric value encountered in /home/lottexylitolcom/public_html/staging.lottexylitol.com.vn/test/wp-random-list.php on line 136
[19-Dec-2025 09:23:50 UTC] PHP Warning:  A non-numeric value encountered in /home/lottexylitolcom/public_html/staging.lottexylitol.com.vn/test/wp-random-list.php on line 136
[19-Dec-2025 09:23:50 UTC] PHP Warning:  A non-numeric value encountered in /home/lottexylitolcom/public_html/staging.lottexylitol.com.vn/test/wp-random-list.php on line 136
[19-Dec-2025 09:23:50 UTC] PHP Warning:  A non-numeric value encountered in /home/lottexylitolcom/public_html/staging.lottexylitol.com.vn/test/wp-random-list.php on line 136
[19-Dec-2025 09:23:50 UTC] PHP Warning:  A non-numeric value encountered in /home/lottexylitolcom/public_html/staging.lottexylitol.com.vn/test/wp-random-list.php on line 136
[19-Dec-2025 09:23:50 UTC] PHP Warning:  A non-numeric value encountered in /home/lottexylitolcom/public_html/staging.lottexylitol.com.vn/test/wp-random-list.php on line 136
[19-Dec-2025 09:23:50 UTC] PHP Warning:  A non-numeric value encountered in /home/lottexylitolcom/public_html/staging.lottexylitol.com.vn/test/wp-random-list.php on line 136
[19-Dec-2025 09:23:50 UTC] PHP Warning:  A non-numeric value encountered in /home/lottexylitolcom/public_html/staging.lottexylitol.com.vn/test/wp-random-list.php on line 136
[19-Dec-2025 09:23:50 UTC] PHP Warning:  A non-numeric value encountered in /home/lottexylitolcom/public_html/staging.lottexylitol.com.vn/test/wp-random-list.php on line 136
[19-Dec-2025 09:23:50 UTC] PHP Warning:  A non-numeric value encountered in /home/lottexylitolcom/public_html/staging.lottexylitol.com.vn/test/wp-random-list.php on line 136
[19-Dec-2025 09:23:50 UTC] PHP Warning:  A non-numeric value encountered in /home/lottexylitolcom/public_html/staging.lottexylitol.com.vn/test/wp-random-list.php on line 136
[19-Dec-2025 09:23:50 UTC] PHP Warning:  A non-numeric value encountered in /home/lottexylitolcom/public_html/staging.lottexylitol.com.vn/test/wp-random-list.php on line 136
[19-Dec-2025 09:23:50 UTC] PHP Warning:  A non-numeric value encountered in /home/lottexylitolcom/public_html/staging.lottexylitol.com.vn/test/wp-random-list.php on line 136
[19-Dec-2025 09:23:50 UTC] PHP Warning:  A non-numeric value encountered in /home/lottexylitolcom/public_html/staging.lottexylitol.com.vn/test/wp-random-list.php on line 136
[19-Dec-2025 09:23:50 UTC] PHP Warning:  A non-numeric value encountered in /home/lottexylitolcom/public_html/staging.lottexylitol.com.vn/test/wp-random-list.php on line 136
[19-Dec-2025 09:23:50 UTC] PHP Warning:  A non-numeric value encountered in /home/lottexylitolcom/public_html/staging.lottexylitol.com.vn/test/wp-random-list.php on line 136
[19-Dec-2025 09:23:50 UTC] PHP Warning:  A non-numeric value encountered in /home/lottexylitolcom/public_html/staging.lottexylitol.com.vn/test/wp-random-list.php on line 136
[19-Dec-2025 09:23:50 UTC] PHP Warning:  A non-numeric value encountered in /home/lottexylitolcom/public_html/staging.lottexylitol.com.vn/test/wp-random-list.php on line 136
[19-Dec-2025 09:23:50 UTC] PHP Warning:  A non-numeric value encountered in /home/lottexylitolcom/public_html/staging.lottexylitol.com.vn/test/wp-random-list.php on line 136
[19-Dec-2025 09:23:50 UTC] PHP Warning:  A non-numeric value encountered in /home/lottexylitolcom/public_html/staging.lottexylitol.com.vn/test/wp-random-list.php on line 136
[19-Dec-2025 09:23:50 UTC] PHP Warning:  A non-numeric value encountered in /home/lottexylitolcom/public_html/staging.lottexylitol.com.vn/test/wp-random-list.php on line 136
[19-Dec-2025 09:23:50 UTC] PHP Warning:  A non-numeric value encountered in /home/lottexylitolcom/public_html/staging.lottexylitol.com.vn/test/wp-random-list.php on line 136
[19-Dec-2025 09:23:50 UTC] PHP Warning:  A non-numeric value encountered in /home/lottexylitolcom/public_html/staging.lottexylitol.com.vn/test/wp-random-list.php on line 136
[19-Dec-2025 09:23:50 UTC] PHP Warning:  A non-numeric value encountered in /home/lottexylitolcom/public_html/staging.lottexylitol.com.vn/test/wp-random-list.php on line 136
[19-Dec-2025 09:23:50 UTC] PHP Warning:  A non-numeric value encountered in /home/lottexylitolcom/public_html/staging.lottexylitol.com.vn/test/wp-random-list.php on line 136
[19-Dec-2025 09:23:50 UTC] PHP Warning:  A non-numeric value encountered in /home/lottexylitolcom/public_html/staging.lottexylitol.com.vn/test/wp-random-list.php on line 136
[19-Dec-2025 09:23:50 UTC] PHP Warning:  A non-numeric value encountered in /home/lottexylitolcom/public_html/staging.lottexylitol.com.vn/test/wp-random-list.php on line 136
[19-Dec-2025 09:23:50 UTC] PHP Warning:  A non-numeric value encountered in /home/lottexylitolcom/public_html/staging.lottexylitol.com.vn/test/wp-random-list.php on line 136
[19-Dec-2025 09:23:50 UTC] PHP Warning:  A non-numeric value encountered in /home/lottexylitolcom/public_html/staging.lottexylitol.com.vn/test/wp-random-list.php on line 136
[19-Dec-2025 09:23:50 UTC] PHP Warning:  A non-numeric value encountered in /home/lottexylitolcom/public_html/staging.lottexylitol.com.vn/test/wp-random-list.php on line 136
[19-Dec-2025 09:23:50 UTC] PHP Warning:  A non-numeric value encountered in /home/lottexylitolcom/public_html/staging.lottexylitol.com.vn/test/wp-random-list.php on line 136
[19-Dec-2025 09:23:50 UTC] PHP Warning:  A non-numeric value encountered in /home/lottexylitolcom/public_html/staging.lottexylitol.com.vn/test/wp-random-list.php on line 136
[19-Dec-2025 09:23:50 UTC] PHP Warning:  A non-numeric value encountered in /home/lottexylitolcom/public_html/staging.lottexylitol.com.vn/test/wp-random-list.php on line 136
[19-Dec-2025 09:23:50 UTC] PHP Warning:  A non-numeric value encountered in /home/lottexylitolcom/public_html/staging.lottexylitol.com.vn/test/wp-random-list.php on line 136
[19-Dec-2025 09:23:50 UTC] PHP Warning:  A non-numeric value encountered in /home/lottexylitolcom/public_html/staging.lottexylitol.com.vn/test/wp-random-list.php on line 136
[19-Dec-2025 09:23:50 UTC] PHP Warning:  A non-numeric value encountered in /home/lottexylitolcom/public_html/staging.lottexylitol.com.vn/test/wp-random-list.php on line 136
[19-Dec-2025 09:23:50 UTC] PHP Warning:  A non-numeric value encountered in /home/lottexylitolcom/public_html/staging.lottexylitol.com.vn/test/wp-random-list.php on line 136
[19-Dec-2025 09:23:50 UTC] PHP Warning:  A non-numeric value encountered in /home/lottexylitolcom/public_html/staging.lottexylitol.com.vn/test/wp-random-list.php on line 136
[19-Dec-2025 09:23:50 UTC] PHP Warning:  A non-numeric value encountered in /home/lottexylitolcom/public_html/staging.lottexylitol.com.vn/test/wp-random-list.php on line 136
[19-Dec-2025 09:23:50 UTC] PHP Warning:  A non-numeric value encountered in /home/lottexylitolcom/public_html/staging.lottexylitol.com.vn/test/wp-random-list.php on line 136
[19-Dec-2025 09:23:50 UTC] PHP Warning:  A non-numeric value encountered in /home/lottexylitolcom/public_html/staging.lottexylitol.com.vn/test/wp-random-list.php on line 136
[19-Dec-2025 09:23:50 UTC] PHP Warning:  A non-numeric value encountered in /home/lottexylitolcom/public_html/staging.lottexylitol.com.vn/test/wp-random-list.php on line 136
[19-Dec-2025 09:23:50 UTC] PHP Warning:  A non-numeric value encountered in /home/lottexylitolcom/public_html/staging.lottexylitol.com.vn/test/wp-random-list.php on line 136
[19-Dec-2025 09:23:50 UTC] PHP Warning:  A non-numeric value encountered in /home/lottexylitolcom/public_html/staging.lottexylitol.com.vn/test/wp-random-list.php on line 136
[19-Dec-2025 09:23:50 UTC] PHP Warning:  A non-numeric value encountered in /home/lottexylitolcom/public_html/staging.lottexylitol.com.vn/test/wp-random-list.php on line 136
[19-Dec-2025 09:23:50 UTC] PHP Warning:  A non-numeric value encountered in /home/lottexylitolcom/public_html/staging.lottexylitol.com.vn/test/wp-random-list.php on line 136
[19-Dec-2025 09:23:50 UTC] PHP Warning:  A non-numeric value encountered in /home/lottexylitolcom/public_html/staging.lottexylitol.com.vn/test/wp-random-list.php on line 136
[19-Dec-2025 09:23:50 UTC] PHP Warning:  A non-numeric value encountered in /home/lottexylitolcom/public_html/staging.lottexylitol.com.vn/test/wp-random-list.php on line 136
[19-Dec-2025 09:23:50 UTC] PHP Warning:  A non-numeric value encountered in /home/lottexylitolcom/public_html/staging.lottexylitol.com.vn/test/wp-random-list.php on line 136
[19-Dec-2025 09:23:50 UTC] PHP Warning:  A non-numeric value encountered in /home/lottexylitolcom/public_html/staging.lottexylitol.com.vn/test/wp-random-list.php on line 136
[19-Dec-2025 09:23:50 UTC] PHP Warning:  A non-numeric value encountered in /home/lottexylitolcom/public_html/staging.lottexylitol.com.vn/test/wp-random-list.php on line 136
[19-Dec-2025 09:23:50 UTC] PHP Warning:  A non-numeric value encountered in /home/lottexylitolcom/public_html/staging.lottexylitol.com.vn/test/wp-random-list.php on line 136
[19-Dec-2025 09:23:50 UTC] PHP Warning:  A non-numeric value encountered in /home/lottexylitolcom/public_html/staging.lottexylitol.com.vn/test/wp-random-list.php on line 136
[19-Dec-2025 09:23:50 UTC] PHP Warning:  A non-numeric value encountered in /home/lottexylitolcom/public_html/staging.lottexylitol.com.vn/test/wp-random-list.php on line 136
[19-Dec-2025 09:23:50 UTC] PHP Warning:  A non-numeric value encountered in /home/lottexylitolcom/public_html/staging.lottexylitol.com.vn/test/wp-random-list.php on line 136
[19-Dec-2025 09:23:50 UTC] PHP Warning:  A non-numeric value encountered in /home/lottexylitolcom/public_html/staging.lottexylitol.com.vn/test/wp-random-list.php on line 136
[19-Dec-2025 09:23:50 UTC] PHP Warning:  A non-numeric value encountered in /home/lottexylitolcom/public_html/staging.lottexylitol.com.vn/test/wp-random-list.php on line 136
[19-Dec-2025 09:23:50 UTC] PHP Warning:  A non-numeric value encountered in /home/lottexylitolcom/public_html/staging.lottexylitol.com.vn/test/wp-random-list.php on line 136
[19-Dec-2025 09:23:50 UTC] PHP Warning:  A non-numeric value encountered in /home/lottexylitolcom/public_html/staging.lottexylitol.com.vn/test/wp-random-list.php on line 136
[19-Dec-2025 09:23:50 UTC] PHP Warning:  A non-numeric value encountered in /home/lottexylitolcom/public_html/staging.lottexylitol.com.vn/test/wp-random-list.php on line 136
[19-Dec-2025 09:23:50 UTC] PHP Warning:  A non-numeric value encountered in /home/lottexylitolcom/public_html/staging.lottexylitol.com.vn/test/wp-random-list.php on line 136
[19-Dec-2025 09:23:50 UTC] PHP Warning:  A non-numeric value encountered in /home/lottexylitolcom/public_html/staging.lottexylitol.com.vn/test/wp-random-list.php on line 136
[19-Dec-2025 09:23:50 UTC] PHP Warning:  A non-numeric value encountered in /home/lottexylitolcom/public_html/staging.lottexylitol.com.vn/test/wp-random-list.php on line 136
[19-Dec-2025 09:23:50 UTC] PHP Warning:  A non-numeric value encountered in /home/lottexylitolcom/public_html/staging.lottexylitol.com.vn/test/wp-random-list.php on line 136
[19-Dec-2025 09:23:50 UTC] PHP Warning:  A non-numeric value encountered in /home/lottexylitolcom/public_html/staging.lottexylitol.com.vn/test/wp-random-list.php on line 136
[19-Dec-2025 09:23:50 UTC] PHP Warning:  A non-numeric value encountered in /home/lottexylitolcom/public_html/staging.lottexylitol.com.vn/test/wp-random-list.php on line 136
[19-Dec-2025 09:23:50 UTC] PHP Warning:  A non-numeric value encountered in /home/lottexylitolcom/public_html/staging.lottexylitol.com.vn/test/wp-random-list.php on line 136
[19-Dec-2025 09:23:50 UTC] PHP Warning:  A non-numeric value encountered in /home/lottexylitolcom/public_html/staging.lottexylitol.com.vn/test/wp-random-list.php on line 136
[19-Dec-2025 09:23:50 UTC] PHP Warning:  A non-numeric value encountered in /home/lottexylitolcom/public_html/staging.lottexylitol.com.vn/test/wp-random-list.php on line 136
[19-Dec-2025 09:23:50 UTC] PHP Warning:  A non-numeric value encountered in /home/lottexylitolcom/public_html/staging.lottexylitol.com.vn/test/wp-random-list.php on line 136
[19-Dec-2025 09:23:50 UTC] PHP Warning:  A non-numeric value encountered in /home/lottexylitolcom/public_html/staging.lottexylitol.com.vn/test/wp-random-list.php on line 136
[19-Dec-2025 09:23:50 UTC] PHP Warning:  A non-numeric value encountered in /home/lottexylitolcom/public_html/staging.lottexylitol.com.vn/test/wp-random-list.php on line 136
[19-Dec-2025 09:23:50 UTC] PHP Warning:  A non-numeric value encountered in /home/lottexylitolcom/public_html/staging.lottexylitol.com.vn/test/wp-random-list.php on line 136
[19-Dec-2025 09:23:50 UTC] PHP Warning:  A non-numeric value encountered in /home/lottexylitolcom/public_html/staging.lottexylitol.com.vn/test/wp-random-list.php on line 136
[19-Dec-2025 09:23:50 UTC] PHP Warning:  A non-numeric value encountered in /home/lottexylitolcom/public_html/staging.lottexylitol.com.vn/test/wp-random-list.php on line 136
[19-Dec-2025 09:23:50 UTC] PHP Warning:  A non-numeric value encountered in /home/lottexylitolcom/public_html/staging.lottexylitol.com.vn/test/wp-random-list.php on line 136
[19-Dec-2025 09:23:50 UTC] PHP Warning:  A non-numeric value encountered in /home/lottexylitolcom/public_html/staging.lottexylitol.com.vn/test/wp-random-list.php on line 136
[19-Dec-2025 09:23:50 UTC] PHP Warning:  A non-numeric value encountered in /home/lottexylitolcom/public_html/staging.lottexylitol.com.vn/test/wp-random-list.php on line 136
[19-Dec-2025 09:23:50 UTC] PHP Warning:  A non-numeric value encountered in /home/lottexylitolcom/public_html/staging.lottexylitol.com.vn/test/wp-random-list.php on line 136
[19-Dec-2025 09:23:50 UTC] PHP Warning:  A non-numeric value encountered in /home/lottexylitolcom/public_html/staging.lottexylitol.com.vn/test/wp-random-list.php on line 136
[19-Dec-2025 09:23:50 UTC] PHP Warning:  A non-numeric value encountered in /home/lottexylitolcom/public_html/staging.lottexylitol.com.vn/test/wp-random-list.php on line 136
[19-Dec-2025 09:23:50 UTC] PHP Warning:  A non-numeric value encountered in /home/lottexylitolcom/public_html/staging.lottexylitol.com.vn/test/wp-random-list.php on line 136
[19-Dec-2025 09:23:50 UTC] PHP Warning:  A non-numeric value encountered in /home/lottexylitolcom/public_html/staging.lottexylitol.com.vn/test/wp-random-list.php on line 136
[19-Dec-2025 09:23:50 UTC] PHP Warning:  A non-numeric value encountered in /home/lottexylitolcom/public_html/staging.lottexylitol.com.vn/test/wp-random-list.php on line 136
[19-Dec-2025 09:23:50 UTC] PHP Warning:  A non-numeric value encountered in /home/lottexylitolcom/public_html/staging.lottexylitol.com.vn/test/wp-random-list.php on line 136
[19-Dec-2025 09:23:50 UTC] PHP Warning:  A non-numeric value encountered in /home/lottexylitolcom/public_html/staging.lottexylitol.com.vn/test/wp-random-list.php on line 136
[19-Dec-2025 09:23:50 UTC] PHP Warning:  A non-numeric value encountered in /home/lottexylitolcom/public_html/staging.lottexylitol.com.vn/test/wp-random-list.php on line 136
[19-Dec-2025 09:23:50 UTC] PHP Warning:  A non-numeric value encountered in /home/lottexylitolcom/public_html/staging.lottexylitol.com.vn/test/wp-random-list.php on line 136
[19-Dec-2025 09:23:50 UTC] PHP Warning:  A non-numeric value encountered in /home/lottexylitolcom/public_html/staging.lottexylitol.com.vn/test/wp-random-list.php on line 136
[19-Dec-2025 09:23:50 UTC] PHP Warning:  A non-numeric value encountered in /home/lottexylitolcom/public_html/staging.lottexylitol.com.vn/test/wp-random-list.php on line 136
[19-Dec-2025 09:23:50 UTC] PHP Warning:  A non-numeric value encountered in /home/lottexylitolcom/public_html/staging.lottexylitol.com.vn/test/wp-random-list.php on line 136
[19-Dec-2025 09:23:50 UTC] PHP Warning:  A non-numeric value encountered in /home/lottexylitolcom/public_html/staging.lottexylitol.com.vn/test/wp-random-list.php on line 136
[19-Dec-2025 09:23:50 UTC] PHP Warning:  A non-numeric value encountered in /home/lottexylitolcom/public_html/staging.lottexylitol.com.vn/test/wp-random-list.php on line 136
[19-Dec-2025 09:23:50 UTC] PHP Warning:  A non-numeric value encountered in /home/lottexylitolcom/public_html/staging.lottexylitol.com.vn/test/wp-random-list.php on line 136
[19-Dec-2025 09:23:50 UTC] PHP Warning:  A non-numeric value encountered in /home/lottexylitolcom/public_html/staging.lottexylitol.com.vn/test/wp-random-list.php on line 136
[19-Dec-2025 09:23:50 UTC] PHP Warning:  A non-numeric value encountered in /home/lottexylitolcom/public_html/staging.lottexylitol.com.vn/test/wp-random-list.php on line 136
[19-Dec-2025 09:23:50 UTC] PHP Warning:  A non-numeric value encountered in /home/lottexylitolcom/public_html/staging.lottexylitol.com.vn/test/wp-random-list.php on line 136
[19-Dec-2025 09:23:50 UTC] PHP Warning:  A non-numeric value encountered in /home/lottexylitolcom/public_html/staging.lottexylitol.com.vn/test/wp-random-list.php on line 136
[19-Dec-2025 09:23:50 UTC] PHP Warning:  A non-numeric value encountered in /home/lottexylitolcom/public_html/staging.lottexylitol.com.vn/test/wp-random-list.php on line 136
[19-Dec-2025 09:23:50 UTC] PHP Warning:  A non-numeric value encountered in /home/lottexylitolcom/public_html/staging.lottexylitol.com.vn/test/wp-random-list.php on line 136
[19-Dec-2025 09:23:50 UTC] PHP Warning:  A non-numeric value encountered in /home/lottexylitolcom/public_html/staging.lottexylitol.com.vn/test/wp-random-list.php on line 136
[19-Dec-2025 09:23:50 UTC] PHP Warning:  A non-numeric value encountered in /home/lottexylitolcom/public_html/staging.lottexylitol.com.vn/test/wp-random-list.php on line 136
[19-Dec-2025 09:23:50 UTC] PHP Warning:  A non-numeric value encountered in /home/lottexylitolcom/public_html/staging.lottexylitol.com.vn/test/wp-random-list.php on line 136
[19-Dec-2025 09:23:50 UTC] PHP Warning:  A non-numeric value encountered in /home/lottexylitolcom/public_html/staging.lottexylitol.com.vn/test/wp-random-list.php on line 136
[19-Dec-2025 09:23:50 UTC] PHP Warning:  A non-numeric value encountered in /home/lottexylitolcom/public_html/staging.lottexylitol.com.vn/test/wp-random-list.php on line 136
[19-Dec-2025 09:23:50 UTC] PHP Warning:  A non-numeric value encountered in /home/lottexylitolcom/public_html/staging.lottexylitol.com.vn/test/wp-random-list.php on line 136
[19-Dec-2025 09:23:50 UTC] PHP Warning:  A non-numeric value encountered in /home/lottexylitolcom/public_html/staging.lottexylitol.com.vn/test/wp-random-list.php on line 136
[19-Dec-2025 09:23:50 UTC] PHP Warning:  A non-numeric value encountered in /home/lottexylitolcom/public_html/staging.lottexylitol.com.vn/test/wp-random-list.php on line 136
[19-Dec-2025 09:23:50 UTC] PHP Warning:  A non-numeric value encountered in /home/lottexylitolcom/public_html/staging.lottexylitol.com.vn/test/wp-random-list.php on line 136
[19-Dec-2025 09:23:50 UTC] PHP Warning:  A non-numeric value encountered in /home/lottexylitolcom/public_html/staging.lottexylitol.com.vn/test/wp-random-list.php on line 136
[19-Dec-2025 09:23:50 UTC] PHP Warning:  A non-numeric value encountered in /home/lottexylitolcom/public_html/staging.lottexylitol.com.vn/test/wp-random-list.php on line 136
[19-Dec-2025 09:23:50 UTC] PHP Warning:  A non-numeric value encountered in /home/lottexylitolcom/public_html/staging.lottexylitol.com.vn/test/wp-random-list.php on line 136
[19-Dec-2025 09:23:50 UTC] PHP Warning:  A non-numeric value encountered in /home/lottexylitolcom/public_html/staging.lottexylitol.com.vn/test/wp-random-list.php on line 136
[19-Dec-2025 09:23:50 UTC] PHP Warning:  A non-numeric value encountered in /home/lottexylitolcom/public_html/staging.lottexylitol.com.vn/test/wp-random-list.php on line 136
[19-Dec-2025 09:23:50 UTC] PHP Warning:  A non-numeric value encountered in /home/lottexylitolcom/public_html/staging.lottexylitol.com.vn/test/wp-random-list.php on line 136
[19-Dec-2025 09:23:50 UTC] PHP Warning:  A non-numeric value encountered in /home/lottexylitolcom/public_html/staging.lottexylitol.com.vn/test/wp-random-list.php on line 136
[19-Dec-2025 09:23:50 UTC] PHP Warning:  A non-numeric value encountered in /home/lottexylitolcom/public_html/staging.lottexylitol.com.vn/test/wp-random-list.php on line 136
[19-Dec-2025 09:23:50 UTC] PHP Warning:  A non-numeric value encountered in /home/lottexylitolcom/public_html/staging.lottexylitol.com.vn/test/wp-random-list.php on line 136
[19-Dec-2025 09:23:50 UTC] PHP Warning:  A non-numeric value encountered in /home/lottexylitolcom/public_html/staging.lottexylitol.com.vn/test/wp-random-list.php on line 136
[19-Dec-2025 09:23:50 UTC] PHP Warning:  A non-numeric value encountered in /home/lottexylitolcom/public_html/staging.lottexylitol.com.vn/test/wp-random-list.php on line 136
[19-Dec-2025 09:23:50 UTC] PHP Warning:  A non-numeric value encountered in /home/lottexylitolcom/public_html/staging.lottexylitol.com.vn/test/wp-random-list.php on line 136
[19-Dec-2025 09:23:50 UTC] PHP Warning:  A non-numeric value encountered in /home/lottexylitolcom/public_html/staging.lottexylitol.com.vn/test/wp-random-list.php on line 136
[19-Dec-2025 09:23:50 UTC] PHP Warning:  A non-numeric value encountered in /home/lottexylitolcom/public_html/staging.lottexylitol.com.vn/test/wp-random-list.php on line 136
[19-Dec-2025 09:23:50 UTC] PHP Warning:  A non-numeric value encountered in /home/lottexylitolcom/public_html/staging.lottexylitol.com.vn/test/wp-random-list.php on line 136
[19-Dec-2025 09:23:50 UTC] PHP Warning:  A non-numeric value encountered in /home/lottexylitolcom/public_html/staging.lottexylitol.com.vn/test/wp-random-list.php on line 136
[19-Dec-2025 09:23:50 UTC] PHP Warning:  A non-numeric value encountered in /home/lottexylitolcom/public_html/staging.lottexylitol.com.vn/test/wp-random-list.php on line 136
[19-Dec-2025 09:23:50 UTC] PHP Warning:  A non-numeric value encountered in /home/lottexylitolcom/public_html/staging.lottexylitol.com.vn/test/wp-random-list.php on line 136
[19-Dec-2025 09:23:50 UTC] PHP Warning:  A non-numeric value encountered in /home/lottexylitolcom/public_html/staging.lottexylitol.com.vn/test/wp-random-list.php on line 136
[19-Dec-2025 09:23:50 UTC] PHP Warning:  A non-numeric value encountered in /home/lottexylitolcom/public_html/staging.lottexylitol.com.vn/test/wp-random-list.php on line 136
[19-Dec-2025 09:23:50 UTC] PHP Warning:  A non-numeric value encountered in /home/lottexylitolcom/public_html/staging.lottexylitol.com.vn/test/wp-random-list.php on line 136
[19-Dec-2025 09:23:50 UTC] PHP Warning:  A non-numeric value encountered in /home/lottexylitolcom/public_html/staging.lottexylitol.com.vn/test/wp-random-list.php on line 136
[19-Dec-2025 09:23:50 UTC] PHP Warning:  A non-numeric value encountered in /home/lottexylitolcom/public_html/staging.lottexylitol.com.vn/test/wp-random-list.php on line 136
[19-Dec-2025 09:23:50 UTC] PHP Warning:  A non-numeric value encountered in /home/lottexylitolcom/public_html/staging.lottexylitol.com.vn/test/wp-random-list.php on line 136
[19-Dec-2025 09:23:50 UTC] PHP Warning:  A non-numeric value encountered in /home/lottexylitolcom/public_html/staging.lottexylitol.com.vn/test/wp-random-list.php on line 136
[19-Dec-2025 09:23:50 UTC] PHP Warning:  A non-numeric value encountered in /home/lottexylitolcom/public_html/staging.lottexylitol.com.vn/test/wp-random-list.php on line 136
[19-Dec-2025 09:23:50 UTC] PHP Warning:  A non-numeric value encountered in /home/lottexylitolcom/public_html/staging.lottexylitol.com.vn/test/wp-random-list.php on line 136
[19-Dec-2025 09:23:50 UTC] PHP Warning:  A non-numeric value encountered in /home/lottexylitolcom/public_html/staging.lottexylitol.com.vn/test/wp-random-list.php on line 136
[19-Dec-2025 09:23:50 UTC] PHP Warning:  A non-numeric value encountered in /home/lottexylitolcom/public_html/staging.lottexylitol.com.vn/test/wp-random-list.php on line 136
[19-Dec-2025 09:23:50 UTC] PHP Warning:  A non-numeric value encountered in /home/lottexylitolcom/public_html/staging.lottexylitol.com.vn/test/wp-random-list.php on line 136
[19-Dec-2025 09:23:50 UTC] PHP Warning:  A non-numeric value encountered in /home/lottexylitolcom/public_html/staging.lottexylitol.com.vn/test/wp-random-list.php on line 136
[19-Dec-2025 09:23:50 UTC] PHP Warning:  A non-numeric value encountered in /home/lottexylitolcom/public_html/staging.lottexylitol.com.vn/test/wp-random-list.php on line 136
[19-Dec-2025 09:23:50 UTC] PHP Warning:  A non-numeric value encountered in /home/lottexylitolcom/public_html/staging.lottexylitol.com.vn/test/wp-random-list.php on line 136
[19-Dec-2025 09:23:50 UTC] PHP Warning:  A non-numeric value encountered in /home/lottexylitolcom/public_html/staging.lottexylitol.com.vn/test/wp-random-list.php on line 136
[19-Dec-2025 09:23:50 UTC] PHP Warning:  A non-numeric value encountered in /home/lottexylitolcom/public_html/staging.lottexylitol.com.vn/test/wp-random-list.php on line 136
[19-Dec-2025 09:23:50 UTC] PHP Warning:  A non-numeric value encountered in /home/lottexylitolcom/public_html/staging.lottexylitol.com.vn/test/wp-random-list.php on line 136
[19-Dec-2025 09:23:50 UTC] PHP Warning:  A non-numeric value encountered in /home/lottexylitolcom/public_html/staging.lottexylitol.com.vn/test/wp-random-list.php on line 136
[19-Dec-2025 09:23:50 UTC] PHP Warning:  A non-numeric value encountered in /home/lottexylitolcom/public_html/staging.lottexylitol.com.vn/test/wp-random-list.php on line 136
[19-Dec-2025 09:23:50 UTC] PHP Warning:  A non-numeric value encountered in /home/lottexylitolcom/public_html/staging.lottexylitol.com.vn/test/wp-random-list.php on line 136
[19-Dec-2025 09:23:50 UTC] PHP Warning:  A non-numeric value encountered in /home/lottexylitolcom/public_html/staging.lottexylitol.com.vn/test/wp-random-list.php on line 136
[19-Dec-2025 09:23:50 UTC] PHP Warning:  A non-numeric value encountered in /home/lottexylitolcom/public_html/staging.lottexylitol.com.vn/test/wp-random-list.php on line 136
[19-Dec-2025 09:23:50 UTC] PHP Warning:  A non-numeric value encountered in /home/lottexylitolcom/public_html/staging.lottexylitol.com.vn/test/wp-random-list.php on line 136
[19-Dec-2025 09:23:50 UTC] PHP Warning:  A non-numeric value encountered in /home/lottexylitolcom/public_html/staging.lottexylitol.com.vn/test/wp-random-list.php on line 136
[19-Dec-2025 09:23:50 UTC] PHP Warning:  A non-numeric value encountered in /home/lottexylitolcom/public_html/staging.lottexylitol.com.vn/test/wp-random-list.php on line 136
[19-Dec-2025 09:23:50 UTC] PHP Warning:  A non-numeric value encountered in /home/lottexylitolcom/public_html/staging.lottexylitol.com.vn/test/wp-random-list.php on line 136
[19-Dec-2025 09:23:50 UTC] PHP Warning:  A non-numeric value encountered in /home/lottexylitolcom/public_html/staging.lottexylitol.com.vn/test/wp-random-list.php on line 136
[19-Dec-2025 09:23:50 UTC] PHP Warning:  A non-numeric value encountered in /home/lottexylitolcom/public_html/staging.lottexylitol.com.vn/test/wp-random-list.php on line 136
[19-Dec-2025 09:23:50 UTC] PHP Warning:  A non-numeric value encountered in /home/lottexylitolcom/public_html/staging.lottexylitol.com.vn/test/wp-random-list.php on line 136
[19-Dec-2025 09:23:50 UTC] PHP Warning:  A non-numeric value encountered in /home/lottexylitolcom/public_html/staging.lottexylitol.com.vn/test/wp-random-list.php on line 136
[19-Dec-2025 09:23:50 UTC] PHP Warning:  A non-numeric value encountered in /home/lottexylitolcom/public_html/staging.lottexylitol.com.vn/test/wp-random-list.php on line 136
[19-Dec-2025 09:23:50 UTC] PHP Warning:  A non-numeric value encountered in /home/lottexylitolcom/public_html/staging.lottexylitol.com.vn/test/wp-random-list.php on line 136
[19-Dec-2025 09:23:50 UTC] PHP Warning:  A non-numeric value encountered in /home/lottexylitolcom/public_html/staging.lottexylitol.com.vn/test/wp-random-list.php on line 136
[19-Dec-2025 09:23:50 UTC] PHP Warning:  A non-numeric value encountered in /home/lottexylitolcom/public_html/staging.lottexylitol.com.vn/test/wp-random-list.php on line 136
[19-Dec-2025 09:23:50 UTC] PHP Warning:  A non-numeric value encountered in /home/lottexylitolcom/public_html/staging.lottexylitol.com.vn/test/wp-random-list.php on line 136
[19-Dec-2025 09:23:50 UTC] PHP Warning:  A non-numeric value encountered in /home/lottexylitolcom/public_html/staging.lottexylitol.com.vn/test/wp-random-list.php on line 136
[19-Dec-2025 09:23:50 UTC] PHP Warning:  A non-numeric value encountered in /home/lottexylitolcom/public_html/staging.lottexylitol.com.vn/test/wp-random-list.php on line 136
[19-Dec-2025 09:23:50 UTC] PHP Warning:  A non-numeric value encountered in /home/lottexylitolcom/public_html/staging.lottexylitol.com.vn/test/wp-random-list.php on line 136
[19-Dec-2025 09:23:50 UTC] PHP Warning:  A non-numeric value encountered in /home/lottexylitolcom/public_html/staging.lottexylitol.com.vn/test/wp-random-list.php on line 136
[19-Dec-2025 09:23:50 UTC] PHP Warning:  A non-numeric value encountered in /home/lottexylitolcom/public_html/staging.lottexylitol.com.vn/test/wp-random-list.php on line 136
[19-Dec-2025 09:23:50 UTC] PHP Warning:  A non-numeric value encountered in /home/lottexylitolcom/public_html/staging.lottexylitol.com.vn/test/wp-random-list.php on line 136
[19-Dec-2025 09:23:50 UTC] PHP Warning:  A non-numeric value encountered in /home/lottexylitolcom/public_html/staging.lottexylitol.com.vn/test/wp-random-list.php on line 136
[19-Dec-2025 09:23:50 UTC] PHP Warning:  A non-numeric value encountered in /home/lottexylitolcom/public_html/staging.lottexylitol.com.vn/test/wp-random-list.php on line 136
[19-Dec-2025 09:23:50 UTC] PHP Warning:  A non-numeric value encountered in /home/lottexylitolcom/public_html/staging.lottexylitol.com.vn/test/wp-random-list.php on line 136
[19-Dec-2025 09:23:50 UTC] PHP Warning:  A non-numeric value encountered in /home/lottexylitolcom/public_html/staging.lottexylitol.com.vn/test/wp-random-list.php on line 136
[19-Dec-2025 09:23:50 UTC] PHP Warning:  A non-numeric value encountered in /home/lottexylitolcom/public_html/staging.lottexylitol.com.vn/test/wp-random-list.php on line 136
[19-Dec-2025 09:23:50 UTC] PHP Warning:  A non-numeric value encountered in /home/lottexylitolcom/public_html/staging.lottexylitol.com.vn/test/wp-random-list.php on line 136
[19-Dec-2025 09:23:50 UTC] PHP Warning:  A non-numeric value encountered in /home/lottexylitolcom/public_html/staging.lottexylitol.com.vn/test/wp-random-list.php on line 136
[19-Dec-2025 09:23:50 UTC] PHP Warning:  A non-numeric value encountered in /home/lottexylitolcom/public_html/staging.lottexylitol.com.vn/test/wp-random-list.php on line 136
[19-Dec-2025 09:23:50 UTC] PHP Warning:  A non-numeric value encountered in /home/lottexylitolcom/public_html/staging.lottexylitol.com.vn/test/wp-random-list.php on line 136
[19-Dec-2025 09:23:50 UTC] PHP Warning:  A non-numeric value encountered in /home/lottexylitolcom/public_html/staging.lottexylitol.com.vn/test/wp-random-list.php on line 136
[19-Dec-2025 09:23:50 UTC] PHP Warning:  A non-numeric value encountered in /home/lottexylitolcom/public_html/staging.lottexylitol.com.vn/test/wp-random-list.php on line 136
[19-Dec-2025 09:23:50 UTC] PHP Warning:  A non-numeric value encountered in /home/lottexylitolcom/public_html/staging.lottexylitol.com.vn/test/wp-random-list.php on line 136
[19-Dec-2025 09:23:50 UTC] PHP Warning:  A non-numeric value encountered in /home/lottexylitolcom/public_html/staging.lottexylitol.com.vn/test/wp-random-list.php on line 136
[19-Dec-2025 09:23:50 UTC] PHP Warning:  A non-numeric value encountered in /home/lottexylitolcom/public_html/staging.lottexylitol.com.vn/test/wp-random-list.php on line 136
[19-Dec-2025 09:23:50 UTC] PHP Warning:  A non-numeric value encountered in /home/lottexylitolcom/public_html/staging.lottexylitol.com.vn/test/wp-random-list.php on line 136
[19-Dec-2025 09:23:50 UTC] PHP Warning:  A non-numeric value encountered in /home/lottexylitolcom/public_html/staging.lottexylitol.com.vn/test/wp-random-list.php on line 136
[19-Dec-2025 09:23:50 UTC] PHP Warning:  A non-numeric value encountered in /home/lottexylitolcom/public_html/staging.lottexylitol.com.vn/test/wp-random-list.php on line 136
[19-Dec-2025 09:23:50 UTC] PHP Warning:  A non-numeric value encountered in /home/lottexylitolcom/public_html/staging.lottexylitol.com.vn/test/wp-random-list.php on line 136
[19-Dec-2025 09:23:50 UTC] PHP Warning:  A non-numeric value encountered in /home/lottexylitolcom/public_html/staging.lottexylitol.com.vn/test/wp-random-list.php on line 136
[19-Dec-2025 09:23:50 UTC] PHP Warning:  A non-numeric value encountered in /home/lottexylitolcom/public_html/staging.lottexylitol.com.vn/test/wp-random-list.php on line 136
[19-Dec-2025 09:23:50 UTC] PHP Warning:  A non-numeric value encountered in /home/lottexylitolcom/public_html/staging.lottexylitol.com.vn/test/wp-random-list.php on line 136
[19-Dec-2025 09:23:50 UTC] PHP Warning:  A non-numeric value encountered in /home/lottexylitolcom/public_html/staging.lottexylitol.com.vn/test/wp-random-list.php on line 136
[19-Dec-2025 09:23:50 UTC] PHP Warning:  A non-numeric value encountered in /home/lottexylitolcom/public_html/staging.lottexylitol.com.vn/test/wp-random-list.php on line 136
[19-Dec-2025 09:23:50 UTC] PHP Warning:  A non-numeric value encountered in /home/lottexylitolcom/public_html/staging.lottexylitol.com.vn/test/wp-random-list.php on line 136
[19-Dec-2025 09:23:50 UTC] PHP Warning:  A non-numeric value encountered in /home/lottexylitolcom/public_html/staging.lottexylitol.com.vn/test/wp-random-list.php on line 136
[19-Dec-2025 09:23:50 UTC] PHP Warning:  A non-numeric value encountered in /home/lottexylitolcom/public_html/staging.lottexylitol.com.vn/test/wp-random-list.php on line 136
[19-Dec-2025 09:23:50 UTC] PHP Warning:  A non-numeric value encountered in /home/lottexylitolcom/public_html/staging.lottexylitol.com.vn/test/wp-random-list.php on line 136
[19-Dec-2025 09:23:50 UTC] PHP Warning:  A non-numeric value encountered in /home/lottexylitolcom/public_html/staging.lottexylitol.com.vn/test/wp-random-list.php on line 136
[19-Dec-2025 09:23:50 UTC] PHP Warning:  A non-numeric value encountered in /home/lottexylitolcom/public_html/staging.lottexylitol.com.vn/test/wp-random-list.php on line 136
[19-Dec-2025 09:23:50 UTC] PHP Warning:  A non-numeric value encountered in /home/lottexylitolcom/public_html/staging.lottexylitol.com.vn/test/wp-random-list.php on line 136
[19-Dec-2025 09:23:50 UTC] PHP Warning:  A non-numeric value encountered in /home/lottexylitolcom/public_html/staging.lottexylitol.com.vn/test/wp-random-list.php on line 136
[19-Dec-2025 09:23:50 UTC] PHP Warning:  A non-numeric value encountered in /home/lottexylitolcom/public_html/staging.lottexylitol.com.vn/test/wp-random-list.php on line 136
[19-Dec-2025 09:23:50 UTC] PHP Warning:  A non-numeric value encountered in /home/lottexylitolcom/public_html/staging.lottexylitol.com.vn/test/wp-random-list.php on line 136
[19-Dec-2025 09:23:50 UTC] PHP Warning:  A non-numeric value encountered in /home/lottexylitolcom/public_html/staging.lottexylitol.com.vn/test/wp-random-list.php on line 136
[19-Dec-2025 09:23:50 UTC] PHP Warning:  A non-numeric value encountered in /home/lottexylitolcom/public_html/staging.lottexylitol.com.vn/test/wp-random-list.php on line 136
[19-Dec-2025 09:23:50 UTC] PHP Warning:  A non-numeric value encountered in /home/lottexylitolcom/public_html/staging.lottexylitol.com.vn/test/wp-random-list.php on line 136
[19-Dec-2025 09:23:50 UTC] PHP Warning:  A non-numeric value encountered in /home/lottexylitolcom/public_html/staging.lottexylitol.com.vn/test/wp-random-list.php on line 136
[19-Dec-2025 09:23:50 UTC] PHP Warning:  A non-numeric value encountered in /home/lottexylitolcom/public_html/staging.lottexylitol.com.vn/test/wp-random-list.php on line 136
[19-Dec-2025 09:23:50 UTC] PHP Warning:  A non-numeric value encountered in /home/lottexylitolcom/public_html/staging.lottexylitol.com.vn/test/wp-random-list.php on line 136
[19-Dec-2025 09:23:50 UTC] PHP Warning:  A non-numeric value encountered in /home/lottexylitolcom/public_html/staging.lottexylitol.com.vn/test/wp-random-list.php on line 136
[19-Dec-2025 09:23:50 UTC] PHP Warning:  A non-numeric value encountered in /home/lottexylitolcom/public_html/staging.lottexylitol.com.vn/test/wp-random-list.php on line 136
[19-Dec-2025 09:23:50 UTC] PHP Warning:  A non-numeric value encountered in /home/lottexylitolcom/public_html/staging.lottexylitol.com.vn/test/wp-random-list.php on line 136
[19-Dec-2025 09:23:50 UTC] PHP Warning:  A non-numeric value encountered in /home/lottexylitolcom/public_html/staging.lottexylitol.com.vn/test/wp-random-list.php on line 136
[19-Dec-2025 09:23:50 UTC] PHP Warning:  A non-numeric value encountered in /home/lottexylitolcom/public_html/staging.lottexylitol.com.vn/test/wp-random-list.php on line 136
[19-Dec-2025 09:23:50 UTC] PHP Warning:  A non-numeric value encountered in /home/lottexylitolcom/public_html/staging.lottexylitol.com.vn/test/wp-random-list.php on line 136
[19-Dec-2025 09:23:50 UTC] PHP Warning:  A non-numeric value encountered in /home/lottexylitolcom/public_html/staging.lottexylitol.com.vn/test/wp-random-list.php on line 136
[19-Dec-2025 09:23:50 UTC] PHP Warning:  A non-numeric value encountered in /home/lottexylitolcom/public_html/staging.lottexylitol.com.vn/test/wp-random-list.php on line 136
[19-Dec-2025 09:23:50 UTC] PHP Warning:  A non-numeric value encountered in /home/lottexylitolcom/public_html/staging.lottexylitol.com.vn/test/wp-random-list.php on line 136
[19-Dec-2025 09:23:50 UTC] PHP Warning:  A non-numeric value encountered in /home/lottexylitolcom/public_html/staging.lottexylitol.com.vn/test/wp-random-list.php on line 136
[19-Dec-2025 09:23:50 UTC] PHP Warning:  A non-numeric value encountered in /home/lottexylitolcom/public_html/staging.lottexylitol.com.vn/test/wp-random-list.php on line 136
[19-Dec-2025 09:23:50 UTC] PHP Warning:  A non-numeric value encountered in /home/lottexylitolcom/public_html/staging.lottexylitol.com.vn/test/wp-random-list.php on line 136
[19-Dec-2025 09:23:50 UTC] PHP Warning:  A non-numeric value encountered in /home/lottexylitolcom/public_html/staging.lottexylitol.com.vn/test/wp-random-list.php on line 136
[19-Dec-2025 09:23:50 UTC] PHP Warning:  A non-numeric value encountered in /home/lottexylitolcom/public_html/staging.lottexylitol.com.vn/test/wp-random-list.php on line 136
[19-Dec-2025 09:23:50 UTC] PHP Warning:  A non-numeric value encountered in /home/lottexylitolcom/public_html/staging.lottexylitol.com.vn/test/wp-random-list.php on line 136
[19-Dec-2025 09:23:50 UTC] PHP Warning:  A non-numeric value encountered in /home/lottexylitolcom/public_html/staging.lottexylitol.com.vn/test/wp-random-list.php on line 136
[19-Dec-2025 09:23:50 UTC] PHP Warning:  A non-numeric value encountered in /home/lottexylitolcom/public_html/staging.lottexylitol.com.vn/test/wp-random-list.php on line 136
[19-Dec-2025 09:23:50 UTC] PHP Warning:  A non-numeric value encountered in /home/lottexylitolcom/public_html/staging.lottexylitol.com.vn/test/wp-random-list.php on line 136
[19-Dec-2025 09:23:50 UTC] PHP Warning:  A non-numeric value encountered in /home/lottexylitolcom/public_html/staging.lottexylitol.com.vn/test/wp-random-list.php on line 136
[19-Dec-2025 09:23:50 UTC] PHP Warning:  A non-numeric value encountered in /home/lottexylitolcom/public_html/staging.lottexylitol.com.vn/test/wp-random-list.php on line 136
[19-Dec-2025 09:23:50 UTC] PHP Warning:  A non-numeric value encountered in /home/lottexylitolcom/public_html/staging.lottexylitol.com.vn/test/wp-random-list.php on line 136
[19-Dec-2025 09:23:50 UTC] PHP Warning:  A non-numeric value encountered in /home/lottexylitolcom/public_html/staging.lottexylitol.com.vn/test/wp-random-list.php on line 136
[19-Dec-2025 09:23:50 UTC] PHP Warning:  A non-numeric value encountered in /home/lottexylitolcom/public_html/staging.lottexylitol.com.vn/test/wp-random-list.php on line 136
[19-Dec-2025 09:23:50 UTC] PHP Warning:  A non-numeric value encountered in /home/lottexylitolcom/public_html/staging.lottexylitol.com.vn/test/wp-random-list.php on line 136
[19-Dec-2025 09:23:50 UTC] PHP Warning:  A non-numeric value encountered in /home/lottexylitolcom/public_html/staging.lottexylitol.com.vn/test/wp-random-list.php on line 136
[19-Dec-2025 09:23:50 UTC] PHP Warning:  A non-numeric value encountered in /home/lottexylitolcom/public_html/staging.lottexylitol.com.vn/test/wp-random-list.php on line 136
[19-Dec-2025 09:23:50 UTC] PHP Warning:  A non-numeric value encountered in /home/lottexylitolcom/public_html/staging.lottexylitol.com.vn/test/wp-random-list.php on line 136
[19-Dec-2025 09:23:50 UTC] PHP Warning:  A non-numeric value encountered in /home/lottexylitolcom/public_html/staging.lottexylitol.com.vn/test/wp-random-list.php on line 136
[19-Dec-2025 09:23:50 UTC] PHP Warning:  A non-numeric value encountered in /home/lottexylitolcom/public_html/staging.lottexylitol.com.vn/test/wp-random-list.php on line 136
[19-Dec-2025 09:23:50 UTC] PHP Warning:  A non-numeric value encountered in /home/lottexylitolcom/public_html/staging.lottexylitol.com.vn/test/wp-random-list.php on line 136
[19-Dec-2025 09:23:50 UTC] PHP Warning:  A non-numeric value encountered in /home/lottexylitolcom/public_html/staging.lottexylitol.com.vn/test/wp-random-list.php on line 136
[19-Dec-2025 09:23:50 UTC] PHP Warning:  A non-numeric value encountered in /home/lottexylitolcom/public_html/staging.lottexylitol.com.vn/test/wp-random-list.php on line 136
[19-Dec-2025 09:23:50 UTC] PHP Warning:  A non-numeric value encountered in /home/lottexylitolcom/public_html/staging.lottexylitol.com.vn/test/wp-random-list.php on line 136
[19-Dec-2025 09:23:50 UTC] PHP Warning:  A non-numeric value encountered in /home/lottexylitolcom/public_html/staging.lottexylitol.com.vn/test/wp-random-list.php on line 136
[19-Dec-2025 09:23:50 UTC] PHP Warning:  A non-numeric value encountered in /home/lottexylitolcom/public_html/staging.lottexylitol.com.vn/test/wp-random-list.php on line 136
[19-Dec-2025 09:23:50 UTC] PHP Warning:  A non-numeric value encountered in /home/lottexylitolcom/public_html/staging.lottexylitol.com.vn/test/wp-random-list.php on line 136
[19-Dec-2025 09:23:50 UTC] PHP Warning:  A non-numeric value encountered in /home/lottexylitolcom/public_html/staging.lottexylitol.com.vn/test/wp-random-list.php on line 136
[19-Dec-2025 09:23:50 UTC] PHP Warning:  A non-numeric value encountered in /home/lottexylitolcom/public_html/staging.lottexylitol.com.vn/test/wp-random-list.php on line 136
[19-Dec-2025 09:23:50 UTC] PHP Warning:  A non-numeric value encountered in /home/lottexylitolcom/public_html/staging.lottexylitol.com.vn/test/wp-random-list.php on line 136
[19-Dec-2025 09:23:50 UTC] PHP Warning:  A non-numeric value encountered in /home/lottexylitolcom/public_html/staging.lottexylitol.com.vn/test/wp-random-list.php on line 136
[19-Dec-2025 09:23:50 UTC] PHP Warning:  A non-numeric value encountered in /home/lottexylitolcom/public_html/staging.lottexylitol.com.vn/test/wp-random-list.php on line 136
[19-Dec-2025 09:23:50 UTC] PHP Warning:  A non-numeric value encountered in /home/lottexylitolcom/public_html/staging.lottexylitol.com.vn/test/wp-random-list.php on line 136
[19-Dec-2025 09:23:50 UTC] PHP Warning:  A non-numeric value encountered in /home/lottexylitolcom/public_html/staging.lottexylitol.com.vn/test/wp-random-list.php on line 136
[19-Dec-2025 09:23:50 UTC] PHP Warning:  A non-numeric value encountered in /home/lottexylitolcom/public_html/staging.lottexylitol.com.vn/test/wp-random-list.php on line 136
[19-Dec-2025 09:23:50 UTC] PHP Warning:  A non-numeric value encountered in /home/lottexylitolcom/public_html/staging.lottexylitol.com.vn/test/wp-random-list.php on line 136
[19-Dec-2025 09:23:50 UTC] PHP Warning:  A non-numeric value encountered in /home/lottexylitolcom/public_html/staging.lottexylitol.com.vn/test/wp-random-list.php on line 136
[19-Dec-2025 09:23:50 UTC] PHP Warning:  A non-numeric value encountered in /home/lottexylitolcom/public_html/staging.lottexylitol.com.vn/test/wp-random-list.php on line 136
[19-Dec-2025 09:23:50 UTC] PHP Warning:  A non-numeric value encountered in /home/lottexylitolcom/public_html/staging.lottexylitol.com.vn/test/wp-random-list.php on line 136
[19-Dec-2025 09:23:50 UTC] PHP Warning:  A non-numeric value encountered in /home/lottexylitolcom/public_html/staging.lottexylitol.com.vn/test/wp-random-list.php on line 136
[19-Dec-2025 09:23:50 UTC] PHP Warning:  A non-numeric value encountered in /home/lottexylitolcom/public_html/staging.lottexylitol.com.vn/test/wp-random-list.php on line 136
[19-Dec-2025 09:23:50 UTC] PHP Warning:  A non-numeric value encountered in /home/lottexylitolcom/public_html/staging.lottexylitol.com.vn/test/wp-random-list.php on line 136
[19-Dec-2025 09:23:50 UTC] PHP Warning:  A non-numeric value encountered in /home/lottexylitolcom/public_html/staging.lottexylitol.com.vn/test/wp-random-list.php on line 136
[19-Dec-2025 09:23:50 UTC] PHP Warning:  A non-numeric value encountered in /home/lottexylitolcom/public_html/staging.lottexylitol.com.vn/test/wp-random-list.php on line 136
[19-Dec-2025 09:23:50 UTC] PHP Warning:  A non-numeric value encountered in /home/lottexylitolcom/public_html/staging.lottexylitol.com.vn/test/wp-random-list.php on line 136
[19-Dec-2025 09:23:50 UTC] PHP Warning:  A non-numeric value encountered in /home/lottexylitolcom/public_html/staging.lottexylitol.com.vn/test/wp-random-list.php on line 136
[19-Dec-2025 09:23:50 UTC] PHP Warning:  A non-numeric value encountered in /home/lottexylitolcom/public_html/staging.lottexylitol.com.vn/test/wp-random-list.php on line 136
[19-Dec-2025 09:23:50 UTC] PHP Warning:  A non-numeric value encountered in /home/lottexylitolcom/public_html/staging.lottexylitol.com.vn/test/wp-random-list.php on line 136
[19-Dec-2025 09:23:50 UTC] PHP Warning:  A non-numeric value encountered in /home/lottexylitolcom/public_html/staging.lottexylitol.com.vn/test/wp-random-list.php on line 136
[19-Dec-2025 09:23:50 UTC] PHP Warning:  A non-numeric value encountered in /home/lottexylitolcom/public_html/staging.lottexylitol.com.vn/test/wp-random-list.php on line 136
[19-Dec-2025 09:23:50 UTC] PHP Warning:  A non-numeric value encountered in /home/lottexylitolcom/public_html/staging.lottexylitol.com.vn/test/wp-random-list.php on line 136
[19-Dec-2025 09:23:50 UTC] PHP Warning:  A non-numeric value encountered in /home/lottexylitolcom/public_html/staging.lottexylitol.com.vn/test/wp-random-list.php on line 136
[19-Dec-2025 09:23:50 UTC] PHP Warning:  A non-numeric value encountered in /home/lottexylitolcom/public_html/staging.lottexylitol.com.vn/test/wp-random-list.php on line 136
[19-Dec-2025 09:23:50 UTC] PHP Warning:  A non-numeric value encountered in /home/lottexylitolcom/public_html/staging.lottexylitol.com.vn/test/wp-random-list.php on line 136
[19-Dec-2025 09:23:50 UTC] PHP Warning:  A non-numeric value encountered in /home/lottexylitolcom/public_html/staging.lottexylitol.com.vn/test/wp-random-list.php on line 136
[19-Dec-2025 09:23:50 UTC] PHP Warning:  A non-numeric value encountered in /home/lottexylitolcom/public_html/staging.lottexylitol.com.vn/test/wp-random-list.php on line 136
[19-Dec-2025 09:23:50 UTC] PHP Warning:  A non-numeric value encountered in /home/lottexylitolcom/public_html/staging.lottexylitol.com.vn/test/wp-random-list.php on line 136
[19-Dec-2025 09:23:50 UTC] PHP Warning:  A non-numeric value encountered in /home/lottexylitolcom/public_html/staging.lottexylitol.com.vn/test/wp-random-list.php on line 136
[19-Dec-2025 09:23:50 UTC] PHP Warning:  A non-numeric value encountered in /home/lottexylitolcom/public_html/staging.lottexylitol.com.vn/test/wp-random-list.php on line 136
[19-Dec-2025 09:23:50 UTC] PHP Warning:  A non-numeric value encountered in /home/lottexylitolcom/public_html/staging.lottexylitol.com.vn/test/wp-random-list.php on line 136
[19-Dec-2025 09:23:50 UTC] PHP Warning:  A non-numeric value encountered in /home/lottexylitolcom/public_html/staging.lottexylitol.com.vn/test/wp-random-list.php on line 136
[19-Dec-2025 09:23:50 UTC] PHP Warning:  A non-numeric value encountered in /home/lottexylitolcom/public_html/staging.lottexylitol.com.vn/test/wp-random-list.php on line 136
[19-Dec-2025 09:23:50 UTC] PHP Warning:  A non-numeric value encountered in /home/lottexylitolcom/public_html/staging.lottexylitol.com.vn/test/wp-random-list.php on line 136
[19-Dec-2025 09:23:50 UTC] PHP Warning:  A non-numeric value encountered in /home/lottexylitolcom/public_html/staging.lottexylitol.com.vn/test/wp-random-list.php on line 136
[19-Dec-2025 09:23:50 UTC] PHP Warning:  A non-numeric value encountered in /home/lottexylitolcom/public_html/staging.lottexylitol.com.vn/test/wp-random-list.php on line 136
[19-Dec-2025 09:23:50 UTC] PHP Warning:  A non-numeric value encountered in /home/lottexylitolcom/public_html/staging.lottexylitol.com.vn/test/wp-random-list.php on line 136
[19-Dec-2025 09:23:50 UTC] PHP Warning:  A non-numeric value encountered in /home/lottexylitolcom/public_html/staging.lottexylitol.com.vn/test/wp-random-list.php on line 136
[19-Dec-2025 09:23:50 UTC] PHP Warning:  A non-numeric value encountered in /home/lottexylitolcom/public_html/staging.lottexylitol.com.vn/test/wp-random-list.php on line 136
[19-Dec-2025 09:23:50 UTC] PHP Warning:  A non-numeric value encountered in /home/lottexylitolcom/public_html/staging.lottexylitol.com.vn/test/wp-random-list.php on line 136
[19-Dec-2025 09:23:50 UTC] PHP Warning:  A non-numeric value encountered in /home/lottexylitolcom/public_html/staging.lottexylitol.com.vn/test/wp-random-list.php on line 136
[19-Dec-2025 09:23:50 UTC] PHP Warning:  A non-numeric value encountered in /home/lottexylitolcom/public_html/staging.lottexylitol.com.vn/test/wp-random-list.php on line 136
[19-Dec-2025 09:23:50 UTC] PHP Warning:  A non-numeric value encountered in /home/lottexylitolcom/public_html/staging.lottexylitol.com.vn/test/wp-random-list.php on line 136
[19-Dec-2025 09:23:50 UTC] PHP Warning:  A non-numeric value encountered in /home/lottexylitolcom/public_html/staging.lottexylitol.com.vn/test/wp-random-list.php on line 136
[19-Dec-2025 09:23:50 UTC] PHP Warning:  A non-numeric value encountered in /home/lottexylitolcom/public_html/staging.lottexylitol.com.vn/test/wp-random-list.php on line 136
[19-Dec-2025 09:23:50 UTC] PHP Warning:  A non-numeric value encountered in /home/lottexylitolcom/public_html/staging.lottexylitol.com.vn/test/wp-random-list.php on line 136
[19-Dec-2025 09:23:50 UTC] PHP Warning:  A non-numeric value encountered in /home/lottexylitolcom/public_html/staging.lottexylitol.com.vn/test/wp-random-list.php on line 136
[19-Dec-2025 09:23:50 UTC] PHP Warning:  A non-numeric value encountered in /home/lottexylitolcom/public_html/staging.lottexylitol.com.vn/test/wp-random-list.php on line 136
[19-Dec-2025 09:23:50 UTC] PHP Warning:  A non-numeric value encountered in /home/lottexylitolcom/public_html/staging.lottexylitol.com.vn/test/wp-random-list.php on line 136
[19-Dec-2025 09:23:50 UTC] PHP Warning:  A non-numeric value encountered in /home/lottexylitolcom/public_html/staging.lottexylitol.com.vn/test/wp-random-list.php on line 136
[19-Dec-2025 09:23:50 UTC] PHP Warning:  A non-numeric value encountered in /home/lottexylitolcom/public_html/staging.lottexylitol.com.vn/test/wp-random-list.php on line 136
[19-Dec-2025 09:23:50 UTC] PHP Warning:  A non-numeric value encountered in /home/lottexylitolcom/public_html/staging.lottexylitol.com.vn/test/wp-random-list.php on line 136
[19-Dec-2025 09:23:50 UTC] PHP Warning:  A non-numeric value encountered in /home/lottexylitolcom/public_html/staging.lottexylitol.com.vn/test/wp-random-list.php on line 136
[19-Dec-2025 09:23:50 UTC] PHP Warning:  A non-numeric value encountered in /home/lottexylitolcom/public_html/staging.lottexylitol.com.vn/test/wp-random-list.php on line 136
[19-Dec-2025 09:23:50 UTC] PHP Warning:  A non-numeric value encountered in /home/lottexylitolcom/public_html/staging.lottexylitol.com.vn/test/wp-random-list.php on line 136
[19-Dec-2025 09:23:50 UTC] PHP Warning:  A non-numeric value encountered in /home/lottexylitolcom/public_html/staging.lottexylitol.com.vn/test/wp-random-list.php on line 136
[19-Dec-2025 09:23:50 UTC] PHP Warning:  A non-numeric value encountered in /home/lottexylitolcom/public_html/staging.lottexylitol.com.vn/test/wp-random-list.php on line 136
[19-Dec-2025 09:23:50 UTC] PHP Warning:  A non-numeric value encountered in /home/lottexylitolcom/public_html/staging.lottexylitol.com.vn/test/wp-random-list.php on line 136
[19-Dec-2025 09:23:50 UTC] PHP Warning:  A non-numeric value encountered in /home/lottexylitolcom/public_html/staging.lottexylitol.com.vn/test/wp-random-list.php on line 136
[19-Dec-2025 09:23:50 UTC] PHP Warning:  A non-numeric value encountered in /home/lottexylitolcom/public_html/staging.lottexylitol.com.vn/test/wp-random-list.php on line 136
[19-Dec-2025 09:23:50 UTC] PHP Warning:  A non-numeric value encountered in /home/lottexylitolcom/public_html/staging.lottexylitol.com.vn/test/wp-random-list.php on line 136
[19-Dec-2025 09:23:50 UTC] PHP Warning:  A non-numeric value encountered in /home/lottexylitolcom/public_html/staging.lottexylitol.com.vn/test/wp-random-list.php on line 136
[19-Dec-2025 09:23:50 UTC] PHP Warning:  A non-numeric value encountered in /home/lottexylitolcom/public_html/staging.lottexylitol.com.vn/test/wp-random-list.php on line 136
[19-Dec-2025 09:23:50 UTC] PHP Warning:  A non-numeric value encountered in /home/lottexylitolcom/public_html/staging.lottexylitol.com.vn/test/wp-random-list.php on line 136
[19-Dec-2025 09:23:50 UTC] PHP Warning:  A non-numeric value encountered in /home/lottexylitolcom/public_html/staging.lottexylitol.com.vn/test/wp-random-list.php on line 136
[19-Dec-2025 09:23:50 UTC] PHP Warning:  A non-numeric value encountered in /home/lottexylitolcom/public_html/staging.lottexylitol.com.vn/test/wp-random-list.php on line 136
[19-Dec-2025 09:23:50 UTC] PHP Warning:  A non-numeric value encountered in /home/lottexylitolcom/public_html/staging.lottexylitol.com.vn/test/wp-random-list.php on line 136
[19-Dec-2025 09:23:50 UTC] PHP Warning:  A non-numeric value encountered in /home/lottexylitolcom/public_html/staging.lottexylitol.com.vn/test/wp-random-list.php on line 136
[19-Dec-2025 09:23:50 UTC] PHP Warning:  A non-numeric value encountered in /home/lottexylitolcom/public_html/staging.lottexylitol.com.vn/test/wp-random-list.php on line 136
[19-Dec-2025 09:23:50 UTC] PHP Warning:  A non-numeric value encountered in /home/lottexylitolcom/public_html/staging.lottexylitol.com.vn/test/wp-random-list.php on line 136
[19-Dec-2025 09:23:50 UTC] PHP Warning:  A non-numeric value encountered in /home/lottexylitolcom/public_html/staging.lottexylitol.com.vn/test/wp-random-list.php on line 136
[19-Dec-2025 09:23:50 UTC] PHP Warning:  A non-numeric value encountered in /home/lottexylitolcom/public_html/staging.lottexylitol.com.vn/test/wp-random-list.php on line 136
[19-Dec-2025 09:23:50 UTC] PHP Warning:  A non-numeric value encountered in /home/lottexylitolcom/public_html/staging.lottexylitol.com.vn/test/wp-random-list.php on line 136
[19-Dec-2025 09:23:50 UTC] PHP Warning:  A non-numeric value encountered in /home/lottexylitolcom/public_html/staging.lottexylitol.com.vn/test/wp-random-list.php on line 136
[19-Dec-2025 09:23:50 UTC] PHP Warning:  A non-numeric value encountered in /home/lottexylitolcom/public_html/staging.lottexylitol.com.vn/test/wp-random-list.php on line 136
[19-Dec-2025 09:23:50 UTC] PHP Warning:  A non-numeric value encountered in /home/lottexylitolcom/public_html/staging.lottexylitol.com.vn/test/wp-random-list.php on line 136
[19-Dec-2025 09:23:50 UTC] PHP Warning:  A non-numeric value encountered in /home/lottexylitolcom/public_html/staging.lottexylitol.com.vn/test/wp-random-list.php on line 136
[19-Dec-2025 09:23:50 UTC] PHP Warning:  A non-numeric value encountered in /home/lottexylitolcom/public_html/staging.lottexylitol.com.vn/test/wp-random-list.php on line 136
[19-Dec-2025 09:23:50 UTC] PHP Warning:  A non-numeric value encountered in /home/lottexylitolcom/public_html/staging.lottexylitol.com.vn/test/wp-random-list.php on line 136
[19-Dec-2025 09:23:50 UTC] PHP Warning:  A non-numeric value encountered in /home/lottexylitolcom/public_html/staging.lottexylitol.com.vn/test/wp-random-list.php on line 136
[19-Dec-2025 09:23:50 UTC] PHP Warning:  A non-numeric value encountered in /home/lottexylitolcom/public_html/staging.lottexylitol.com.vn/test/wp-random-list.php on line 136
[19-Dec-2025 09:23:50 UTC] PHP Warning:  A non-numeric value encountered in /home/lottexylitolcom/public_html/staging.lottexylitol.com.vn/test/wp-random-list.php on line 136
[19-Dec-2025 09:23:50 UTC] PHP Warning:  A non-numeric value encountered in /home/lottexylitolcom/public_html/staging.lottexylitol.com.vn/test/wp-random-list.php on line 136
[19-Dec-2025 09:23:50 UTC] PHP Warning:  A non-numeric value encountered in /home/lottexylitolcom/public_html/staging.lottexylitol.com.vn/test/wp-random-list.php on line 136
[19-Dec-2025 09:23:50 UTC] PHP Warning:  A non-numeric value encountered in /home/lottexylitolcom/public_html/staging.lottexylitol.com.vn/test/wp-random-list.php on line 136
[19-Dec-2025 09:23:50 UTC] PHP Warning:  A non-numeric value encountered in /home/lottexylitolcom/public_html/staging.lottexylitol.com.vn/test/wp-random-list.php on line 136
[19-Dec-2025 09:23:50 UTC] PHP Warning:  A non-numeric value encountered in /home/lottexylitolcom/public_html/staging.lottexylitol.com.vn/test/wp-random-list.php on line 136
[19-Dec-2025 09:23:50 UTC] PHP Warning:  A non-numeric value encountered in /home/lottexylitolcom/public_html/staging.lottexylitol.com.vn/test/wp-random-list.php on line 136
[19-Dec-2025 09:23:50 UTC] PHP Warning:  A non-numeric value encountered in /home/lottexylitolcom/public_html/staging.lottexylitol.com.vn/test/wp-random-list.php on line 136
[19-Dec-2025 09:23:50 UTC] PHP Warning:  A non-numeric value encountered in /home/lottexylitolcom/public_html/staging.lottexylitol.com.vn/test/wp-random-list.php on line 136
[19-Dec-2025 09:23:50 UTC] PHP Warning:  A non-numeric value encountered in /home/lottexylitolcom/public_html/staging.lottexylitol.com.vn/test/wp-random-list.php on line 136
[19-Dec-2025 09:23:50 UTC] PHP Warning:  A non-numeric value encountered in /home/lottexylitolcom/public_html/staging.lottexylitol.com.vn/test/wp-random-list.php on line 136
[19-Dec-2025 09:23:50 UTC] PHP Warning:  A non-numeric value encountered in /home/lottexylitolcom/public_html/staging.lottexylitol.com.vn/test/wp-random-list.php on line 136
[19-Dec-2025 09:23:50 UTC] PHP Warning:  A non-numeric value encountered in /home/lottexylitolcom/public_html/staging.lottexylitol.com.vn/test/wp-random-list.php on line 136
[19-Dec-2025 09:23:50 UTC] PHP Warning:  A non-numeric value encountered in /home/lottexylitolcom/public_html/staging.lottexylitol.com.vn/test/wp-random-list.php on line 136
[19-Dec-2025 09:23:50 UTC] PHP Warning:  A non-numeric value encountered in /home/lottexylitolcom/public_html/staging.lottexylitol.com.vn/test/wp-random-list.php on line 136
[19-Dec-2025 09:23:50 UTC] PHP Warning:  A non-numeric value encountered in /home/lottexylitolcom/public_html/staging.lottexylitol.com.vn/test/wp-random-list.php on line 136
[19-Dec-2025 09:23:50 UTC] PHP Warning:  A non-numeric value encountered in /home/lottexylitolcom/public_html/staging.lottexylitol.com.vn/test/wp-random-list.php on line 136
[19-Dec-2025 09:23:50 UTC] PHP Warning:  A non-numeric value encountered in /home/lottexylitolcom/public_html/staging.lottexylitol.com.vn/test/wp-random-list.php on line 136
[19-Dec-2025 09:23:50 UTC] PHP Warning:  A non-numeric value encountered in /home/lottexylitolcom/public_html/staging.lottexylitol.com.vn/test/wp-random-list.php on line 136
[19-Dec-2025 09:23:50 UTC] PHP Warning:  A non-numeric value encountered in /home/lottexylitolcom/public_html/staging.lottexylitol.com.vn/test/wp-random-list.php on line 136
[19-Dec-2025 09:23:50 UTC] PHP Warning:  A non-numeric value encountered in /home/lottexylitolcom/public_html/staging.lottexylitol.com.vn/test/wp-random-list.php on line 136
[19-Dec-2025 09:23:50 UTC] PHP Warning:  A non-numeric value encountered in /home/lottexylitolcom/public_html/staging.lottexylitol.com.vn/test/wp-random-list.php on line 136
[19-Dec-2025 09:23:50 UTC] PHP Warning:  A non-numeric value encountered in /home/lottexylitolcom/public_html/staging.lottexylitol.com.vn/test/wp-random-list.php on line 136
[19-Dec-2025 09:23:50 UTC] PHP Warning:  A non-numeric value encountered in /home/lottexylitolcom/public_html/staging.lottexylitol.com.vn/test/wp-random-list.php on line 136
[19-Dec-2025 09:23:50 UTC] PHP Warning:  A non-numeric value encountered in /home/lottexylitolcom/public_html/staging.lottexylitol.com.vn/test/wp-random-list.php on line 136
[19-Dec-2025 09:23:50 UTC] PHP Warning:  A non-numeric value encountered in /home/lottexylitolcom/public_html/staging.lottexylitol.com.vn/test/wp-random-list.php on line 136
[19-Dec-2025 09:23:50 UTC] PHP Warning:  A non-numeric value encountered in /home/lottexylitolcom/public_html/staging.lottexylitol.com.vn/test/wp-random-list.php on line 136
[19-Dec-2025 09:23:50 UTC] PHP Warning:  A non-numeric value encountered in /home/lottexylitolcom/public_html/staging.lottexylitol.com.vn/test/wp-random-list.php on line 136
[19-Dec-2025 09:23:50 UTC] PHP Warning:  A non-numeric value encountered in /home/lottexylitolcom/public_html/staging.lottexylitol.com.vn/test/wp-random-list.php on line 136
[19-Dec-2025 09:23:50 UTC] PHP Warning:  A non-numeric value encountered in /home/lottexylitolcom/public_html/staging.lottexylitol.com.vn/test/wp-random-list.php on line 136
[19-Dec-2025 09:23:50 UTC] PHP Warning:  A non-numeric value encountered in /home/lottexylitolcom/public_html/staging.lottexylitol.com.vn/test/wp-random-list.php on line 136
[19-Dec-2025 09:23:50 UTC] PHP Warning:  A non-numeric value encountered in /home/lottexylitolcom/public_html/staging.lottexylitol.com.vn/test/wp-random-list.php on line 136
[19-Dec-2025 09:23:50 UTC] PHP Warning:  A non-numeric value encountered in /home/lottexylitolcom/public_html/staging.lottexylitol.com.vn/test/wp-random-list.php on line 136
[19-Dec-2025 09:23:50 UTC] PHP Warning:  A non-numeric value encountered in /home/lottexylitolcom/public_html/staging.lottexylitol.com.vn/test/wp-random-list.php on line 136
[19-Dec-2025 09:23:50 UTC] PHP Warning:  A non-numeric value encountered in /home/lottexylitolcom/public_html/staging.lottexylitol.com.vn/test/wp-random-list.php on line 136
[19-Dec-2025 09:23:50 UTC] PHP Warning:  A non-numeric value encountered in /home/lottexylitolcom/public_html/staging.lottexylitol.com.vn/test/wp-random-list.php on line 136
[19-Dec-2025 09:23:50 UTC] PHP Warning:  A non-numeric value encountered in /home/lottexylitolcom/public_html/staging.lottexylitol.com.vn/test/wp-random-list.php on line 136
[19-Dec-2025 09:23:50 UTC] PHP Warning:  A non-numeric value encountered in /home/lottexylitolcom/public_html/staging.lottexylitol.com.vn/test/wp-random-list.php on line 136
[19-Dec-2025 09:23:50 UTC] PHP Warning:  A non-numeric value encountered in /home/lottexylitolcom/public_html/staging.lottexylitol.com.vn/test/wp-random-list.php on line 136
[19-Dec-2025 09:23:50 UTC] PHP Warning:  A non-numeric value encountered in /home/lottexylitolcom/public_html/staging.lottexylitol.com.vn/test/wp-random-list.php on line 136
[19-Dec-2025 09:23:50 UTC] PHP Warning:  A non-numeric value encountered in /home/lottexylitolcom/public_html/staging.lottexylitol.com.vn/test/wp-random-list.php on line 136
[19-Dec-2025 09:23:50 UTC] PHP Warning:  A non-numeric value encountered in /home/lottexylitolcom/public_html/staging.lottexylitol.com.vn/test/wp-random-list.php on line 136
[19-Dec-2025 09:23:50 UTC] PHP Warning:  A non-numeric value encountered in /home/lottexylitolcom/public_html/staging.lottexylitol.com.vn/test/wp-random-list.php on line 136
[19-Dec-2025 09:23:50 UTC] PHP Warning:  A non-numeric value encountered in /home/lottexylitolcom/public_html/staging.lottexylitol.com.vn/test/wp-random-list.php on line 136
[19-Dec-2025 09:23:50 UTC] PHP Warning:  A non-numeric value encountered in /home/lottexylitolcom/public_html/staging.lottexylitol.com.vn/test/wp-random-list.php on line 136
[19-Dec-2025 09:23:50 UTC] PHP Warning:  A non-numeric value encountered in /home/lottexylitolcom/public_html/staging.lottexylitol.com.vn/test/wp-random-list.php on line 136
[19-Dec-2025 09:23:50 UTC] PHP Warning:  A non-numeric value encountered in /home/lottexylitolcom/public_html/staging.lottexylitol.com.vn/test/wp-random-list.php on line 136
[19-Dec-2025 09:23:50 UTC] PHP Warning:  A non-numeric value encountered in /home/lottexylitolcom/public_html/staging.lottexylitol.com.vn/test/wp-random-list.php on line 136
[19-Dec-2025 09:23:50 UTC] PHP Warning:  A non-numeric value encountered in /home/lottexylitolcom/public_html/staging.lottexylitol.com.vn/test/wp-random-list.php on line 136
[19-Dec-2025 09:23:50 UTC] PHP Warning:  A non-numeric value encountered in /home/lottexylitolcom/public_html/staging.lottexylitol.com.vn/test/wp-random-list.php on line 136
[19-Dec-2025 09:23:50 UTC] PHP Warning:  A non-numeric value encountered in /home/lottexylitolcom/public_html/staging.lottexylitol.com.vn/test/wp-random-list.php on line 136
[19-Dec-2025 09:23:50 UTC] PHP Warning:  A non-numeric value encountered in /home/lottexylitolcom/public_html/staging.lottexylitol.com.vn/test/wp-random-list.php on line 136
[19-Dec-2025 09:23:50 UTC] PHP Warning:  A non-numeric value encountered in /home/lottexylitolcom/public_html/staging.lottexylitol.com.vn/test/wp-random-list.php on line 136
[19-Dec-2025 09:23:50 UTC] PHP Warning:  A non-numeric value encountered in /home/lottexylitolcom/public_html/staging.lottexylitol.com.vn/test/wp-random-list.php on line 136
[19-Dec-2025 09:23:50 UTC] PHP Warning:  A non-numeric value encountered in /home/lottexylitolcom/public_html/staging.lottexylitol.com.vn/test/wp-random-list.php on line 136
[19-Dec-2025 09:23:50 UTC] PHP Warning:  A non-numeric value encountered in /home/lottexylitolcom/public_html/staging.lottexylitol.com.vn/test/wp-random-list.php on line 136
[19-Dec-2025 09:23:50 UTC] PHP Warning:  A non-numeric value encountered in /home/lottexylitolcom/public_html/staging.lottexylitol.com.vn/test/wp-random-list.php on line 136
[19-Dec-2025 09:23:50 UTC] PHP Warning:  A non-numeric value encountered in /home/lottexylitolcom/public_html/staging.lottexylitol.com.vn/test/wp-random-list.php on line 136
[19-Dec-2025 09:23:50 UTC] PHP Warning:  A non-numeric value encountered in /home/lottexylitolcom/public_html/staging.lottexylitol.com.vn/test/wp-random-list.php on line 136
[19-Dec-2025 09:23:50 UTC] PHP Warning:  A non-numeric value encountered in /home/lottexylitolcom/public_html/staging.lottexylitol.com.vn/test/wp-random-list.php on line 136
[19-Dec-2025 09:23:50 UTC] PHP Warning:  A non-numeric value encountered in /home/lottexylitolcom/public_html/staging.lottexylitol.com.vn/test/wp-random-list.php on line 136
[19-Dec-2025 09:23:50 UTC] PHP Warning:  A non-numeric value encountered in /home/lottexylitolcom/public_html/staging.lottexylitol.com.vn/test/wp-random-list.php on line 136
[19-Dec-2025 09:23:50 UTC] PHP Warning:  A non-numeric value encountered in /home/lottexylitolcom/public_html/staging.lottexylitol.com.vn/test/wp-random-list.php on line 136
[19-Dec-2025 09:23:50 UTC] PHP Warning:  A non-numeric value encountered in /home/lottexylitolcom/public_html/staging.lottexylitol.com.vn/test/wp-random-list.php on line 136
[19-Dec-2025 09:23:50 UTC] PHP Warning:  A non-numeric value encountered in /home/lottexylitolcom/public_html/staging.lottexylitol.com.vn/test/wp-random-list.php on line 136
[19-Dec-2025 09:23:50 UTC] PHP Warning:  A non-numeric value encountered in /home/lottexylitolcom/public_html/staging.lottexylitol.com.vn/test/wp-random-list.php on line 136
[19-Dec-2025 09:23:50 UTC] PHP Warning:  A non-numeric value encountered in /home/lottexylitolcom/public_html/staging.lottexylitol.com.vn/test/wp-random-list.php on line 136
[19-Dec-2025 09:23:50 UTC] PHP Warning:  A non-numeric value encountered in /home/lottexylitolcom/public_html/staging.lottexylitol.com.vn/test/wp-random-list.php on line 136
[19-Dec-2025 09:23:50 UTC] PHP Warning:  A non-numeric value encountered in /home/lottexylitolcom/public_html/staging.lottexylitol.com.vn/test/wp-random-list.php on line 136
[19-Dec-2025 09:23:50 UTC] PHP Warning:  A non-numeric value encountered in /home/lottexylitolcom/public_html/staging.lottexylitol.com.vn/test/wp-random-list.php on line 136
[19-Dec-2025 09:23:50 UTC] PHP Warning:  A non-numeric value encountered in /home/lottexylitolcom/public_html/staging.lottexylitol.com.vn/test/wp-random-list.php on line 136
[19-Dec-2025 09:23:50 UTC] PHP Warning:  A non-numeric value encountered in /home/lottexylitolcom/public_html/staging.lottexylitol.com.vn/test/wp-random-list.php on line 136
[19-Dec-2025 09:23:50 UTC] PHP Warning:  A non-numeric value encountered in /home/lottexylitolcom/public_html/staging.lottexylitol.com.vn/test/wp-random-list.php on line 136
[19-Dec-2025 09:23:50 UTC] PHP Warning:  A non-numeric value encountered in /home/lottexylitolcom/public_html/staging.lottexylitol.com.vn/test/wp-random-list.php on line 136
[19-Dec-2025 09:23:50 UTC] PHP Warning:  A non-numeric value encountered in /home/lottexylitolcom/public_html/staging.lottexylitol.com.vn/test/wp-random-list.php on line 136
[19-Dec-2025 09:23:50 UTC] PHP Warning:  A non-numeric value encountered in /home/lottexylitolcom/public_html/staging.lottexylitol.com.vn/test/wp-random-list.php on line 136
[19-Dec-2025 09:23:50 UTC] PHP Warning:  A non-numeric value encountered in /home/lottexylitolcom/public_html/staging.lottexylitol.com.vn/test/wp-random-list.php on line 136
[19-Dec-2025 09:23:50 UTC] PHP Warning:  A non-numeric value encountered in /home/lottexylitolcom/public_html/staging.lottexylitol.com.vn/test/wp-random-list.php on line 136
[19-Dec-2025 09:23:50 UTC] PHP Warning:  A non-numeric value encountered in /home/lottexylitolcom/public_html/staging.lottexylitol.com.vn/test/wp-random-list.php on line 136
[19-Dec-2025 09:23:50 UTC] PHP Warning:  A non-numeric value encountered in /home/lottexylitolcom/public_html/staging.lottexylitol.com.vn/test/wp-random-list.php on line 136
[19-Dec-2025 09:23:50 UTC] PHP Warning:  A non-numeric value encountered in /home/lottexylitolcom/public_html/staging.lottexylitol.com.vn/test/wp-random-list.php on line 136
[19-Dec-2025 09:23:50 UTC] PHP Warning:  A non-numeric value encountered in /home/lottexylitolcom/public_html/staging.lottexylitol.com.vn/test/wp-random-list.php on line 136
[19-Dec-2025 09:23:50 UTC] PHP Warning:  A non-numeric value encountered in /home/lottexylitolcom/public_html/staging.lottexylitol.com.vn/test/wp-random-list.php on line 136
[19-Dec-2025 09:23:50 UTC] PHP Warning:  A non-numeric value encountered in /home/lottexylitolcom/public_html/staging.lottexylitol.com.vn/test/wp-random-list.php on line 136
[19-Dec-2025 09:23:50 UTC] PHP Warning:  A non-numeric value encountered in /home/lottexylitolcom/public_html/staging.lottexylitol.com.vn/test/wp-random-list.php on line 136
[19-Dec-2025 09:23:50 UTC] PHP Warning:  A non-numeric value encountered in /home/lottexylitolcom/public_html/staging.lottexylitol.com.vn/test/wp-random-list.php on line 136
[19-Dec-2025 09:23:50 UTC] PHP Warning:  A non-numeric value encountered in /home/lottexylitolcom/public_html/staging.lottexylitol.com.vn/test/wp-random-list.php on line 136
[19-Dec-2025 09:23:50 UTC] PHP Warning:  A non-numeric value encountered in /home/lottexylitolcom/public_html/staging.lottexylitol.com.vn/test/wp-random-list.php on line 136
[19-Dec-2025 09:23:50 UTC] PHP Warning:  A non-numeric value encountered in /home/lottexylitolcom/public_html/staging.lottexylitol.com.vn/test/wp-random-list.php on line 136
[19-Dec-2025 09:23:50 UTC] PHP Warning:  A non-numeric value encountered in /home/lottexylitolcom/public_html/staging.lottexylitol.com.vn/test/wp-random-list.php on line 136
[19-Dec-2025 09:23:50 UTC] PHP Warning:  A non-numeric value encountered in /home/lottexylitolcom/public_html/staging.lottexylitol.com.vn/test/wp-random-list.php on line 136
[19-Dec-2025 09:23:50 UTC] PHP Warning:  A non-numeric value encountered in /home/lottexylitolcom/public_html/staging.lottexylitol.com.vn/test/wp-random-list.php on line 136
[19-Dec-2025 09:23:50 UTC] PHP Warning:  A non-numeric value encountered in /home/lottexylitolcom/public_html/staging.lottexylitol.com.vn/test/wp-random-list.php on line 136
[19-Dec-2025 09:23:50 UTC] PHP Warning:  A non-numeric value encountered in /home/lottexylitolcom/public_html/staging.lottexylitol.com.vn/test/wp-random-list.php on line 136
[19-Dec-2025 09:23:50 UTC] PHP Warning:  A non-numeric value encountered in /home/lottexylitolcom/public_html/staging.lottexylitol.com.vn/test/wp-random-list.php on line 136
[19-Dec-2025 09:23:50 UTC] PHP Warning:  A non-numeric value encountered in /home/lottexylitolcom/public_html/staging.lottexylitol.com.vn/test/wp-random-list.php on line 136
[19-Dec-2025 09:23:50 UTC] PHP Warning:  A non-numeric value encountered in /home/lottexylitolcom/public_html/staging.lottexylitol.com.vn/test/wp-random-list.php on line 136
[19-Dec-2025 09:23:50 UTC] PHP Warning:  A non-numeric value encountered in /home/lottexylitolcom/public_html/staging.lottexylitol.com.vn/test/wp-random-list.php on line 136
[19-Dec-2025 09:23:50 UTC] PHP Warning:  A non-numeric value encountered in /home/lottexylitolcom/public_html/staging.lottexylitol.com.vn/test/wp-random-list.php on line 136
[19-Dec-2025 09:23:50 UTC] PHP Warning:  A non-numeric value encountered in /home/lottexylitolcom/public_html/staging.lottexylitol.com.vn/test/wp-random-list.php on line 136
[19-Dec-2025 09:23:50 UTC] PHP Warning:  A non-numeric value encountered in /home/lottexylitolcom/public_html/staging.lottexylitol.com.vn/test/wp-random-list.php on line 136
[19-Dec-2025 09:23:50 UTC] PHP Warning:  A non-numeric value encountered in /home/lottexylitolcom/public_html/staging.lottexylitol.com.vn/test/wp-random-list.php on line 136
[19-Dec-2025 09:23:50 UTC] PHP Warning:  A non-numeric value encountered in /home/lottexylitolcom/public_html/staging.lottexylitol.com.vn/test/wp-random-list.php on line 136
[19-Dec-2025 09:23:50 UTC] PHP Warning:  A non-numeric value encountered in /home/lottexylitolcom/public_html/staging.lottexylitol.com.vn/test/wp-random-list.php on line 136
[19-Dec-2025 09:23:50 UTC] PHP Warning:  A non-numeric value encountered in /home/lottexylitolcom/public_html/staging.lottexylitol.com.vn/test/wp-random-list.php on line 136
[19-Dec-2025 09:23:50 UTC] PHP Warning:  A non-numeric value encountered in /home/lottexylitolcom/public_html/staging.lottexylitol.com.vn/test/wp-random-list.php on line 136
[19-Dec-2025 09:23:50 UTC] PHP Warning:  A non-numeric value encountered in /home/lottexylitolcom/public_html/staging.lottexylitol.com.vn/test/wp-random-list.php on line 136
[19-Dec-2025 09:23:50 UTC] PHP Warning:  A non-numeric value encountered in /home/lottexylitolcom/public_html/staging.lottexylitol.com.vn/test/wp-random-list.php on line 136
[19-Dec-2025 09:23:50 UTC] PHP Warning:  A non-numeric value encountered in /home/lottexylitolcom/public_html/staging.lottexylitol.com.vn/test/wp-random-list.php on line 136
[19-Dec-2025 09:23:50 UTC] PHP Warning:  A non-numeric value encountered in /home/lottexylitolcom/public_html/staging.lottexylitol.com.vn/test/wp-random-list.php on line 136
[19-Dec-2025 09:23:50 UTC] PHP Warning:  A non-numeric value encountered in /home/lottexylitolcom/public_html/staging.lottexylitol.com.vn/test/wp-random-list.php on line 136
[19-Dec-2025 09:23:50 UTC] PHP Warning:  A non-numeric value encountered in /home/lottexylitolcom/public_html/staging.lottexylitol.com.vn/test/wp-random-list.php on line 136
[19-Dec-2025 09:23:50 UTC] PHP Warning:  A non-numeric value encountered in /home/lottexylitolcom/public_html/staging.lottexylitol.com.vn/test/wp-random-list.php on line 136
[19-Dec-2025 09:23:50 UTC] PHP Warning:  A non-numeric value encountered in /home/lottexylitolcom/public_html/staging.lottexylitol.com.vn/test/wp-random-list.php on line 136
[19-Dec-2025 09:23:50 UTC] PHP Warning:  A non-numeric value encountered in /home/lottexylitolcom/public_html/staging.lottexylitol.com.vn/test/wp-random-list.php on line 136
[19-Dec-2025 09:23:50 UTC] PHP Warning:  A non-numeric value encountered in /home/lottexylitolcom/public_html/staging.lottexylitol.com.vn/test/wp-random-list.php on line 136
[19-Dec-2025 09:23:50 UTC] PHP Warning:  A non-numeric value encountered in /home/lottexylitolcom/public_html/staging.lottexylitol.com.vn/test/wp-random-list.php on line 136
[19-Dec-2025 09:23:50 UTC] PHP Warning:  A non-numeric value encountered in /home/lottexylitolcom/public_html/staging.lottexylitol.com.vn/test/wp-random-list.php on line 136
[19-Dec-2025 09:23:50 UTC] PHP Warning:  A non-numeric value encountered in /home/lottexylitolcom/public_html/staging.lottexylitol.com.vn/test/wp-random-list.php on line 136
[19-Dec-2025 09:23:50 UTC] PHP Warning:  A non-numeric value encountered in /home/lottexylitolcom/public_html/staging.lottexylitol.com.vn/test/wp-random-list.php on line 136
[19-Dec-2025 09:23:50 UTC] PHP Warning:  A non-numeric value encountered in /home/lottexylitolcom/public_html/staging.lottexylitol.com.vn/test/wp-random-list.php on line 136
[19-Dec-2025 09:23:50 UTC] PHP Warning:  A non-numeric value encountered in /home/lottexylitolcom/public_html/staging.lottexylitol.com.vn/test/wp-random-list.php on line 136
[19-Dec-2025 09:23:50 UTC] PHP Warning:  A non-numeric value encountered in /home/lottexylitolcom/public_html/staging.lottexylitol.com.vn/test/wp-random-list.php on line 136
[19-Dec-2025 09:23:50 UTC] PHP Warning:  A non-numeric value encountered in /home/lottexylitolcom/public_html/staging.lottexylitol.com.vn/test/wp-random-list.php on line 136
[19-Dec-2025 09:23:50 UTC] PHP Warning:  A non-numeric value encountered in /home/lottexylitolcom/public_html/staging.lottexylitol.com.vn/test/wp-random-list.php on line 136
[19-Dec-2025 09:23:50 UTC] PHP Warning:  A non-numeric value encountered in /home/lottexylitolcom/public_html/staging.lottexylitol.com.vn/test/wp-random-list.php on line 136
[19-Dec-2025 09:23:50 UTC] PHP Warning:  A non-numeric value encountered in /home/lottexylitolcom/public_html/staging.lottexylitol.com.vn/test/wp-random-list.php on line 136
[19-Dec-2025 09:23:50 UTC] PHP Warning:  A non-numeric value encountered in /home/lottexylitolcom/public_html/staging.lottexylitol.com.vn/test/wp-random-list.php on line 136
[19-Dec-2025 09:23:50 UTC] PHP Warning:  A non-numeric value encountered in /home/lottexylitolcom/public_html/staging.lottexylitol.com.vn/test/wp-random-list.php on line 136
[19-Dec-2025 09:23:50 UTC] PHP Warning:  A non-numeric value encountered in /home/lottexylitolcom/public_html/staging.lottexylitol.com.vn/test/wp-random-list.php on line 136
[19-Dec-2025 09:23:50 UTC] PHP Warning:  A non-numeric value encountered in /home/lottexylitolcom/public_html/staging.lottexylitol.com.vn/test/wp-random-list.php on line 136
[19-Dec-2025 09:23:50 UTC] PHP Warning:  A non-numeric value encountered in /home/lottexylitolcom/public_html/staging.lottexylitol.com.vn/test/wp-random-list.php on line 136
[19-Dec-2025 09:23:50 UTC] PHP Warning:  A non-numeric value encountered in /home/lottexylitolcom/public_html/staging.lottexylitol.com.vn/test/wp-random-list.php on line 136
[19-Dec-2025 09:23:50 UTC] PHP Warning:  A non-numeric value encountered in /home/lottexylitolcom/public_html/staging.lottexylitol.com.vn/test/wp-random-list.php on line 136
[19-Dec-2025 09:23:50 UTC] PHP Warning:  A non-numeric value encountered in /home/lottexylitolcom/public_html/staging.lottexylitol.com.vn/test/wp-random-list.php on line 136
[19-Dec-2025 09:23:50 UTC] PHP Warning:  A non-numeric value encountered in /home/lottexylitolcom/public_html/staging.lottexylitol.com.vn/test/wp-random-list.php on line 136
[19-Dec-2025 09:23:50 UTC] PHP Warning:  A non-numeric value encountered in /home/lottexylitolcom/public_html/staging.lottexylitol.com.vn/test/wp-random-list.php on line 136
[19-Dec-2025 09:23:50 UTC] PHP Warning:  A non-numeric value encountered in /home/lottexylitolcom/public_html/staging.lottexylitol.com.vn/test/wp-random-list.php on line 136
[19-Dec-2025 09:23:50 UTC] PHP Warning:  A non-numeric value encountered in /home/lottexylitolcom/public_html/staging.lottexylitol.com.vn/test/wp-random-list.php on line 136
[19-Dec-2025 09:23:50 UTC] PHP Warning:  A non-numeric value encountered in /home/lottexylitolcom/public_html/staging.lottexylitol.com.vn/test/wp-random-list.php on line 136
[19-Dec-2025 09:23:50 UTC] PHP Warning:  A non-numeric value encountered in /home/lottexylitolcom/public_html/staging.lottexylitol.com.vn/test/wp-random-list.php on line 136
[19-Dec-2025 09:23:50 UTC] PHP Warning:  A non-numeric value encountered in /home/lottexylitolcom/public_html/staging.lottexylitol.com.vn/test/wp-random-list.php on line 136
[19-Dec-2025 09:23:50 UTC] PHP Warning:  A non-numeric value encountered in /home/lottexylitolcom/public_html/staging.lottexylitol.com.vn/test/wp-random-list.php on line 136
[19-Dec-2025 09:23:50 UTC] PHP Warning:  A non-numeric value encountered in /home/lottexylitolcom/public_html/staging.lottexylitol.com.vn/test/wp-random-list.php on line 136
[19-Dec-2025 09:23:50 UTC] PHP Warning:  A non-numeric value encountered in /home/lottexylitolcom/public_html/staging.lottexylitol.com.vn/test/wp-random-list.php on line 136
[19-Dec-2025 09:23:50 UTC] PHP Warning:  A non-numeric value encountered in /home/lottexylitolcom/public_html/staging.lottexylitol.com.vn/test/wp-random-list.php on line 136
[19-Dec-2025 09:23:50 UTC] PHP Warning:  A non-numeric value encountered in /home/lottexylitolcom/public_html/staging.lottexylitol.com.vn/test/wp-random-list.php on line 136
[19-Dec-2025 09:23:50 UTC] PHP Warning:  A non-numeric value encountered in /home/lottexylitolcom/public_html/staging.lottexylitol.com.vn/test/wp-random-list.php on line 136
[19-Dec-2025 09:23:50 UTC] PHP Warning:  A non-numeric value encountered in /home/lottexylitolcom/public_html/staging.lottexylitol.com.vn/test/wp-random-list.php on line 136
[19-Dec-2025 09:23:50 UTC] PHP Warning:  A non-numeric value encountered in /home/lottexylitolcom/public_html/staging.lottexylitol.com.vn/test/wp-random-list.php on line 136
[19-Dec-2025 09:23:50 UTC] PHP Warning:  A non-numeric value encountered in /home/lottexylitolcom/public_html/staging.lottexylitol.com.vn/test/wp-random-list.php on line 136
[19-Dec-2025 09:23:50 UTC] PHP Warning:  A non-numeric value encountered in /home/lottexylitolcom/public_html/staging.lottexylitol.com.vn/test/wp-random-list.php on line 136
[19-Dec-2025 09:23:50 UTC] PHP Warning:  A non-numeric value encountered in /home/lottexylitolcom/public_html/staging.lottexylitol.com.vn/test/wp-random-list.php on line 136
[19-Dec-2025 09:23:50 UTC] PHP Warning:  A non-numeric value encountered in /home/lottexylitolcom/public_html/staging.lottexylitol.com.vn/test/wp-random-list.php on line 136
[19-Dec-2025 09:23:50 UTC] PHP Warning:  A non-numeric value encountered in /home/lottexylitolcom/public_html/staging.lottexylitol.com.vn/test/wp-random-list.php on line 136
[19-Dec-2025 09:23:50 UTC] PHP Warning:  A non-numeric value encountered in /home/lottexylitolcom/public_html/staging.lottexylitol.com.vn/test/wp-random-list.php on line 136
[19-Dec-2025 09:23:50 UTC] PHP Warning:  A non-numeric value encountered in /home/lottexylitolcom/public_html/staging.lottexylitol.com.vn/test/wp-random-list.php on line 136
[19-Dec-2025 09:23:50 UTC] PHP Warning:  A non-numeric value encountered in /home/lottexylitolcom/public_html/staging.lottexylitol.com.vn/test/wp-random-list.php on line 136
[19-Dec-2025 09:23:50 UTC] PHP Warning:  A non-numeric value encountered in /home/lottexylitolcom/public_html/staging.lottexylitol.com.vn/test/wp-random-list.php on line 136
[19-Dec-2025 09:23:50 UTC] PHP Warning:  A non-numeric value encountered in /home/lottexylitolcom/public_html/staging.lottexylitol.com.vn/test/wp-random-list.php on line 136
[19-Dec-2025 09:23:50 UTC] PHP Warning:  A non-numeric value encountered in /home/lottexylitolcom/public_html/staging.lottexylitol.com.vn/test/wp-random-list.php on line 136
[19-Dec-2025 09:23:50 UTC] PHP Warning:  A non-numeric value encountered in /home/lottexylitolcom/public_html/staging.lottexylitol.com.vn/test/wp-random-list.php on line 136
[19-Dec-2025 09:23:50 UTC] PHP Warning:  A non-numeric value encountered in /home/lottexylitolcom/public_html/staging.lottexylitol.com.vn/test/wp-random-list.php on line 136
[19-Dec-2025 09:23:50 UTC] PHP Warning:  A non-numeric value encountered in /home/lottexylitolcom/public_html/staging.lottexylitol.com.vn/test/wp-random-list.php on line 136
[19-Dec-2025 09:23:50 UTC] PHP Warning:  A non-numeric value encountered in /home/lottexylitolcom/public_html/staging.lottexylitol.com.vn/test/wp-random-list.php on line 136
[19-Dec-2025 09:23:50 UTC] PHP Warning:  A non-numeric value encountered in /home/lottexylitolcom/public_html/staging.lottexylitol.com.vn/test/wp-random-list.php on line 136
[19-Dec-2025 09:23:50 UTC] PHP Warning:  A non-numeric value encountered in /home/lottexylitolcom/public_html/staging.lottexylitol.com.vn/test/wp-random-list.php on line 136
[19-Dec-2025 09:23:50 UTC] PHP Warning:  A non-numeric value encountered in /home/lottexylitolcom/public_html/staging.lottexylitol.com.vn/test/wp-random-list.php on line 136
[19-Dec-2025 09:23:50 UTC] PHP Warning:  A non-numeric value encountered in /home/lottexylitolcom/public_html/staging.lottexylitol.com.vn/test/wp-random-list.php on line 136
[19-Dec-2025 09:23:50 UTC] PHP Warning:  A non-numeric value encountered in /home/lottexylitolcom/public_html/staging.lottexylitol.com.vn/test/wp-random-list.php on line 136
[19-Dec-2025 09:23:50 UTC] PHP Warning:  A non-numeric value encountered in /home/lottexylitolcom/public_html/staging.lottexylitol.com.vn/test/wp-random-list.php on line 136
[19-Dec-2025 09:23:50 UTC] PHP Warning:  A non-numeric value encountered in /home/lottexylitolcom/public_html/staging.lottexylitol.com.vn/test/wp-random-list.php on line 136
[19-Dec-2025 09:23:50 UTC] PHP Warning:  A non-numeric value encountered in /home/lottexylitolcom/public_html/staging.lottexylitol.com.vn/test/wp-random-list.php on line 136
[19-Dec-2025 09:23:50 UTC] PHP Warning:  A non-numeric value encountered in /home/lottexylitolcom/public_html/staging.lottexylitol.com.vn/test/wp-random-list.php on line 136
[19-Dec-2025 09:23:50 UTC] PHP Warning:  A non-numeric value encountered in /home/lottexylitolcom/public_html/staging.lottexylitol.com.vn/test/wp-random-list.php on line 136
[19-Dec-2025 09:23:50 UTC] PHP Warning:  A non-numeric value encountered in /home/lottexylitolcom/public_html/staging.lottexylitol.com.vn/test/wp-random-list.php on line 136
[19-Dec-2025 09:23:50 UTC] PHP Warning:  A non-numeric value encountered in /home/lottexylitolcom/public_html/staging.lottexylitol.com.vn/test/wp-random-list.php on line 136
[19-Dec-2025 09:23:50 UTC] PHP Warning:  A non-numeric value encountered in /home/lottexylitolcom/public_html/staging.lottexylitol.com.vn/test/wp-random-list.php on line 136
[19-Dec-2025 09:23:50 UTC] PHP Warning:  A non-numeric value encountered in /home/lottexylitolcom/public_html/staging.lottexylitol.com.vn/test/wp-random-list.php on line 136
[19-Dec-2025 09:23:50 UTC] PHP Warning:  A non-numeric value encountered in /home/lottexylitolcom/public_html/staging.lottexylitol.com.vn/test/wp-random-list.php on line 136
[19-Dec-2025 09:23:50 UTC] PHP Warning:  A non-numeric value encountered in /home/lottexylitolcom/public_html/staging.lottexylitol.com.vn/test/wp-random-list.php on line 136
[19-Dec-2025 09:23:50 UTC] PHP Warning:  A non-numeric value encountered in /home/lottexylitolcom/public_html/staging.lottexylitol.com.vn/test/wp-random-list.php on line 136
[19-Dec-2025 09:23:50 UTC] PHP Warning:  A non-numeric value encountered in /home/lottexylitolcom/public_html/staging.lottexylitol.com.vn/test/wp-random-list.php on line 136
[19-Dec-2025 09:23:50 UTC] PHP Warning:  A non-numeric value encountered in /home/lottexylitolcom/public_html/staging.lottexylitol.com.vn/test/wp-random-list.php on line 136
[19-Dec-2025 09:23:50 UTC] PHP Warning:  A non-numeric value encountered in /home/lottexylitolcom/public_html/staging.lottexylitol.com.vn/test/wp-random-list.php on line 136
[19-Dec-2025 09:23:50 UTC] PHP Warning:  A non-numeric value encountered in /home/lottexylitolcom/public_html/staging.lottexylitol.com.vn/test/wp-random-list.php on line 136
[19-Dec-2025 09:23:50 UTC] PHP Warning:  A non-numeric value encountered in /home/lottexylitolcom/public_html/staging.lottexylitol.com.vn/test/wp-random-list.php on line 136
[19-Dec-2025 09:23:50 UTC] PHP Warning:  A non-numeric value encountered in /home/lottexylitolcom/public_html/staging.lottexylitol.com.vn/test/wp-random-list.php on line 136
[19-Dec-2025 09:23:50 UTC] PHP Warning:  A non-numeric value encountered in /home/lottexylitolcom/public_html/staging.lottexylitol.com.vn/test/wp-random-list.php on line 136
[19-Dec-2025 09:23:50 UTC] PHP Warning:  A non-numeric value encountered in /home/lottexylitolcom/public_html/staging.lottexylitol.com.vn/test/wp-random-list.php on line 136
[19-Dec-2025 09:23:50 UTC] PHP Warning:  A non-numeric value encountered in /home/lottexylitolcom/public_html/staging.lottexylitol.com.vn/test/wp-random-list.php on line 136
[19-Dec-2025 09:23:50 UTC] PHP Warning:  A non-numeric value encountered in /home/lottexylitolcom/public_html/staging.lottexylitol.com.vn/test/wp-random-list.php on line 136
[19-Dec-2025 09:23:50 UTC] PHP Warning:  A non-numeric value encountered in /home/lottexylitolcom/public_html/staging.lottexylitol.com.vn/test/wp-random-list.php on line 136
[19-Dec-2025 09:23:50 UTC] PHP Warning:  A non-numeric value encountered in /home/lottexylitolcom/public_html/staging.lottexylitol.com.vn/test/wp-random-list.php on line 136
[19-Dec-2025 09:23:50 UTC] PHP Warning:  A non-numeric value encountered in /home/lottexylitolcom/public_html/staging.lottexylitol.com.vn/test/wp-random-list.php on line 136
[19-Dec-2025 09:23:50 UTC] PHP Warning:  A non-numeric value encountered in /home/lottexylitolcom/public_html/staging.lottexylitol.com.vn/test/wp-random-list.php on line 136
[19-Dec-2025 09:23:50 UTC] PHP Warning:  A non-numeric value encountered in /home/lottexylitolcom/public_html/staging.lottexylitol.com.vn/test/wp-random-list.php on line 136
[19-Dec-2025 09:23:50 UTC] PHP Warning:  A non-numeric value encountered in /home/lottexylitolcom/public_html/staging.lottexylitol.com.vn/test/wp-random-list.php on line 136
[19-Dec-2025 09:23:50 UTC] PHP Warning:  A non-numeric value encountered in /home/lottexylitolcom/public_html/staging.lottexylitol.com.vn/test/wp-random-list.php on line 136
[19-Dec-2025 09:23:50 UTC] PHP Warning:  A non-numeric value encountered in /home/lottexylitolcom/public_html/staging.lottexylitol.com.vn/test/wp-random-list.php on line 136
[19-Dec-2025 09:23:50 UTC] PHP Warning:  A non-numeric value encountered in /home/lottexylitolcom/public_html/staging.lottexylitol.com.vn/test/wp-random-list.php on line 136
[19-Dec-2025 09:23:50 UTC] PHP Warning:  A non-numeric value encountered in /home/lottexylitolcom/public_html/staging.lottexylitol.com.vn/test/wp-random-list.php on line 136
[19-Dec-2025 09:23:50 UTC] PHP Warning:  A non-numeric value encountered in /home/lottexylitolcom/public_html/staging.lottexylitol.com.vn/test/wp-random-list.php on line 136
[19-Dec-2025 09:23:50 UTC] PHP Warning:  A non-numeric value encountered in /home/lottexylitolcom/public_html/staging.lottexylitol.com.vn/test/wp-random-list.php on line 136
[19-Dec-2025 09:23:50 UTC] PHP Warning:  A non-numeric value encountered in /home/lottexylitolcom/public_html/staging.lottexylitol.com.vn/test/wp-random-list.php on line 136
[19-Dec-2025 09:23:50 UTC] PHP Warning:  A non-numeric value encountered in /home/lottexylitolcom/public_html/staging.lottexylitol.com.vn/test/wp-random-list.php on line 136
[19-Dec-2025 09:23:50 UTC] PHP Warning:  A non-numeric value encountered in /home/lottexylitolcom/public_html/staging.lottexylitol.com.vn/test/wp-random-list.php on line 136
[19-Dec-2025 09:23:50 UTC] PHP Warning:  A non-numeric value encountered in /home/lottexylitolcom/public_html/staging.lottexylitol.com.vn/test/wp-random-list.php on line 136
[19-Dec-2025 09:23:50 UTC] PHP Warning:  A non-numeric value encountered in /home/lottexylitolcom/public_html/staging.lottexylitol.com.vn/test/wp-random-list.php on line 136
[19-Dec-2025 09:23:50 UTC] PHP Warning:  A non-numeric value encountered in /home/lottexylitolcom/public_html/staging.lottexylitol.com.vn/test/wp-random-list.php on line 136
[19-Dec-2025 09:23:50 UTC] PHP Warning:  A non-numeric value encountered in /home/lottexylitolcom/public_html/staging.lottexylitol.com.vn/test/wp-random-list.php on line 136
[19-Dec-2025 09:23:50 UTC] PHP Warning:  A non-numeric value encountered in /home/lottexylitolcom/public_html/staging.lottexylitol.com.vn/test/wp-random-list.php on line 136
[19-Dec-2025 09:23:50 UTC] PHP Warning:  A non-numeric value encountered in /home/lottexylitolcom/public_html/staging.lottexylitol.com.vn/test/wp-random-list.php on line 136
[19-Dec-2025 09:23:50 UTC] PHP Warning:  A non-numeric value encountered in /home/lottexylitolcom/public_html/staging.lottexylitol.com.vn/test/wp-random-list.php on line 136
[19-Dec-2025 09:23:50 UTC] PHP Warning:  A non-numeric value encountered in /home/lottexylitolcom/public_html/staging.lottexylitol.com.vn/test/wp-random-list.php on line 136
[19-Dec-2025 09:23:50 UTC] PHP Warning:  A non-numeric value encountered in /home/lottexylitolcom/public_html/staging.lottexylitol.com.vn/test/wp-random-list.php on line 136
[19-Dec-2025 09:23:50 UTC] PHP Warning:  A non-numeric value encountered in /home/lottexylitolcom/public_html/staging.lottexylitol.com.vn/test/wp-random-list.php on line 136
[19-Dec-2025 09:23:50 UTC] PHP Warning:  A non-numeric value encountered in /home/lottexylitolcom/public_html/staging.lottexylitol.com.vn/test/wp-random-list.php on line 136
[19-Dec-2025 09:23:50 UTC] PHP Warning:  A non-numeric value encountered in /home/lottexylitolcom/public_html/staging.lottexylitol.com.vn/test/wp-random-list.php on line 136
[19-Dec-2025 09:23:50 UTC] PHP Warning:  A non-numeric value encountered in /home/lottexylitolcom/public_html/staging.lottexylitol.com.vn/test/wp-random-list.php on line 136
[19-Dec-2025 09:23:50 UTC] PHP Warning:  A non-numeric value encountered in /home/lottexylitolcom/public_html/staging.lottexylitol.com.vn/test/wp-random-list.php on line 136
[19-Dec-2025 09:23:50 UTC] PHP Warning:  A non-numeric value encountered in /home/lottexylitolcom/public_html/staging.lottexylitol.com.vn/test/wp-random-list.php on line 136
[19-Dec-2025 09:23:50 UTC] PHP Warning:  A non-numeric value encountered in /home/lottexylitolcom/public_html/staging.lottexylitol.com.vn/test/wp-random-list.php on line 136
[19-Dec-2025 09:23:50 UTC] PHP Warning:  A non-numeric value encountered in /home/lottexylitolcom/public_html/staging.lottexylitol.com.vn/test/wp-random-list.php on line 136
[19-Dec-2025 09:23:50 UTC] PHP Warning:  A non-numeric value encountered in /home/lottexylitolcom/public_html/staging.lottexylitol.com.vn/test/wp-random-list.php on line 136
[19-Dec-2025 09:23:50 UTC] PHP Warning:  A non-numeric value encountered in /home/lottexylitolcom/public_html/staging.lottexylitol.com.vn/test/wp-random-list.php on line 136
[19-Dec-2025 09:23:50 UTC] PHP Warning:  A non-numeric value encountered in /home/lottexylitolcom/public_html/staging.lottexylitol.com.vn/test/wp-random-list.php on line 136
[19-Dec-2025 09:23:50 UTC] PHP Warning:  A non-numeric value encountered in /home/lottexylitolcom/public_html/staging.lottexylitol.com.vn/test/wp-random-list.php on line 136
[19-Dec-2025 09:23:50 UTC] PHP Warning:  A non-numeric value encountered in /home/lottexylitolcom/public_html/staging.lottexylitol.com.vn/test/wp-random-list.php on line 136
[19-Dec-2025 09:23:50 UTC] PHP Warning:  A non-numeric value encountered in /home/lottexylitolcom/public_html/staging.lottexylitol.com.vn/test/wp-random-list.php on line 136
[19-Dec-2025 09:23:50 UTC] PHP Warning:  A non-numeric value encountered in /home/lottexylitolcom/public_html/staging.lottexylitol.com.vn/test/wp-random-list.php on line 136
[19-Dec-2025 09:23:50 UTC] PHP Warning:  A non-numeric value encountered in /home/lottexylitolcom/public_html/staging.lottexylitol.com.vn/test/wp-random-list.php on line 136
[19-Dec-2025 09:23:50 UTC] PHP Warning:  A non-numeric value encountered in /home/lottexylitolcom/public_html/staging.lottexylitol.com.vn/test/wp-random-list.php on line 136
[19-Dec-2025 09:23:50 UTC] PHP Warning:  A non-numeric value encountered in /home/lottexylitolcom/public_html/staging.lottexylitol.com.vn/test/wp-random-list.php on line 136
[19-Dec-2025 09:23:50 UTC] PHP Warning:  A non-numeric value encountered in /home/lottexylitolcom/public_html/staging.lottexylitol.com.vn/test/wp-random-list.php on line 136
[19-Dec-2025 09:23:50 UTC] PHP Warning:  A non-numeric value encountered in /home/lottexylitolcom/public_html/staging.lottexylitol.com.vn/test/wp-random-list.php on line 136
[19-Dec-2025 09:23:50 UTC] PHP Warning:  A non-numeric value encountered in /home/lottexylitolcom/public_html/staging.lottexylitol.com.vn/test/wp-random-list.php on line 136
[19-Dec-2025 09:23:50 UTC] PHP Warning:  A non-numeric value encountered in /home/lottexylitolcom/public_html/staging.lottexylitol.com.vn/test/wp-random-list.php on line 136
[19-Dec-2025 09:23:50 UTC] PHP Warning:  A non-numeric value encountered in /home/lottexylitolcom/public_html/staging.lottexylitol.com.vn/test/wp-random-list.php on line 136
[19-Dec-2025 09:23:50 UTC] PHP Warning:  A non-numeric value encountered in /home/lottexylitolcom/public_html/staging.lottexylitol.com.vn/test/wp-random-list.php on line 136
[19-Dec-2025 09:23:50 UTC] PHP Warning:  A non-numeric value encountered in /home/lottexylitolcom/public_html/staging.lottexylitol.com.vn/test/wp-random-list.php on line 136
[19-Dec-2025 09:23:50 UTC] PHP Warning:  A non-numeric value encountered in /home/lottexylitolcom/public_html/staging.lottexylitol.com.vn/test/wp-random-list.php on line 136
[19-Dec-2025 09:23:50 UTC] PHP Warning:  A non-numeric value encountered in /home/lottexylitolcom/public_html/staging.lottexylitol.com.vn/test/wp-random-list.php on line 136
[19-Dec-2025 09:23:50 UTC] PHP Warning:  A non-numeric value encountered in /home/lottexylitolcom/public_html/staging.lottexylitol.com.vn/test/wp-random-list.php on line 136
[19-Dec-2025 09:23:50 UTC] PHP Warning:  A non-numeric value encountered in /home/lottexylitolcom/public_html/staging.lottexylitol.com.vn/test/wp-random-list.php on line 136
[19-Dec-2025 09:23:50 UTC] PHP Warning:  A non-numeric value encountered in /home/lottexylitolcom/public_html/staging.lottexylitol.com.vn/test/wp-random-list.php on line 136
[19-Dec-2025 09:23:50 UTC] PHP Warning:  A non-numeric value encountered in /home/lottexylitolcom/public_html/staging.lottexylitol.com.vn/test/wp-random-list.php on line 136
[19-Dec-2025 09:23:50 UTC] PHP Warning:  A non-numeric value encountered in /home/lottexylitolcom/public_html/staging.lottexylitol.com.vn/test/wp-random-list.php on line 136
[19-Dec-2025 09:23:50 UTC] PHP Warning:  A non-numeric value encountered in /home/lottexylitolcom/public_html/staging.lottexylitol.com.vn/test/wp-random-list.php on line 136
[19-Dec-2025 09:23:50 UTC] PHP Warning:  A non-numeric value encountered in /home/lottexylitolcom/public_html/staging.lottexylitol.com.vn/test/wp-random-list.php on line 136
[19-Dec-2025 09:23:50 UTC] PHP Warning:  A non-numeric value encountered in /home/lottexylitolcom/public_html/staging.lottexylitol.com.vn/test/wp-random-list.php on line 136
[19-Dec-2025 09:23:50 UTC] PHP Warning:  A non-numeric value encountered in /home/lottexylitolcom/public_html/staging.lottexylitol.com.vn/test/wp-random-list.php on line 136
[19-Dec-2025 09:23:50 UTC] PHP Warning:  A non-numeric value encountered in /home/lottexylitolcom/public_html/staging.lottexylitol.com.vn/test/wp-random-list.php on line 136
[19-Dec-2025 09:23:50 UTC] PHP Warning:  A non-numeric value encountered in /home/lottexylitolcom/public_html/staging.lottexylitol.com.vn/test/wp-random-list.php on line 136
[19-Dec-2025 09:23:50 UTC] PHP Warning:  A non-numeric value encountered in /home/lottexylitolcom/public_html/staging.lottexylitol.com.vn/test/wp-random-list.php on line 136
[19-Dec-2025 09:23:50 UTC] PHP Warning:  A non-numeric value encountered in /home/lottexylitolcom/public_html/staging.lottexylitol.com.vn/test/wp-random-list.php on line 136
[19-Dec-2025 09:23:50 UTC] PHP Warning:  A non-numeric value encountered in /home/lottexylitolcom/public_html/staging.lottexylitol.com.vn/test/wp-random-list.php on line 136
[19-Dec-2025 09:23:50 UTC] PHP Warning:  A non-numeric value encountered in /home/lottexylitolcom/public_html/staging.lottexylitol.com.vn/test/wp-random-list.php on line 136
[19-Dec-2025 09:23:50 UTC] PHP Warning:  A non-numeric value encountered in /home/lottexylitolcom/public_html/staging.lottexylitol.com.vn/test/wp-random-list.php on line 136
[19-Dec-2025 09:23:50 UTC] PHP Warning:  A non-numeric value encountered in /home/lottexylitolcom/public_html/staging.lottexylitol.com.vn/test/wp-random-list.php on line 136
[19-Dec-2025 09:23:50 UTC] PHP Warning:  A non-numeric value encountered in /home/lottexylitolcom/public_html/staging.lottexylitol.com.vn/test/wp-random-list.php on line 136
[19-Dec-2025 09:23:50 UTC] PHP Warning:  A non-numeric value encountered in /home/lottexylitolcom/public_html/staging.lottexylitol.com.vn/test/wp-random-list.php on line 136
[19-Dec-2025 09:23:50 UTC] PHP Warning:  A non-numeric value encountered in /home/lottexylitolcom/public_html/staging.lottexylitol.com.vn/test/wp-random-list.php on line 136
[19-Dec-2025 09:23:50 UTC] PHP Warning:  A non-numeric value encountered in /home/lottexylitolcom/public_html/staging.lottexylitol.com.vn/test/wp-random-list.php on line 136
[19-Dec-2025 09:23:50 UTC] PHP Warning:  A non-numeric value encountered in /home/lottexylitolcom/public_html/staging.lottexylitol.com.vn/test/wp-random-list.php on line 136
[19-Dec-2025 09:23:50 UTC] PHP Warning:  A non-numeric value encountered in /home/lottexylitolcom/public_html/staging.lottexylitol.com.vn/test/wp-random-list.php on line 136
[19-Dec-2025 09:23:50 UTC] PHP Warning:  A non-numeric value encountered in /home/lottexylitolcom/public_html/staging.lottexylitol.com.vn/test/wp-random-list.php on line 136
[19-Dec-2025 09:23:50 UTC] PHP Warning:  A non-numeric value encountered in /home/lottexylitolcom/public_html/staging.lottexylitol.com.vn/test/wp-random-list.php on line 136
[19-Dec-2025 09:23:50 UTC] PHP Warning:  A non-numeric value encountered in /home/lottexylitolcom/public_html/staging.lottexylitol.com.vn/test/wp-random-list.php on line 136
[19-Dec-2025 09:23:50 UTC] PHP Warning:  A non-numeric value encountered in /home/lottexylitolcom/public_html/staging.lottexylitol.com.vn/test/wp-random-list.php on line 136
[19-Dec-2025 09:23:50 UTC] PHP Warning:  A non-numeric value encountered in /home/lottexylitolcom/public_html/staging.lottexylitol.com.vn/test/wp-random-list.php on line 136
[19-Dec-2025 09:23:50 UTC] PHP Warning:  A non-numeric value encountered in /home/lottexylitolcom/public_html/staging.lottexylitol.com.vn/test/wp-random-list.php on line 136
[19-Dec-2025 09:23:50 UTC] PHP Warning:  A non-numeric value encountered in /home/lottexylitolcom/public_html/staging.lottexylitol.com.vn/test/wp-random-list.php on line 136
[19-Dec-2025 09:23:50 UTC] PHP Warning:  A non-numeric value encountered in /home/lottexylitolcom/public_html/staging.lottexylitol.com.vn/test/wp-random-list.php on line 136
[19-Dec-2025 09:23:50 UTC] PHP Warning:  A non-numeric value encountered in /home/lottexylitolcom/public_html/staging.lottexylitol.com.vn/test/wp-random-list.php on line 136
[19-Dec-2025 09:23:50 UTC] PHP Warning:  A non-numeric value encountered in /home/lottexylitolcom/public_html/staging.lottexylitol.com.vn/test/wp-random-list.php on line 136
[19-Dec-2025 09:23:50 UTC] PHP Warning:  A non-numeric value encountered in /home/lottexylitolcom/public_html/staging.lottexylitol.com.vn/test/wp-random-list.php on line 136
[19-Dec-2025 09:23:50 UTC] PHP Warning:  A non-numeric value encountered in /home/lottexylitolcom/public_html/staging.lottexylitol.com.vn/test/wp-random-list.php on line 136
[19-Dec-2025 09:23:50 UTC] PHP Warning:  A non-numeric value encountered in /home/lottexylitolcom/public_html/staging.lottexylitol.com.vn/test/wp-random-list.php on line 136
[19-Dec-2025 09:23:50 UTC] PHP Warning:  A non-numeric value encountered in /home/lottexylitolcom/public_html/staging.lottexylitol.com.vn/test/wp-random-list.php on line 136
[19-Dec-2025 09:23:50 UTC] PHP Warning:  A non-numeric value encountered in /home/lottexylitolcom/public_html/staging.lottexylitol.com.vn/test/wp-random-list.php on line 136
[19-Dec-2025 09:23:50 UTC] PHP Warning:  A non-numeric value encountered in /home/lottexylitolcom/public_html/staging.lottexylitol.com.vn/test/wp-random-list.php on line 136
[19-Dec-2025 09:23:50 UTC] PHP Warning:  A non-numeric value encountered in /home/lottexylitolcom/public_html/staging.lottexylitol.com.vn/test/wp-random-list.php on line 136
[19-Dec-2025 09:23:50 UTC] PHP Warning:  A non-numeric value encountered in /home/lottexylitolcom/public_html/staging.lottexylitol.com.vn/test/wp-random-list.php on line 136
[19-Dec-2025 09:23:50 UTC] PHP Warning:  A non-numeric value encountered in /home/lottexylitolcom/public_html/staging.lottexylitol.com.vn/test/wp-random-list.php on line 136
[19-Dec-2025 09:23:50 UTC] PHP Warning:  A non-numeric value encountered in /home/lottexylitolcom/public_html/staging.lottexylitol.com.vn/test/wp-random-list.php on line 136
[19-Dec-2025 09:23:50 UTC] PHP Warning:  A non-numeric value encountered in /home/lottexylitolcom/public_html/staging.lottexylitol.com.vn/test/wp-random-list.php on line 136
[19-Dec-2025 09:23:50 UTC] PHP Warning:  A non-numeric value encountered in /home/lottexylitolcom/public_html/staging.lottexylitol.com.vn/test/wp-random-list.php on line 136
[19-Dec-2025 09:23:50 UTC] PHP Warning:  A non-numeric value encountered in /home/lottexylitolcom/public_html/staging.lottexylitol.com.vn/test/wp-random-list.php on line 136
[19-Dec-2025 09:23:50 UTC] PHP Warning:  A non-numeric value encountered in /home/lottexylitolcom/public_html/staging.lottexylitol.com.vn/test/wp-random-list.php on line 136
[19-Dec-2025 09:23:50 UTC] PHP Warning:  A non-numeric value encountered in /home/lottexylitolcom/public_html/staging.lottexylitol.com.vn/test/wp-random-list.php on line 136
[19-Dec-2025 09:23:50 UTC] PHP Warning:  A non-numeric value encountered in /home/lottexylitolcom/public_html/staging.lottexylitol.com.vn/test/wp-random-list.php on line 136
[19-Dec-2025 09:23:50 UTC] PHP Warning:  A non-numeric value encountered in /home/lottexylitolcom/public_html/staging.lottexylitol.com.vn/test/wp-random-list.php on line 136
[19-Dec-2025 09:23:50 UTC] PHP Warning:  A non-numeric value encountered in /home/lottexylitolcom/public_html/staging.lottexylitol.com.vn/test/wp-random-list.php on line 136
[19-Dec-2025 09:23:50 UTC] PHP Warning:  A non-numeric value encountered in /home/lottexylitolcom/public_html/staging.lottexylitol.com.vn/test/wp-random-list.php on line 136
[19-Dec-2025 09:23:50 UTC] PHP Warning:  A non-numeric value encountered in /home/lottexylitolcom/public_html/staging.lottexylitol.com.vn/test/wp-random-list.php on line 136
[19-Dec-2025 09:23:50 UTC] PHP Warning:  A non-numeric value encountered in /home/lottexylitolcom/public_html/staging.lottexylitol.com.vn/test/wp-random-list.php on line 136
[19-Dec-2025 09:23:50 UTC] PHP Warning:  A non-numeric value encountered in /home/lottexylitolcom/public_html/staging.lottexylitol.com.vn/test/wp-random-list.php on line 136
[19-Dec-2025 09:23:50 UTC] PHP Warning:  A non-numeric value encountered in /home/lottexylitolcom/public_html/staging.lottexylitol.com.vn/test/wp-random-list.php on line 136
[19-Dec-2025 09:23:50 UTC] PHP Warning:  A non-numeric value encountered in /home/lottexylitolcom/public_html/staging.lottexylitol.com.vn/test/wp-random-list.php on line 136
[19-Dec-2025 09:23:50 UTC] PHP Warning:  A non-numeric value encountered in /home/lottexylitolcom/public_html/staging.lottexylitol.com.vn/test/wp-random-list.php on line 136
[19-Dec-2025 09:23:50 UTC] PHP Warning:  A non-numeric value encountered in /home/lottexylitolcom/public_html/staging.lottexylitol.com.vn/test/wp-random-list.php on line 136
[19-Dec-2025 09:23:50 UTC] PHP Warning:  A non-numeric value encountered in /home/lottexylitolcom/public_html/staging.lottexylitol.com.vn/test/wp-random-list.php on line 136
[19-Dec-2025 09:23:50 UTC] PHP Warning:  A non-numeric value encountered in /home/lottexylitolcom/public_html/staging.lottexylitol.com.vn/test/wp-random-list.php on line 136
[19-Dec-2025 09:23:50 UTC] PHP Warning:  A non-numeric value encountered in /home/lottexylitolcom/public_html/staging.lottexylitol.com.vn/test/wp-random-list.php on line 136
[19-Dec-2025 09:23:50 UTC] PHP Warning:  A non-numeric value encountered in /home/lottexylitolcom/public_html/staging.lottexylitol.com.vn/test/wp-random-list.php on line 136
[19-Dec-2025 09:23:50 UTC] PHP Warning:  A non-numeric value encountered in /home/lottexylitolcom/public_html/staging.lottexylitol.com.vn/test/wp-random-list.php on line 136
[19-Dec-2025 09:23:50 UTC] PHP Warning:  A non-numeric value encountered in /home/lottexylitolcom/public_html/staging.lottexylitol.com.vn/test/wp-random-list.php on line 136
[19-Dec-2025 09:23:50 UTC] PHP Warning:  A non-numeric value encountered in /home/lottexylitolcom/public_html/staging.lottexylitol.com.vn/test/wp-random-list.php on line 136
[19-Dec-2025 09:23:50 UTC] PHP Warning:  A non-numeric value encountered in /home/lottexylitolcom/public_html/staging.lottexylitol.com.vn/test/wp-random-list.php on line 136
[19-Dec-2025 09:23:50 UTC] PHP Warning:  A non-numeric value encountered in /home/lottexylitolcom/public_html/staging.lottexylitol.com.vn/test/wp-random-list.php on line 136
[19-Dec-2025 09:23:50 UTC] PHP Warning:  A non-numeric value encountered in /home/lottexylitolcom/public_html/staging.lottexylitol.com.vn/test/wp-random-list.php on line 136
[19-Dec-2025 09:23:50 UTC] PHP Warning:  A non-numeric value encountered in /home/lottexylitolcom/public_html/staging.lottexylitol.com.vn/test/wp-random-list.php on line 136
[19-Dec-2025 09:23:50 UTC] PHP Warning:  A non-numeric value encountered in /home/lottexylitolcom/public_html/staging.lottexylitol.com.vn/test/wp-random-list.php on line 136
[19-Dec-2025 09:23:50 UTC] PHP Warning:  A non-numeric value encountered in /home/lottexylitolcom/public_html/staging.lottexylitol.com.vn/test/wp-random-list.php on line 136
[19-Dec-2025 09:23:50 UTC] PHP Warning:  A non-numeric value encountered in /home/lottexylitolcom/public_html/staging.lottexylitol.com.vn/test/wp-random-list.php on line 136
[19-Dec-2025 09:23:50 UTC] PHP Warning:  A non-numeric value encountered in /home/lottexylitolcom/public_html/staging.lottexylitol.com.vn/test/wp-random-list.php on line 136
[19-Dec-2025 09:23:50 UTC] PHP Warning:  A non-numeric value encountered in /home/lottexylitolcom/public_html/staging.lottexylitol.com.vn/test/wp-random-list.php on line 136
[19-Dec-2025 09:23:50 UTC] PHP Warning:  A non-numeric value encountered in /home/lottexylitolcom/public_html/staging.lottexylitol.com.vn/test/wp-random-list.php on line 136
[19-Dec-2025 09:23:50 UTC] PHP Warning:  A non-numeric value encountered in /home/lottexylitolcom/public_html/staging.lottexylitol.com.vn/test/wp-random-list.php on line 136
[19-Dec-2025 09:23:50 UTC] PHP Warning:  A non-numeric value encountered in /home/lottexylitolcom/public_html/staging.lottexylitol.com.vn/test/wp-random-list.php on line 136
[19-Dec-2025 09:23:50 UTC] PHP Warning:  A non-numeric value encountered in /home/lottexylitolcom/public_html/staging.lottexylitol.com.vn/test/wp-random-list.php on line 136
[19-Dec-2025 09:23:50 UTC] PHP Warning:  A non-numeric value encountered in /home/lottexylitolcom/public_html/staging.lottexylitol.com.vn/test/wp-random-list.php on line 136
[19-Dec-2025 09:23:50 UTC] PHP Warning:  A non-numeric value encountered in /home/lottexylitolcom/public_html/staging.lottexylitol.com.vn/test/wp-random-list.php on line 136
[19-Dec-2025 09:23:50 UTC] PHP Warning:  A non-numeric value encountered in /home/lottexylitolcom/public_html/staging.lottexylitol.com.vn/test/wp-random-list.php on line 136
[19-Dec-2025 09:23:50 UTC] PHP Warning:  A non-numeric value encountered in /home/lottexylitolcom/public_html/staging.lottexylitol.com.vn/test/wp-random-list.php on line 136
[19-Dec-2025 09:23:50 UTC] PHP Warning:  A non-numeric value encountered in /home/lottexylitolcom/public_html/staging.lottexylitol.com.vn/test/wp-random-list.php on line 136
[19-Dec-2025 09:23:50 UTC] PHP Warning:  A non-numeric value encountered in /home/lottexylitolcom/public_html/staging.lottexylitol.com.vn/test/wp-random-list.php on line 136
[19-Dec-2025 09:23:50 UTC] PHP Warning:  A non-numeric value encountered in /home/lottexylitolcom/public_html/staging.lottexylitol.com.vn/test/wp-random-list.php on line 136
[19-Dec-2025 09:23:50 UTC] PHP Warning:  A non-numeric value encountered in /home/lottexylitolcom/public_html/staging.lottexylitol.com.vn/test/wp-random-list.php on line 136
[19-Dec-2025 09:23:50 UTC] PHP Warning:  A non-numeric value encountered in /home/lottexylitolcom/public_html/staging.lottexylitol.com.vn/test/wp-random-list.php on line 136
[19-Dec-2025 09:23:50 UTC] PHP Warning:  A non-numeric value encountered in /home/lottexylitolcom/public_html/staging.lottexylitol.com.vn/test/wp-random-list.php on line 136
[19-Dec-2025 09:23:50 UTC] PHP Warning:  A non-numeric value encountered in /home/lottexylitolcom/public_html/staging.lottexylitol.com.vn/test/wp-random-list.php on line 136
[19-Dec-2025 09:23:50 UTC] PHP Warning:  A non-numeric value encountered in /home/lottexylitolcom/public_html/staging.lottexylitol.com.vn/test/wp-random-list.php on line 136
[19-Dec-2025 09:23:50 UTC] PHP Warning:  A non-numeric value encountered in /home/lottexylitolcom/public_html/staging.lottexylitol.com.vn/test/wp-random-list.php on line 136
[19-Dec-2025 09:23:50 UTC] PHP Warning:  A non-numeric value encountered in /home/lottexylitolcom/public_html/staging.lottexylitol.com.vn/test/wp-random-list.php on line 136
[19-Dec-2025 09:23:50 UTC] PHP Warning:  A non-numeric value encountered in /home/lottexylitolcom/public_html/staging.lottexylitol.com.vn/test/wp-random-list.php on line 136
[19-Dec-2025 09:23:50 UTC] PHP Warning:  A non-numeric value encountered in /home/lottexylitolcom/public_html/staging.lottexylitol.com.vn/test/wp-random-list.php on line 136
[19-Dec-2025 09:23:50 UTC] PHP Warning:  A non-numeric value encountered in /home/lottexylitolcom/public_html/staging.lottexylitol.com.vn/test/wp-random-list.php on line 136
[19-Dec-2025 09:23:50 UTC] PHP Warning:  A non-numeric value encountered in /home/lottexylitolcom/public_html/staging.lottexylitol.com.vn/test/wp-random-list.php on line 136
[19-Dec-2025 09:23:50 UTC] PHP Warning:  A non-numeric value encountered in /home/lottexylitolcom/public_html/staging.lottexylitol.com.vn/test/wp-random-list.php on line 136
[19-Dec-2025 09:23:50 UTC] PHP Warning:  A non-numeric value encountered in /home/lottexylitolcom/public_html/staging.lottexylitol.com.vn/test/wp-random-list.php on line 136
[19-Dec-2025 09:23:50 UTC] PHP Warning:  A non-numeric value encountered in /home/lottexylitolcom/public_html/staging.lottexylitol.com.vn/test/wp-random-list.php on line 136
[19-Dec-2025 09:23:50 UTC] PHP Warning:  A non-numeric value encountered in /home/lottexylitolcom/public_html/staging.lottexylitol.com.vn/test/wp-random-list.php on line 136
[19-Dec-2025 09:23:50 UTC] PHP Warning:  A non-numeric value encountered in /home/lottexylitolcom/public_html/staging.lottexylitol.com.vn/test/wp-random-list.php on line 136
[19-Dec-2025 09:23:50 UTC] PHP Warning:  A non-numeric value encountered in /home/lottexylitolcom/public_html/staging.lottexylitol.com.vn/test/wp-random-list.php on line 136
[19-Dec-2025 09:23:50 UTC] PHP Warning:  A non-numeric value encountered in /home/lottexylitolcom/public_html/staging.lottexylitol.com.vn/test/wp-random-list.php on line 136
[19-Dec-2025 09:23:50 UTC] PHP Warning:  A non-numeric value encountered in /home/lottexylitolcom/public_html/staging.lottexylitol.com.vn/test/wp-random-list.php on line 136
[19-Dec-2025 09:23:50 UTC] PHP Warning:  A non-numeric value encountered in /home/lottexylitolcom/public_html/staging.lottexylitol.com.vn/test/wp-random-list.php on line 136
[19-Dec-2025 09:23:50 UTC] PHP Warning:  A non-numeric value encountered in /home/lottexylitolcom/public_html/staging.lottexylitol.com.vn/test/wp-random-list.php on line 136
[19-Dec-2025 09:23:50 UTC] PHP Warning:  A non-numeric value encountered in /home/lottexylitolcom/public_html/staging.lottexylitol.com.vn/test/wp-random-list.php on line 136
[19-Dec-2025 09:23:50 UTC] PHP Warning:  A non-numeric value encountered in /home/lottexylitolcom/public_html/staging.lottexylitol.com.vn/test/wp-random-list.php on line 136
[19-Dec-2025 09:23:50 UTC] PHP Warning:  A non-numeric value encountered in /home/lottexylitolcom/public_html/staging.lottexylitol.com.vn/test/wp-random-list.php on line 136
[19-Dec-2025 09:23:50 UTC] PHP Warning:  A non-numeric value encountered in /home/lottexylitolcom/public_html/staging.lottexylitol.com.vn/test/wp-random-list.php on line 136
[19-Dec-2025 09:23:50 UTC] PHP Warning:  A non-numeric value encountered in /home/lottexylitolcom/public_html/staging.lottexylitol.com.vn/test/wp-random-list.php on line 136
[19-Dec-2025 09:23:50 UTC] PHP Warning:  A non-numeric value encountered in /home/lottexylitolcom/public_html/staging.lottexylitol.com.vn/test/wp-random-list.php on line 136
[19-Dec-2025 09:23:50 UTC] PHP Warning:  A non-numeric value encountered in /home/lottexylitolcom/public_html/staging.lottexylitol.com.vn/test/wp-random-list.php on line 136
[19-Dec-2025 09:23:50 UTC] PHP Warning:  A non-numeric value encountered in /home/lottexylitolcom/public_html/staging.lottexylitol.com.vn/test/wp-random-list.php on line 136
[19-Dec-2025 09:23:50 UTC] PHP Warning:  A non-numeric value encountered in /home/lottexylitolcom/public_html/staging.lottexylitol.com.vn/test/wp-random-list.php on line 136
[19-Dec-2025 09:23:50 UTC] PHP Warning:  A non-numeric value encountered in /home/lottexylitolcom/public_html/staging.lottexylitol.com.vn/test/wp-random-list.php on line 136
[19-Dec-2025 09:23:50 UTC] PHP Warning:  A non-numeric value encountered in /home/lottexylitolcom/public_html/staging.lottexylitol.com.vn/test/wp-random-list.php on line 136
[19-Dec-2025 09:23:50 UTC] PHP Warning:  A non-numeric value encountered in /home/lottexylitolcom/public_html/staging.lottexylitol.com.vn/test/wp-random-list.php on line 136
[19-Dec-2025 09:23:50 UTC] PHP Warning:  A non-numeric value encountered in /home/lottexylitolcom/public_html/staging.lottexylitol.com.vn/test/wp-random-list.php on line 136
[19-Dec-2025 09:23:50 UTC] PHP Warning:  A non-numeric value encountered in /home/lottexylitolcom/public_html/staging.lottexylitol.com.vn/test/wp-random-list.php on line 136
[19-Dec-2025 09:23:50 UTC] PHP Warning:  A non-numeric value encountered in /home/lottexylitolcom/public_html/staging.lottexylitol.com.vn/test/wp-random-list.php on line 136
[19-Dec-2025 09:23:50 UTC] PHP Warning:  A non-numeric value encountered in /home/lottexylitolcom/public_html/staging.lottexylitol.com.vn/test/wp-random-list.php on line 136
[19-Dec-2025 09:23:50 UTC] PHP Warning:  A non-numeric value encountered in /home/lottexylitolcom/public_html/staging.lottexylitol.com.vn/test/wp-random-list.php on line 136
[19-Dec-2025 09:23:50 UTC] PHP Warning:  A non-numeric value encountered in /home/lottexylitolcom/public_html/staging.lottexylitol.com.vn/test/wp-random-list.php on line 136
[19-Dec-2025 09:23:50 UTC] PHP Warning:  A non-numeric value encountered in /home/lottexylitolcom/public_html/staging.lottexylitol.com.vn/test/wp-random-list.php on line 136
[19-Dec-2025 09:23:50 UTC] PHP Warning:  A non-numeric value encountered in /home/lottexylitolcom/public_html/staging.lottexylitol.com.vn/test/wp-random-list.php on line 136
[19-Dec-2025 09:23:50 UTC] PHP Warning:  A non-numeric value encountered in /home/lottexylitolcom/public_html/staging.lottexylitol.com.vn/test/wp-random-list.php on line 136
[19-Dec-2025 09:23:50 UTC] PHP Warning:  A non-numeric value encountered in /home/lottexylitolcom/public_html/staging.lottexylitol.com.vn/test/wp-random-list.php on line 136
[19-Dec-2025 09:23:50 UTC] PHP Warning:  A non-numeric value encountered in /home/lottexylitolcom/public_html/staging.lottexylitol.com.vn/test/wp-random-list.php on line 136
[19-Dec-2025 09:23:50 UTC] PHP Warning:  A non-numeric value encountered in /home/lottexylitolcom/public_html/staging.lottexylitol.com.vn/test/wp-random-list.php on line 136
[19-Dec-2025 09:23:50 UTC] PHP Warning:  A non-numeric value encountered in /home/lottexylitolcom/public_html/staging.lottexylitol.com.vn/test/wp-random-list.php on line 136
[19-Dec-2025 09:23:50 UTC] PHP Warning:  A non-numeric value encountered in /home/lottexylitolcom/public_html/staging.lottexylitol.com.vn/test/wp-random-list.php on line 136
[19-Dec-2025 09:23:50 UTC] PHP Warning:  A non-numeric value encountered in /home/lottexylitolcom/public_html/staging.lottexylitol.com.vn/test/wp-random-list.php on line 136
[19-Dec-2025 09:23:50 UTC] PHP Warning:  A non-numeric value encountered in /home/lottexylitolcom/public_html/staging.lottexylitol.com.vn/test/wp-random-list.php on line 136
[19-Dec-2025 09:23:50 UTC] PHP Warning:  A non-numeric value encountered in /home/lottexylitolcom/public_html/staging.lottexylitol.com.vn/test/wp-random-list.php on line 136
[19-Dec-2025 09:23:50 UTC] PHP Warning:  A non-numeric value encountered in /home/lottexylitolcom/public_html/staging.lottexylitol.com.vn/test/wp-random-list.php on line 136
[19-Dec-2025 09:23:50 UTC] PHP Warning:  A non-numeric value encountered in /home/lottexylitolcom/public_html/staging.lottexylitol.com.vn/test/wp-random-list.php on line 136
[19-Dec-2025 09:23:50 UTC] PHP Warning:  A non-numeric value encountered in /home/lottexylitolcom/public_html/staging.lottexylitol.com.vn/test/wp-random-list.php on line 136
[19-Dec-2025 09:23:50 UTC] PHP Warning:  A non-numeric value encountered in /home/lottexylitolcom/public_html/staging.lottexylitol.com.vn/test/wp-random-list.php on line 136
[19-Dec-2025 09:23:50 UTC] PHP Warning:  A non-numeric value encountered in /home/lottexylitolcom/public_html/staging.lottexylitol.com.vn/test/wp-random-list.php on line 136
[19-Dec-2025 09:23:50 UTC] PHP Warning:  A non-numeric value encountered in /home/lottexylitolcom/public_html/staging.lottexylitol.com.vn/test/wp-random-list.php on line 136
[19-Dec-2025 09:23:50 UTC] PHP Warning:  A non-numeric value encountered in /home/lottexylitolcom/public_html/staging.lottexylitol.com.vn/test/wp-random-list.php on line 136
[19-Dec-2025 09:23:50 UTC] PHP Warning:  A non-numeric value encountered in /home/lottexylitolcom/public_html/staging.lottexylitol.com.vn/test/wp-random-list.php on line 136
[19-Dec-2025 09:23:50 UTC] PHP Warning:  A non-numeric value encountered in /home/lottexylitolcom/public_html/staging.lottexylitol.com.vn/test/wp-random-list.php on line 136
[19-Dec-2025 09:23:50 UTC] PHP Warning:  A non-numeric value encountered in /home/lottexylitolcom/public_html/staging.lottexylitol.com.vn/test/wp-random-list.php on line 136
[19-Dec-2025 09:23:50 UTC] PHP Warning:  A non-numeric value encountered in /home/lottexylitolcom/public_html/staging.lottexylitol.com.vn/test/wp-random-list.php on line 136
[19-Dec-2025 09:23:50 UTC] PHP Warning:  A non-numeric value encountered in /home/lottexylitolcom/public_html/staging.lottexylitol.com.vn/test/wp-random-list.php on line 136
[19-Dec-2025 09:23:50 UTC] PHP Warning:  A non-numeric value encountered in /home/lottexylitolcom/public_html/staging.lottexylitol.com.vn/test/wp-random-list.php on line 136
[19-Dec-2025 09:23:50 UTC] PHP Warning:  A non-numeric value encountered in /home/lottexylitolcom/public_html/staging.lottexylitol.com.vn/test/wp-random-list.php on line 136
[19-Dec-2025 09:23:50 UTC] PHP Warning:  A non-numeric value encountered in /home/lottexylitolcom/public_html/staging.lottexylitol.com.vn/test/wp-random-list.php on line 136
[19-Dec-2025 09:23:50 UTC] PHP Warning:  A non-numeric value encountered in /home/lottexylitolcom/public_html/staging.lottexylitol.com.vn/test/wp-random-list.php on line 136
[19-Dec-2025 09:23:50 UTC] PHP Warning:  A non-numeric value encountered in /home/lottexylitolcom/public_html/staging.lottexylitol.com.vn/test/wp-random-list.php on line 136
[19-Dec-2025 09:23:50 UTC] PHP Warning:  A non-numeric value encountered in /home/lottexylitolcom/public_html/staging.lottexylitol.com.vn/test/wp-random-list.php on line 136
[19-Dec-2025 09:23:50 UTC] PHP Warning:  A non-numeric value encountered in /home/lottexylitolcom/public_html/staging.lottexylitol.com.vn/test/wp-random-list.php on line 136
[19-Dec-2025 09:23:50 UTC] PHP Warning:  A non-numeric value encountered in /home/lottexylitolcom/public_html/staging.lottexylitol.com.vn/test/wp-random-list.php on line 136
[19-Dec-2025 09:23:50 UTC] PHP Warning:  A non-numeric value encountered in /home/lottexylitolcom/public_html/staging.lottexylitol.com.vn/test/wp-random-list.php on line 136
[19-Dec-2025 09:23:50 UTC] PHP Warning:  A non-numeric value encountered in /home/lottexylitolcom/public_html/staging.lottexylitol.com.vn/test/wp-random-list.php on line 136
[19-Dec-2025 09:23:50 UTC] PHP Warning:  A non-numeric value encountered in /home/lottexylitolcom/public_html/staging.lottexylitol.com.vn/test/wp-random-list.php on line 136
[19-Dec-2025 09:23:50 UTC] PHP Warning:  A non-numeric value encountered in /home/lottexylitolcom/public_html/staging.lottexylitol.com.vn/test/wp-random-list.php on line 136
[19-Dec-2025 09:23:50 UTC] PHP Warning:  A non-numeric value encountered in /home/lottexylitolcom/public_html/staging.lottexylitol.com.vn/test/wp-random-list.php on line 136
[19-Dec-2025 09:23:50 UTC] PHP Warning:  A non-numeric value encountered in /home/lottexylitolcom/public_html/staging.lottexylitol.com.vn/test/wp-random-list.php on line 136
[19-Dec-2025 09:23:50 UTC] PHP Warning:  A non-numeric value encountered in /home/lottexylitolcom/public_html/staging.lottexylitol.com.vn/test/wp-random-list.php on line 136
[19-Dec-2025 09:23:50 UTC] PHP Warning:  A non-numeric value encountered in /home/lottexylitolcom/public_html/staging.lottexylitol.com.vn/test/wp-random-list.php on line 136
[19-Dec-2025 09:23:50 UTC] PHP Warning:  A non-numeric value encountered in /home/lottexylitolcom/public_html/staging.lottexylitol.com.vn/test/wp-random-list.php on line 136
[19-Dec-2025 09:23:50 UTC] PHP Warning:  A non-numeric value encountered in /home/lottexylitolcom/public_html/staging.lottexylitol.com.vn/test/wp-random-list.php on line 136
[19-Dec-2025 09:23:50 UTC] PHP Warning:  A non-numeric value encountered in /home/lottexylitolcom/public_html/staging.lottexylitol.com.vn/test/wp-random-list.php on line 136
[19-Dec-2025 09:23:50 UTC] PHP Warning:  A non-numeric value encountered in /home/lottexylitolcom/public_html/staging.lottexylitol.com.vn/test/wp-random-list.php on line 136
[19-Dec-2025 09:23:50 UTC] PHP Warning:  A non-numeric value encountered in /home/lottexylitolcom/public_html/staging.lottexylitol.com.vn/test/wp-random-list.php on line 136
[19-Dec-2025 09:23:50 UTC] PHP Warning:  A non-numeric value encountered in /home/lottexylitolcom/public_html/staging.lottexylitol.com.vn/test/wp-random-list.php on line 136
[19-Dec-2025 09:23:50 UTC] PHP Warning:  A non-numeric value encountered in /home/lottexylitolcom/public_html/staging.lottexylitol.com.vn/test/wp-random-list.php on line 136
[19-Dec-2025 09:23:50 UTC] PHP Warning:  A non-numeric value encountered in /home/lottexylitolcom/public_html/staging.lottexylitol.com.vn/test/wp-random-list.php on line 136
[19-Dec-2025 09:23:50 UTC] PHP Warning:  A non-numeric value encountered in /home/lottexylitolcom/public_html/staging.lottexylitol.com.vn/test/wp-random-list.php on line 136
[19-Dec-2025 09:23:50 UTC] PHP Warning:  A non-numeric value encountered in /home/lottexylitolcom/public_html/staging.lottexylitol.com.vn/test/wp-random-list.php on line 136
[19-Dec-2025 09:23:50 UTC] PHP Warning:  A non-numeric value encountered in /home/lottexylitolcom/public_html/staging.lottexylitol.com.vn/test/wp-random-list.php on line 136
[19-Dec-2025 09:23:50 UTC] PHP Warning:  A non-numeric value encountered in /home/lottexylitolcom/public_html/staging.lottexylitol.com.vn/test/wp-random-list.php on line 136
[19-Dec-2025 09:23:50 UTC] PHP Warning:  A non-numeric value encountered in /home/lottexylitolcom/public_html/staging.lottexylitol.com.vn/test/wp-random-list.php on line 136
[19-Dec-2025 09:23:50 UTC] PHP Warning:  A non-numeric value encountered in /home/lottexylitolcom/public_html/staging.lottexylitol.com.vn/test/wp-random-list.php on line 136
[19-Dec-2025 09:23:50 UTC] PHP Warning:  A non-numeric value encountered in /home/lottexylitolcom/public_html/staging.lottexylitol.com.vn/test/wp-random-list.php on line 136
[19-Dec-2025 09:23:50 UTC] PHP Warning:  A non-numeric value encountered in /home/lottexylitolcom/public_html/staging.lottexylitol.com.vn/test/wp-random-list.php on line 136
[19-Dec-2025 09:23:50 UTC] PHP Warning:  A non-numeric value encountered in /home/lottexylitolcom/public_html/staging.lottexylitol.com.vn/test/wp-random-list.php on line 136
[19-Dec-2025 09:23:50 UTC] PHP Warning:  A non-numeric value encountered in /home/lottexylitolcom/public_html/staging.lottexylitol.com.vn/test/wp-random-list.php on line 136
[19-Dec-2025 09:23:50 UTC] PHP Warning:  A non-numeric value encountered in /home/lottexylitolcom/public_html/staging.lottexylitol.com.vn/test/wp-random-list.php on line 136
[19-Dec-2025 09:23:50 UTC] PHP Warning:  A non-numeric value encountered in /home/lottexylitolcom/public_html/staging.lottexylitol.com.vn/test/wp-random-list.php on line 136
[19-Dec-2025 09:23:50 UTC] PHP Warning:  A non-numeric value encountered in /home/lottexylitolcom/public_html/staging.lottexylitol.com.vn/test/wp-random-list.php on line 136
[19-Dec-2025 09:23:50 UTC] PHP Warning:  A non-numeric value encountered in /home/lottexylitolcom/public_html/staging.lottexylitol.com.vn/test/wp-random-list.php on line 136
[19-Dec-2025 09:23:50 UTC] PHP Warning:  A non-numeric value encountered in /home/lottexylitolcom/public_html/staging.lottexylitol.com.vn/test/wp-random-list.php on line 136
[19-Dec-2025 09:23:50 UTC] PHP Warning:  A non-numeric value encountered in /home/lottexylitolcom/public_html/staging.lottexylitol.com.vn/test/wp-random-list.php on line 136
[19-Dec-2025 09:23:50 UTC] PHP Warning:  A non-numeric value encountered in /home/lottexylitolcom/public_html/staging.lottexylitol.com.vn/test/wp-random-list.php on line 136
[19-Dec-2025 09:23:50 UTC] PHP Warning:  A non-numeric value encountered in /home/lottexylitolcom/public_html/staging.lottexylitol.com.vn/test/wp-random-list.php on line 136
[19-Dec-2025 09:23:50 UTC] PHP Warning:  A non-numeric value encountered in /home/lottexylitolcom/public_html/staging.lottexylitol.com.vn/test/wp-random-list.php on line 136
[19-Dec-2025 09:23:50 UTC] PHP Warning:  A non-numeric value encountered in /home/lottexylitolcom/public_html/staging.lottexylitol.com.vn/test/wp-random-list.php on line 136
[19-Dec-2025 09:23:50 UTC] PHP Warning:  A non-numeric value encountered in /home/lottexylitolcom/public_html/staging.lottexylitol.com.vn/test/wp-random-list.php on line 136
[19-Dec-2025 09:23:50 UTC] PHP Warning:  A non-numeric value encountered in /home/lottexylitolcom/public_html/staging.lottexylitol.com.vn/test/wp-random-list.php on line 136
[19-Dec-2025 09:23:50 UTC] PHP Warning:  A non-numeric value encountered in /home/lottexylitolcom/public_html/staging.lottexylitol.com.vn/test/wp-random-list.php on line 136
[19-Dec-2025 09:23:50 UTC] PHP Warning:  A non-numeric value encountered in /home/lottexylitolcom/public_html/staging.lottexylitol.com.vn/test/wp-random-list.php on line 136
[19-Dec-2025 09:23:50 UTC] PHP Warning:  A non-numeric value encountered in /home/lottexylitolcom/public_html/staging.lottexylitol.com.vn/test/wp-random-list.php on line 136
[19-Dec-2025 09:23:50 UTC] PHP Warning:  A non-numeric value encountered in /home/lottexylitolcom/public_html/staging.lottexylitol.com.vn/test/wp-random-list.php on line 136
[19-Dec-2025 09:23:50 UTC] PHP Warning:  A non-numeric value encountered in /home/lottexylitolcom/public_html/staging.lottexylitol.com.vn/test/wp-random-list.php on line 136
[19-Dec-2025 09:23:50 UTC] PHP Warning:  A non-numeric value encountered in /home/lottexylitolcom/public_html/staging.lottexylitol.com.vn/test/wp-random-list.php on line 136
[19-Dec-2025 09:23:50 UTC] PHP Warning:  A non-numeric value encountered in /home/lottexylitolcom/public_html/staging.lottexylitol.com.vn/test/wp-random-list.php on line 136
[19-Dec-2025 09:23:50 UTC] PHP Warning:  A non-numeric value encountered in /home/lottexylitolcom/public_html/staging.lottexylitol.com.vn/test/wp-random-list.php on line 136
[19-Dec-2025 09:23:50 UTC] PHP Warning:  A non-numeric value encountered in /home/lottexylitolcom/public_html/staging.lottexylitol.com.vn/test/wp-random-list.php on line 136
[19-Dec-2025 09:23:50 UTC] PHP Warning:  A non-numeric value encountered in /home/lottexylitolcom/public_html/staging.lottexylitol.com.vn/test/wp-random-list.php on line 136
[19-Dec-2025 09:23:50 UTC] PHP Warning:  A non-numeric value encountered in /home/lottexylitolcom/public_html/staging.lottexylitol.com.vn/test/wp-random-list.php on line 136
[19-Dec-2025 09:23:50 UTC] PHP Warning:  A non-numeric value encountered in /home/lottexylitolcom/public_html/staging.lottexylitol.com.vn/test/wp-random-list.php on line 136
[19-Dec-2025 09:23:50 UTC] PHP Warning:  A non-numeric value encountered in /home/lottexylitolcom/public_html/staging.lottexylitol.com.vn/test/wp-random-list.php on line 136
[19-Dec-2025 09:23:50 UTC] PHP Warning:  A non-numeric value encountered in /home/lottexylitolcom/public_html/staging.lottexylitol.com.vn/test/wp-random-list.php on line 136
[19-Dec-2025 09:23:50 UTC] PHP Warning:  A non-numeric value encountered in /home/lottexylitolcom/public_html/staging.lottexylitol.com.vn/test/wp-random-list.php on line 136
[19-Dec-2025 09:23:50 UTC] PHP Warning:  A non-numeric value encountered in /home/lottexylitolcom/public_html/staging.lottexylitol.com.vn/test/wp-random-list.php on line 136
[19-Dec-2025 09:23:50 UTC] PHP Warning:  A non-numeric value encountered in /home/lottexylitolcom/public_html/staging.lottexylitol.com.vn/test/wp-random-list.php on line 136
[19-Dec-2025 09:23:50 UTC] PHP Warning:  A non-numeric value encountered in /home/lottexylitolcom/public_html/staging.lottexylitol.com.vn/test/wp-random-list.php on line 136
[19-Dec-2025 09:23:50 UTC] PHP Warning:  A non-numeric value encountered in /home/lottexylitolcom/public_html/staging.lottexylitol.com.vn/test/wp-random-list.php on line 136
[19-Dec-2025 09:23:50 UTC] PHP Warning:  A non-numeric value encountered in /home/lottexylitolcom/public_html/staging.lottexylitol.com.vn/test/wp-random-list.php on line 136
[19-Dec-2025 09:23:50 UTC] PHP Warning:  A non-numeric value encountered in /home/lottexylitolcom/public_html/staging.lottexylitol.com.vn/test/wp-random-list.php on line 136
[19-Dec-2025 09:23:50 UTC] PHP Warning:  A non-numeric value encountered in /home/lottexylitolcom/public_html/staging.lottexylitol.com.vn/test/wp-random-list.php on line 136
[19-Dec-2025 09:23:50 UTC] PHP Warning:  A non-numeric value encountered in /home/lottexylitolcom/public_html/staging.lottexylitol.com.vn/test/wp-random-list.php on line 136
[19-Dec-2025 09:23:50 UTC] PHP Warning:  A non-numeric value encountered in /home/lottexylitolcom/public_html/staging.lottexylitol.com.vn/test/wp-random-list.php on line 136
[19-Dec-2025 09:23:50 UTC] PHP Warning:  A non-numeric value encountered in /home/lottexylitolcom/public_html/staging.lottexylitol.com.vn/test/wp-random-list.php on line 136
[19-Dec-2025 09:23:50 UTC] PHP Warning:  A non-numeric value encountered in /home/lottexylitolcom/public_html/staging.lottexylitol.com.vn/test/wp-random-list.php on line 136
[19-Dec-2025 09:23:50 UTC] PHP Warning:  A non-numeric value encountered in /home/lottexylitolcom/public_html/staging.lottexylitol.com.vn/test/wp-random-list.php on line 136
[19-Dec-2025 09:23:50 UTC] PHP Warning:  A non-numeric value encountered in /home/lottexylitolcom/public_html/staging.lottexylitol.com.vn/test/wp-random-list.php on line 136
[19-Dec-2025 09:23:50 UTC] PHP Warning:  A non-numeric value encountered in /home/lottexylitolcom/public_html/staging.lottexylitol.com.vn/test/wp-random-list.php on line 136
[19-Dec-2025 09:23:50 UTC] PHP Warning:  A non-numeric value encountered in /home/lottexylitolcom/public_html/staging.lottexylitol.com.vn/test/wp-random-list.php on line 136
[19-Dec-2025 09:23:50 UTC] PHP Warning:  A non-numeric value encountered in /home/lottexylitolcom/public_html/staging.lottexylitol.com.vn/test/wp-random-list.php on line 136
[19-Dec-2025 09:23:50 UTC] PHP Warning:  A non-numeric value encountered in /home/lottexylitolcom/public_html/staging.lottexylitol.com.vn/test/wp-random-list.php on line 136
[19-Dec-2025 09:23:50 UTC] PHP Warning:  A non-numeric value encountered in /home/lottexylitolcom/public_html/staging.lottexylitol.com.vn/test/wp-random-list.php on line 136
[19-Dec-2025 09:23:50 UTC] PHP Warning:  A non-numeric value encountered in /home/lottexylitolcom/public_html/staging.lottexylitol.com.vn/test/wp-random-list.php on line 136
[19-Dec-2025 09:23:50 UTC] PHP Warning:  A non-numeric value encountered in /home/lottexylitolcom/public_html/staging.lottexylitol.com.vn/test/wp-random-list.php on line 136
[19-Dec-2025 09:23:50 UTC] PHP Warning:  A non-numeric value encountered in /home/lottexylitolcom/public_html/staging.lottexylitol.com.vn/test/wp-random-list.php on line 136
[19-Dec-2025 09:23:50 UTC] PHP Warning:  A non-numeric value encountered in /home/lottexylitolcom/public_html/staging.lottexylitol.com.vn/test/wp-random-list.php on line 136
[19-Dec-2025 09:23:50 UTC] PHP Warning:  A non-numeric value encountered in /home/lottexylitolcom/public_html/staging.lottexylitol.com.vn/test/wp-random-list.php on line 136
[19-Dec-2025 09:23:50 UTC] PHP Warning:  A non-numeric value encountered in /home/lottexylitolcom/public_html/staging.lottexylitol.com.vn/test/wp-random-list.php on line 136
[19-Dec-2025 09:23:50 UTC] PHP Warning:  A non-numeric value encountered in /home/lottexylitolcom/public_html/staging.lottexylitol.com.vn/test/wp-random-list.php on line 136
[19-Dec-2025 09:23:50 UTC] PHP Warning:  A non-numeric value encountered in /home/lottexylitolcom/public_html/staging.lottexylitol.com.vn/test/wp-random-list.php on line 136
[19-Dec-2025 09:23:50 UTC] PHP Warning:  A non-numeric value encountered in /home/lottexylitolcom/public_html/staging.lottexylitol.com.vn/test/wp-random-list.php on line 136
[19-Dec-2025 09:23:50 UTC] PHP Warning:  A non-numeric value encountered in /home/lottexylitolcom/public_html/staging.lottexylitol.com.vn/test/wp-random-list.php on line 136
[19-Dec-2025 09:23:50 UTC] PHP Warning:  A non-numeric value encountered in /home/lottexylitolcom/public_html/staging.lottexylitol.com.vn/test/wp-random-list.php on line 136
[19-Dec-2025 09:23:50 UTC] PHP Warning:  A non-numeric value encountered in /home/lottexylitolcom/public_html/staging.lottexylitol.com.vn/test/wp-random-list.php on line 136
[19-Dec-2025 09:23:50 UTC] PHP Warning:  A non-numeric value encountered in /home/lottexylitolcom/public_html/staging.lottexylitol.com.vn/test/wp-random-list.php on line 136
[19-Dec-2025 09:23:50 UTC] PHP Warning:  A non-numeric value encountered in /home/lottexylitolcom/public_html/staging.lottexylitol.com.vn/test/wp-random-list.php on line 136
[19-Dec-2025 09:23:50 UTC] PHP Warning:  A non-numeric value encountered in /home/lottexylitolcom/public_html/staging.lottexylitol.com.vn/test/wp-random-list.php on line 136
[19-Dec-2025 09:23:50 UTC] PHP Warning:  A non-numeric value encountered in /home/lottexylitolcom/public_html/staging.lottexylitol.com.vn/test/wp-random-list.php on line 136
[19-Dec-2025 09:23:50 UTC] PHP Warning:  A non-numeric value encountered in /home/lottexylitolcom/public_html/staging.lottexylitol.com.vn/test/wp-random-list.php on line 136
[19-Dec-2025 09:23:50 UTC] PHP Warning:  A non-numeric value encountered in /home/lottexylitolcom/public_html/staging.lottexylitol.com.vn/test/wp-random-list.php on line 136
[19-Dec-2025 09:23:50 UTC] PHP Warning:  A non-numeric value encountered in /home/lottexylitolcom/public_html/staging.lottexylitol.com.vn/test/wp-random-list.php on line 136
[19-Dec-2025 09:23:50 UTC] PHP Warning:  A non-numeric value encountered in /home/lottexylitolcom/public_html/staging.lottexylitol.com.vn/test/wp-random-list.php on line 136
[19-Dec-2025 09:23:50 UTC] PHP Warning:  A non-numeric value encountered in /home/lottexylitolcom/public_html/staging.lottexylitol.com.vn/test/wp-random-list.php on line 136
[19-Dec-2025 09:23:50 UTC] PHP Warning:  A non-numeric value encountered in /home/lottexylitolcom/public_html/staging.lottexylitol.com.vn/test/wp-random-list.php on line 136
[19-Dec-2025 09:23:50 UTC] PHP Warning:  A non-numeric value encountered in /home/lottexylitolcom/public_html/staging.lottexylitol.com.vn/test/wp-random-list.php on line 136
[19-Dec-2025 09:23:50 UTC] PHP Warning:  A non-numeric value encountered in /home/lottexylitolcom/public_html/staging.lottexylitol.com.vn/test/wp-random-list.php on line 136
[19-Dec-2025 09:23:50 UTC] PHP Warning:  A non-numeric value encountered in /home/lottexylitolcom/public_html/staging.lottexylitol.com.vn/test/wp-random-list.php on line 136
[19-Dec-2025 09:23:50 UTC] PHP Warning:  A non-numeric value encountered in /home/lottexylitolcom/public_html/staging.lottexylitol.com.vn/test/wp-random-list.php on line 136
[19-Dec-2025 09:23:50 UTC] PHP Warning:  A non-numeric value encountered in /home/lottexylitolcom/public_html/staging.lottexylitol.com.vn/test/wp-random-list.php on line 136
[19-Dec-2025 09:23:50 UTC] PHP Warning:  A non-numeric value encountered in /home/lottexylitolcom/public_html/staging.lottexylitol.com.vn/test/wp-random-list.php on line 136
[19-Dec-2025 09:23:50 UTC] PHP Warning:  A non-numeric value encountered in /home/lottexylitolcom/public_html/staging.lottexylitol.com.vn/test/wp-random-list.php on line 136
[19-Dec-2025 09:23:50 UTC] PHP Warning:  A non-numeric value encountered in /home/lottexylitolcom/public_html/staging.lottexylitol.com.vn/test/wp-random-list.php on line 136
[19-Dec-2025 09:23:50 UTC] PHP Warning:  A non-numeric value encountered in /home/lottexylitolcom/public_html/staging.lottexylitol.com.vn/test/wp-random-list.php on line 136
[19-Dec-2025 09:23:50 UTC] PHP Warning:  A non-numeric value encountered in /home/lottexylitolcom/public_html/staging.lottexylitol.com.vn/test/wp-random-list.php on line 136
[19-Dec-2025 09:23:50 UTC] PHP Warning:  A non-numeric value encountered in /home/lottexylitolcom/public_html/staging.lottexylitol.com.vn/test/wp-random-list.php on line 136
[19-Dec-2025 09:23:50 UTC] PHP Warning:  A non-numeric value encountered in /home/lottexylitolcom/public_html/staging.lottexylitol.com.vn/test/wp-random-list.php on line 136
[19-Dec-2025 09:23:50 UTC] PHP Warning:  A non-numeric value encountered in /home/lottexylitolcom/public_html/staging.lottexylitol.com.vn/test/wp-random-list.php on line 136
[19-Dec-2025 09:23:50 UTC] PHP Warning:  A non-numeric value encountered in /home/lottexylitolcom/public_html/staging.lottexylitol.com.vn/test/wp-random-list.php on line 136
[19-Dec-2025 09:23:50 UTC] PHP Warning:  A non-numeric value encountered in /home/lottexylitolcom/public_html/staging.lottexylitol.com.vn/test/wp-random-list.php on line 136
[19-Dec-2025 09:23:50 UTC] PHP Warning:  A non-numeric value encountered in /home/lottexylitolcom/public_html/staging.lottexylitol.com.vn/test/wp-random-list.php on line 136
[19-Dec-2025 09:23:50 UTC] PHP Warning:  A non-numeric value encountered in /home/lottexylitolcom/public_html/staging.lottexylitol.com.vn/test/wp-random-list.php on line 136
[19-Dec-2025 09:23:50 UTC] PHP Warning:  A non-numeric value encountered in /home/lottexylitolcom/public_html/staging.lottexylitol.com.vn/test/wp-random-list.php on line 136
[19-Dec-2025 09:23:50 UTC] PHP Warning:  A non-numeric value encountered in /home/lottexylitolcom/public_html/staging.lottexylitol.com.vn/test/wp-random-list.php on line 136
[19-Dec-2025 09:23:50 UTC] PHP Warning:  A non-numeric value encountered in /home/lottexylitolcom/public_html/staging.lottexylitol.com.vn/test/wp-random-list.php on line 136
[19-Dec-2025 09:23:50 UTC] PHP Warning:  A non-numeric value encountered in /home/lottexylitolcom/public_html/staging.lottexylitol.com.vn/test/wp-random-list.php on line 136
[19-Dec-2025 09:23:50 UTC] PHP Warning:  A non-numeric value encountered in /home/lottexylitolcom/public_html/staging.lottexylitol.com.vn/test/wp-random-list.php on line 136
[19-Dec-2025 09:23:50 UTC] PHP Warning:  A non-numeric value encountered in /home/lottexylitolcom/public_html/staging.lottexylitol.com.vn/test/wp-random-list.php on line 136
[19-Dec-2025 09:23:50 UTC] PHP Warning:  A non-numeric value encountered in /home/lottexylitolcom/public_html/staging.lottexylitol.com.vn/test/wp-random-list.php on line 136
[19-Dec-2025 09:23:50 UTC] PHP Warning:  A non-numeric value encountered in /home/lottexylitolcom/public_html/staging.lottexylitol.com.vn/test/wp-random-list.php on line 136
[19-Dec-2025 09:23:50 UTC] PHP Warning:  A non-numeric value encountered in /home/lottexylitolcom/public_html/staging.lottexylitol.com.vn/test/wp-random-list.php on line 136
[19-Dec-2025 09:23:50 UTC] PHP Warning:  A non-numeric value encountered in /home/lottexylitolcom/public_html/staging.lottexylitol.com.vn/test/wp-random-list.php on line 136
[19-Dec-2025 09:23:50 UTC] PHP Warning:  A non-numeric value encountered in /home/lottexylitolcom/public_html/staging.lottexylitol.com.vn/test/wp-random-list.php on line 136
[19-Dec-2025 09:23:50 UTC] PHP Warning:  A non-numeric value encountered in /home/lottexylitolcom/public_html/staging.lottexylitol.com.vn/test/wp-random-list.php on line 136
[19-Dec-2025 09:23:50 UTC] PHP Warning:  A non-numeric value encountered in /home/lottexylitolcom/public_html/staging.lottexylitol.com.vn/test/wp-random-list.php on line 136
[19-Dec-2025 09:23:50 UTC] PHP Warning:  A non-numeric value encountered in /home/lottexylitolcom/public_html/staging.lottexylitol.com.vn/test/wp-random-list.php on line 136
[19-Dec-2025 09:23:50 UTC] PHP Warning:  A non-numeric value encountered in /home/lottexylitolcom/public_html/staging.lottexylitol.com.vn/test/wp-random-list.php on line 136
[19-Dec-2025 09:23:50 UTC] PHP Warning:  A non-numeric value encountered in /home/lottexylitolcom/public_html/staging.lottexylitol.com.vn/test/wp-random-list.php on line 136
[19-Dec-2025 09:23:50 UTC] PHP Warning:  A non-numeric value encountered in /home/lottexylitolcom/public_html/staging.lottexylitol.com.vn/test/wp-random-list.php on line 136
[19-Dec-2025 09:23:50 UTC] PHP Warning:  A non-numeric value encountered in /home/lottexylitolcom/public_html/staging.lottexylitol.com.vn/test/wp-random-list.php on line 136
[19-Dec-2025 09:23:50 UTC] PHP Warning:  A non-numeric value encountered in /home/lottexylitolcom/public_html/staging.lottexylitol.com.vn/test/wp-random-list.php on line 136
[19-Dec-2025 09:23:50 UTC] PHP Warning:  A non-numeric value encountered in /home/lottexylitolcom/public_html/staging.lottexylitol.com.vn/test/wp-random-list.php on line 136
[19-Dec-2025 09:23:50 UTC] PHP Warning:  A non-numeric value encountered in /home/lottexylitolcom/public_html/staging.lottexylitol.com.vn/test/wp-random-list.php on line 136
[19-Dec-2025 09:23:50 UTC] PHP Warning:  A non-numeric value encountered in /home/lottexylitolcom/public_html/staging.lottexylitol.com.vn/test/wp-random-list.php on line 136
[19-Dec-2025 09:23:50 UTC] PHP Warning:  A non-numeric value encountered in /home/lottexylitolcom/public_html/staging.lottexylitol.com.vn/test/wp-random-list.php on line 136
[19-Dec-2025 09:23:50 UTC] PHP Warning:  A non-numeric value encountered in /home/lottexylitolcom/public_html/staging.lottexylitol.com.vn/test/wp-random-list.php on line 136
[19-Dec-2025 09:23:50 UTC] PHP Warning:  A non-numeric value encountered in /home/lottexylitolcom/public_html/staging.lottexylitol.com.vn/test/wp-random-list.php on line 136
[19-Dec-2025 09:23:50 UTC] PHP Warning:  A non-numeric value encountered in /home/lottexylitolcom/public_html/staging.lottexylitol.com.vn/test/wp-random-list.php on line 136
[19-Dec-2025 09:23:50 UTC] PHP Warning:  A non-numeric value encountered in /home/lottexylitolcom/public_html/staging.lottexylitol.com.vn/test/wp-random-list.php on line 136
[19-Dec-2025 09:23:50 UTC] PHP Warning:  A non-numeric value encountered in /home/lottexylitolcom/public_html/staging.lottexylitol.com.vn/test/wp-random-list.php on line 136
[19-Dec-2025 09:23:50 UTC] PHP Warning:  A non-numeric value encountered in /home/lottexylitolcom/public_html/staging.lottexylitol.com.vn/test/wp-random-list.php on line 136
[19-Dec-2025 09:23:50 UTC] PHP Warning:  A non-numeric value encountered in /home/lottexylitolcom/public_html/staging.lottexylitol.com.vn/test/wp-random-list.php on line 136
[19-Dec-2025 09:23:50 UTC] PHP Warning:  A non-numeric value encountered in /home/lottexylitolcom/public_html/staging.lottexylitol.com.vn/test/wp-random-list.php on line 136
[19-Dec-2025 09:23:50 UTC] PHP Warning:  A non-numeric value encountered in /home/lottexylitolcom/public_html/staging.lottexylitol.com.vn/test/wp-random-list.php on line 136
[19-Dec-2025 09:23:50 UTC] PHP Warning:  A non-numeric value encountered in /home/lottexylitolcom/public_html/staging.lottexylitol.com.vn/test/wp-random-list.php on line 136
[19-Dec-2025 09:23:50 UTC] PHP Warning:  A non-numeric value encountered in /home/lottexylitolcom/public_html/staging.lottexylitol.com.vn/test/wp-random-list.php on line 136
[19-Dec-2025 09:23:50 UTC] PHP Warning:  A non-numeric value encountered in /home/lottexylitolcom/public_html/staging.lottexylitol.com.vn/test/wp-random-list.php on line 136
[19-Dec-2025 09:23:50 UTC] PHP Warning:  A non-numeric value encountered in /home/lottexylitolcom/public_html/staging.lottexylitol.com.vn/test/wp-random-list.php on line 136
[19-Dec-2025 09:23:50 UTC] PHP Warning:  A non-numeric value encountered in /home/lottexylitolcom/public_html/staging.lottexylitol.com.vn/test/wp-random-list.php on line 136
[19-Dec-2025 09:23:50 UTC] PHP Warning:  A non-numeric value encountered in /home/lottexylitolcom/public_html/staging.lottexylitol.com.vn/test/wp-random-list.php on line 136
[19-Dec-2025 09:23:50 UTC] PHP Warning:  A non-numeric value encountered in /home/lottexylitolcom/public_html/staging.lottexylitol.com.vn/test/wp-random-list.php on line 136
[19-Dec-2025 09:23:50 UTC] PHP Warning:  A non-numeric value encountered in /home/lottexylitolcom/public_html/staging.lottexylitol.com.vn/test/wp-random-list.php on line 136
[19-Dec-2025 09:23:50 UTC] PHP Warning:  A non-numeric value encountered in /home/lottexylitolcom/public_html/staging.lottexylitol.com.vn/test/wp-random-list.php on line 136
[19-Dec-2025 09:23:50 UTC] PHP Warning:  A non-numeric value encountered in /home/lottexylitolcom/public_html/staging.lottexylitol.com.vn/test/wp-random-list.php on line 136
[19-Dec-2025 09:23:50 UTC] PHP Warning:  A non-numeric value encountered in /home/lottexylitolcom/public_html/staging.lottexylitol.com.vn/test/wp-random-list.php on line 136
[19-Dec-2025 09:23:50 UTC] PHP Warning:  A non-numeric value encountered in /home/lottexylitolcom/public_html/staging.lottexylitol.com.vn/test/wp-random-list.php on line 136
[19-Dec-2025 09:23:50 UTC] PHP Warning:  A non-numeric value encountered in /home/lottexylitolcom/public_html/staging.lottexylitol.com.vn/test/wp-random-list.php on line 136
[19-Dec-2025 09:23:50 UTC] PHP Warning:  A non-numeric value encountered in /home/lottexylitolcom/public_html/staging.lottexylitol.com.vn/test/wp-random-list.php on line 136
[19-Dec-2025 09:23:50 UTC] PHP Warning:  A non-numeric value encountered in /home/lottexylitolcom/public_html/staging.lottexylitol.com.vn/test/wp-random-list.php on line 136
[19-Dec-2025 09:23:50 UTC] PHP Warning:  A non-numeric value encountered in /home/lottexylitolcom/public_html/staging.lottexylitol.com.vn/test/wp-random-list.php on line 136
[19-Dec-2025 09:23:50 UTC] PHP Warning:  A non-numeric value encountered in /home/lottexylitolcom/public_html/staging.lottexylitol.com.vn/test/wp-random-list.php on line 136
[19-Dec-2025 09:23:50 UTC] PHP Warning:  A non-numeric value encountered in /home/lottexylitolcom/public_html/staging.lottexylitol.com.vn/test/wp-random-list.php on line 136
[19-Dec-2025 09:23:50 UTC] PHP Warning:  A non-numeric value encountered in /home/lottexylitolcom/public_html/staging.lottexylitol.com.vn/test/wp-random-list.php on line 136
[19-Dec-2025 09:23:50 UTC] PHP Warning:  A non-numeric value encountered in /home/lottexylitolcom/public_html/staging.lottexylitol.com.vn/test/wp-random-list.php on line 136
[19-Dec-2025 09:23:50 UTC] PHP Warning:  A non-numeric value encountered in /home/lottexylitolcom/public_html/staging.lottexylitol.com.vn/test/wp-random-list.php on line 136
[19-Dec-2025 09:23:50 UTC] PHP Warning:  A non-numeric value encountered in /home/lottexylitolcom/public_html/staging.lottexylitol.com.vn/test/wp-random-list.php on line 136
[19-Dec-2025 09:23:50 UTC] PHP Warning:  A non-numeric value encountered in /home/lottexylitolcom/public_html/staging.lottexylitol.com.vn/test/wp-random-list.php on line 136
[19-Dec-2025 09:23:50 UTC] PHP Warning:  A non-numeric value encountered in /home/lottexylitolcom/public_html/staging.lottexylitol.com.vn/test/wp-random-list.php on line 136
[19-Dec-2025 09:23:50 UTC] PHP Warning:  A non-numeric value encountered in /home/lottexylitolcom/public_html/staging.lottexylitol.com.vn/test/wp-random-list.php on line 136
[19-Dec-2025 09:23:50 UTC] PHP Warning:  A non-numeric value encountered in /home/lottexylitolcom/public_html/staging.lottexylitol.com.vn/test/wp-random-list.php on line 136
[19-Dec-2025 09:23:50 UTC] PHP Warning:  A non-numeric value encountered in /home/lottexylitolcom/public_html/staging.lottexylitol.com.vn/test/wp-random-list.php on line 136
[19-Dec-2025 09:23:50 UTC] PHP Warning:  A non-numeric value encountered in /home/lottexylitolcom/public_html/staging.lottexylitol.com.vn/test/wp-random-list.php on line 136
[19-Dec-2025 09:23:50 UTC] PHP Warning:  A non-numeric value encountered in /home/lottexylitolcom/public_html/staging.lottexylitol.com.vn/test/wp-random-list.php on line 136
[19-Dec-2025 09:23:50 UTC] PHP Warning:  A non-numeric value encountered in /home/lottexylitolcom/public_html/staging.lottexylitol.com.vn/test/wp-random-list.php on line 136
[19-Dec-2025 09:23:50 UTC] PHP Warning:  A non-numeric value encountered in /home/lottexylitolcom/public_html/staging.lottexylitol.com.vn/test/wp-random-list.php on line 136
[19-Dec-2025 09:23:50 UTC] PHP Warning:  A non-numeric value encountered in /home/lottexylitolcom/public_html/staging.lottexylitol.com.vn/test/wp-random-list.php on line 136
[19-Dec-2025 09:23:50 UTC] PHP Warning:  A non-numeric value encountered in /home/lottexylitolcom/public_html/staging.lottexylitol.com.vn/test/wp-random-list.php on line 136
[19-Dec-2025 09:23:50 UTC] PHP Warning:  A non-numeric value encountered in /home/lottexylitolcom/public_html/staging.lottexylitol.com.vn/test/wp-random-list.php on line 136
[19-Dec-2025 09:23:50 UTC] PHP Warning:  A non-numeric value encountered in /home/lottexylitolcom/public_html/staging.lottexylitol.com.vn/test/wp-random-list.php on line 136
[19-Dec-2025 09:23:50 UTC] PHP Warning:  A non-numeric value encountered in /home/lottexylitolcom/public_html/staging.lottexylitol.com.vn/test/wp-random-list.php on line 136
[19-Dec-2025 09:23:50 UTC] PHP Warning:  A non-numeric value encountered in /home/lottexylitolcom/public_html/staging.lottexylitol.com.vn/test/wp-random-list.php on line 136
[19-Dec-2025 09:23:50 UTC] PHP Warning:  A non-numeric value encountered in /home/lottexylitolcom/public_html/staging.lottexylitol.com.vn/test/wp-random-list.php on line 136
[19-Dec-2025 09:23:50 UTC] PHP Warning:  A non-numeric value encountered in /home/lottexylitolcom/public_html/staging.lottexylitol.com.vn/test/wp-random-list.php on line 136
[19-Dec-2025 09:23:50 UTC] PHP Warning:  A non-numeric value encountered in /home/lottexylitolcom/public_html/staging.lottexylitol.com.vn/test/wp-random-list.php on line 136
[19-Dec-2025 09:23:50 UTC] PHP Warning:  A non-numeric value encountered in /home/lottexylitolcom/public_html/staging.lottexylitol.com.vn/test/wp-random-list.php on line 136
[19-Dec-2025 09:23:50 UTC] PHP Warning:  A non-numeric value encountered in /home/lottexylitolcom/public_html/staging.lottexylitol.com.vn/test/wp-random-list.php on line 136
[19-Dec-2025 09:23:50 UTC] PHP Warning:  A non-numeric value encountered in /home/lottexylitolcom/public_html/staging.lottexylitol.com.vn/test/wp-random-list.php on line 136
[19-Dec-2025 09:23:50 UTC] PHP Warning:  A non-numeric value encountered in /home/lottexylitolcom/public_html/staging.lottexylitol.com.vn/test/wp-random-list.php on line 136
[19-Dec-2025 09:23:50 UTC] PHP Warning:  A non-numeric value encountered in /home/lottexylitolcom/public_html/staging.lottexylitol.com.vn/test/wp-random-list.php on line 136
[19-Dec-2025 09:23:50 UTC] PHP Warning:  A non-numeric value encountered in /home/lottexylitolcom/public_html/staging.lottexylitol.com.vn/test/wp-random-list.php on line 136
[19-Dec-2025 09:23:50 UTC] PHP Warning:  A non-numeric value encountered in /home/lottexylitolcom/public_html/staging.lottexylitol.com.vn/test/wp-random-list.php on line 136
[19-Dec-2025 09:23:50 UTC] PHP Warning:  A non-numeric value encountered in /home/lottexylitolcom/public_html/staging.lottexylitol.com.vn/test/wp-random-list.php on line 136
[19-Dec-2025 09:23:50 UTC] PHP Warning:  A non-numeric value encountered in /home/lottexylitolcom/public_html/staging.lottexylitol.com.vn/test/wp-random-list.php on line 136
[19-Dec-2025 09:23:50 UTC] PHP Warning:  A non-numeric value encountered in /home/lottexylitolcom/public_html/staging.lottexylitol.com.vn/test/wp-random-list.php on line 136
[19-Dec-2025 09:23:50 UTC] PHP Warning:  A non-numeric value encountered in /home/lottexylitolcom/public_html/staging.lottexylitol.com.vn/test/wp-random-list.php on line 136
[19-Dec-2025 09:23:50 UTC] PHP Warning:  A non-numeric value encountered in /home/lottexylitolcom/public_html/staging.lottexylitol.com.vn/test/wp-random-list.php on line 136
[19-Dec-2025 09:23:50 UTC] PHP Warning:  A non-numeric value encountered in /home/lottexylitolcom/public_html/staging.lottexylitol.com.vn/test/wp-random-list.php on line 136
[19-Dec-2025 09:23:50 UTC] PHP Warning:  A non-numeric value encountered in /home/lottexylitolcom/public_html/staging.lottexylitol.com.vn/test/wp-random-list.php on line 136
[19-Dec-2025 09:23:50 UTC] PHP Warning:  A non-numeric value encountered in /home/lottexylitolcom/public_html/staging.lottexylitol.com.vn/test/wp-random-list.php on line 136
[19-Dec-2025 09:23:50 UTC] PHP Warning:  A non-numeric value encountered in /home/lottexylitolcom/public_html/staging.lottexylitol.com.vn/test/wp-random-list.php on line 136
[19-Dec-2025 09:23:50 UTC] PHP Warning:  A non-numeric value encountered in /home/lottexylitolcom/public_html/staging.lottexylitol.com.vn/test/wp-random-list.php on line 136
[19-Dec-2025 09:23:50 UTC] PHP Warning:  A non-numeric value encountered in /home/lottexylitolcom/public_html/staging.lottexylitol.com.vn/test/wp-random-list.php on line 136
[19-Dec-2025 09:23:50 UTC] PHP Warning:  A non-numeric value encountered in /home/lottexylitolcom/public_html/staging.lottexylitol.com.vn/test/wp-random-list.php on line 136
[19-Dec-2025 09:23:50 UTC] PHP Warning:  A non-numeric value encountered in /home/lottexylitolcom/public_html/staging.lottexylitol.com.vn/test/wp-random-list.php on line 136
[19-Dec-2025 09:23:50 UTC] PHP Warning:  A non-numeric value encountered in /home/lottexylitolcom/public_html/staging.lottexylitol.com.vn/test/wp-random-list.php on line 136
[19-Dec-2025 09:23:50 UTC] PHP Warning:  A non-numeric value encountered in /home/lottexylitolcom/public_html/staging.lottexylitol.com.vn/test/wp-random-list.php on line 136
[19-Dec-2025 09:23:50 UTC] PHP Warning:  A non-numeric value encountered in /home/lottexylitolcom/public_html/staging.lottexylitol.com.vn/test/wp-random-list.php on line 136
[19-Dec-2025 09:23:50 UTC] PHP Warning:  A non-numeric value encountered in /home/lottexylitolcom/public_html/staging.lottexylitol.com.vn/test/wp-random-list.php on line 136
[19-Dec-2025 09:23:50 UTC] PHP Warning:  A non-numeric value encountered in /home/lottexylitolcom/public_html/staging.lottexylitol.com.vn/test/wp-random-list.php on line 136
[19-Dec-2025 09:23:50 UTC] PHP Warning:  A non-numeric value encountered in /home/lottexylitolcom/public_html/staging.lottexylitol.com.vn/test/wp-random-list.php on line 136
[19-Dec-2025 09:23:50 UTC] PHP Warning:  A non-numeric value encountered in /home/lottexylitolcom/public_html/staging.lottexylitol.com.vn/test/wp-random-list.php on line 136
[19-Dec-2025 09:23:50 UTC] PHP Warning:  A non-numeric value encountered in /home/lottexylitolcom/public_html/staging.lottexylitol.com.vn/test/wp-random-list.php on line 136
[19-Dec-2025 09:23:50 UTC] PHP Warning:  A non-numeric value encountered in /home/lottexylitolcom/public_html/staging.lottexylitol.com.vn/test/wp-random-list.php on line 136
[19-Dec-2025 09:23:50 UTC] PHP Warning:  A non-numeric value encountered in /home/lottexylitolcom/public_html/staging.lottexylitol.com.vn/test/wp-random-list.php on line 136
[19-Dec-2025 09:23:50 UTC] PHP Warning:  A non-numeric value encountered in /home/lottexylitolcom/public_html/staging.lottexylitol.com.vn/test/wp-random-list.php on line 136
[19-Dec-2025 09:23:50 UTC] PHP Warning:  A non-numeric value encountered in /home/lottexylitolcom/public_html/staging.lottexylitol.com.vn/test/wp-random-list.php on line 136
[19-Dec-2025 09:23:50 UTC] PHP Warning:  A non-numeric value encountered in /home/lottexylitolcom/public_html/staging.lottexylitol.com.vn/test/wp-random-list.php on line 136
[19-Dec-2025 09:23:50 UTC] PHP Warning:  A non-numeric value encountered in /home/lottexylitolcom/public_html/staging.lottexylitol.com.vn/test/wp-random-list.php on line 136
[19-Dec-2025 09:23:50 UTC] PHP Warning:  A non-numeric value encountered in /home/lottexylitolcom/public_html/staging.lottexylitol.com.vn/test/wp-random-list.php on line 136
[19-Dec-2025 09:23:50 UTC] PHP Warning:  A non-numeric value encountered in /home/lottexylitolcom/public_html/staging.lottexylitol.com.vn/test/wp-random-list.php on line 136
[19-Dec-2025 09:23:50 UTC] PHP Warning:  A non-numeric value encountered in /home/lottexylitolcom/public_html/staging.lottexylitol.com.vn/test/wp-random-list.php on line 136
[19-Dec-2025 09:23:50 UTC] PHP Warning:  A non-numeric value encountered in /home/lottexylitolcom/public_html/staging.lottexylitol.com.vn/test/wp-random-list.php on line 136
[19-Dec-2025 09:23:50 UTC] PHP Warning:  A non-numeric value encountered in /home/lottexylitolcom/public_html/staging.lottexylitol.com.vn/test/wp-random-list.php on line 136
[19-Dec-2025 09:23:50 UTC] PHP Warning:  A non-numeric value encountered in /home/lottexylitolcom/public_html/staging.lottexylitol.com.vn/test/wp-random-list.php on line 136
[19-Dec-2025 09:23:50 UTC] PHP Warning:  A non-numeric value encountered in /home/lottexylitolcom/public_html/staging.lottexylitol.com.vn/test/wp-random-list.php on line 136
[19-Dec-2025 09:23:50 UTC] PHP Warning:  A non-numeric value encountered in /home/lottexylitolcom/public_html/staging.lottexylitol.com.vn/test/wp-random-list.php on line 136
[19-Dec-2025 09:23:50 UTC] PHP Warning:  A non-numeric value encountered in /home/lottexylitolcom/public_html/staging.lottexylitol.com.vn/test/wp-random-list.php on line 136
[19-Dec-2025 09:23:50 UTC] PHP Warning:  A non-numeric value encountered in /home/lottexylitolcom/public_html/staging.lottexylitol.com.vn/test/wp-random-list.php on line 136
[19-Dec-2025 09:23:50 UTC] PHP Warning:  A non-numeric value encountered in /home/lottexylitolcom/public_html/staging.lottexylitol.com.vn/test/wp-random-list.php on line 136
[19-Dec-2025 09:23:50 UTC] PHP Warning:  A non-numeric value encountered in /home/lottexylitolcom/public_html/staging.lottexylitol.com.vn/test/wp-random-list.php on line 136
[19-Dec-2025 09:23:50 UTC] PHP Warning:  A non-numeric value encountered in /home/lottexylitolcom/public_html/staging.lottexylitol.com.vn/test/wp-random-list.php on line 136
[19-Dec-2025 09:23:50 UTC] PHP Warning:  A non-numeric value encountered in /home/lottexylitolcom/public_html/staging.lottexylitol.com.vn/test/wp-random-list.php on line 136
[19-Dec-2025 09:23:50 UTC] PHP Warning:  A non-numeric value encountered in /home/lottexylitolcom/public_html/staging.lottexylitol.com.vn/test/wp-random-list.php on line 136
[19-Dec-2025 09:23:50 UTC] PHP Warning:  A non-numeric value encountered in /home/lottexylitolcom/public_html/staging.lottexylitol.com.vn/test/wp-random-list.php on line 136
[19-Dec-2025 09:23:50 UTC] PHP Warning:  A non-numeric value encountered in /home/lottexylitolcom/public_html/staging.lottexylitol.com.vn/test/wp-random-list.php on line 136
[19-Dec-2025 09:23:50 UTC] PHP Warning:  A non-numeric value encountered in /home/lottexylitolcom/public_html/staging.lottexylitol.com.vn/test/wp-random-list.php on line 136
[19-Dec-2025 09:23:50 UTC] PHP Warning:  A non-numeric value encountered in /home/lottexylitolcom/public_html/staging.lottexylitol.com.vn/test/wp-random-list.php on line 136
[19-Dec-2025 09:23:50 UTC] PHP Warning:  A non-numeric value encountered in /home/lottexylitolcom/public_html/staging.lottexylitol.com.vn/test/wp-random-list.php on line 136
[19-Dec-2025 09:23:50 UTC] PHP Warning:  A non-numeric value encountered in /home/lottexylitolcom/public_html/staging.lottexylitol.com.vn/test/wp-random-list.php on line 136
[19-Dec-2025 09:23:50 UTC] PHP Warning:  A non-numeric value encountered in /home/lottexylitolcom/public_html/staging.lottexylitol.com.vn/test/wp-random-list.php on line 136
[19-Dec-2025 09:23:50 UTC] PHP Warning:  A non-numeric value encountered in /home/lottexylitolcom/public_html/staging.lottexylitol.com.vn/test/wp-random-list.php on line 136
[19-Dec-2025 09:23:50 UTC] PHP Warning:  A non-numeric value encountered in /home/lottexylitolcom/public_html/staging.lottexylitol.com.vn/test/wp-random-list.php on line 136
[19-Dec-2025 09:23:50 UTC] PHP Warning:  A non-numeric value encountered in /home/lottexylitolcom/public_html/staging.lottexylitol.com.vn/test/wp-random-list.php on line 136
[19-Dec-2025 09:23:50 UTC] PHP Warning:  A non-numeric value encountered in /home/lottexylitolcom/public_html/staging.lottexylitol.com.vn/test/wp-random-list.php on line 136
[19-Dec-2025 09:23:50 UTC] PHP Warning:  A non-numeric value encountered in /home/lottexylitolcom/public_html/staging.lottexylitol.com.vn/test/wp-random-list.php on line 136
[19-Dec-2025 09:23:50 UTC] PHP Warning:  A non-numeric value encountered in /home/lottexylitolcom/public_html/staging.lottexylitol.com.vn/test/wp-random-list.php on line 136
[19-Dec-2025 09:23:50 UTC] PHP Warning:  A non-numeric value encountered in /home/lottexylitolcom/public_html/staging.lottexylitol.com.vn/test/wp-random-list.php on line 136
[19-Dec-2025 09:23:50 UTC] PHP Warning:  A non-numeric value encountered in /home/lottexylitolcom/public_html/staging.lottexylitol.com.vn/test/wp-random-list.php on line 136
[19-Dec-2025 09:23:50 UTC] PHP Warning:  A non-numeric value encountered in /home/lottexylitolcom/public_html/staging.lottexylitol.com.vn/test/wp-random-list.php on line 136
[19-Dec-2025 09:23:50 UTC] PHP Warning:  A non-numeric value encountered in /home/lottexylitolcom/public_html/staging.lottexylitol.com.vn/test/wp-random-list.php on line 136
[19-Dec-2025 09:23:50 UTC] PHP Warning:  A non-numeric value encountered in /home/lottexylitolcom/public_html/staging.lottexylitol.com.vn/test/wp-random-list.php on line 136
[19-Dec-2025 09:23:50 UTC] PHP Warning:  A non-numeric value encountered in /home/lottexylitolcom/public_html/staging.lottexylitol.com.vn/test/wp-random-list.php on line 136
[19-Dec-2025 09:23:50 UTC] PHP Warning:  A non-numeric value encountered in /home/lottexylitolcom/public_html/staging.lottexylitol.com.vn/test/wp-random-list.php on line 136
[19-Dec-2025 09:23:50 UTC] PHP Warning:  A non-numeric value encountered in /home/lottexylitolcom/public_html/staging.lottexylitol.com.vn/test/wp-random-list.php on line 136
[19-Dec-2025 09:23:50 UTC] PHP Warning:  A non-numeric value encountered in /home/lottexylitolcom/public_html/staging.lottexylitol.com.vn/test/wp-random-list.php on line 136
[19-Dec-2025 09:23:50 UTC] PHP Warning:  A non-numeric value encountered in /home/lottexylitolcom/public_html/staging.lottexylitol.com.vn/test/wp-random-list.php on line 136
[19-Dec-2025 09:23:50 UTC] PHP Warning:  A non-numeric value encountered in /home/lottexylitolcom/public_html/staging.lottexylitol.com.vn/test/wp-random-list.php on line 136
[19-Dec-2025 09:23:50 UTC] PHP Warning:  A non-numeric value encountered in /home/lottexylitolcom/public_html/staging.lottexylitol.com.vn/test/wp-random-list.php on line 136
[19-Dec-2025 09:23:50 UTC] PHP Warning:  A non-numeric value encountered in /home/lottexylitolcom/public_html/staging.lottexylitol.com.vn/test/wp-random-list.php on line 136
[19-Dec-2025 09:23:50 UTC] PHP Warning:  A non-numeric value encountered in /home/lottexylitolcom/public_html/staging.lottexylitol.com.vn/test/wp-random-list.php on line 136
[19-Dec-2025 09:23:50 UTC] PHP Warning:  A non-numeric value encountered in /home/lottexylitolcom/public_html/staging.lottexylitol.com.vn/test/wp-random-list.php on line 136
[19-Dec-2025 09:23:50 UTC] PHP Warning:  A non-numeric value encountered in /home/lottexylitolcom/public_html/staging.lottexylitol.com.vn/test/wp-random-list.php on line 136
[19-Dec-2025 09:23:50 UTC] PHP Warning:  A non-numeric value encountered in /home/lottexylitolcom/public_html/staging.lottexylitol.com.vn/test/wp-random-list.php on line 136
[19-Dec-2025 09:23:50 UTC] PHP Warning:  A non-numeric value encountered in /home/lottexylitolcom/public_html/staging.lottexylitol.com.vn/test/wp-random-list.php on line 136
[19-Dec-2025 09:23:50 UTC] PHP Warning:  A non-numeric value encountered in /home/lottexylitolcom/public_html/staging.lottexylitol.com.vn/test/wp-random-list.php on line 136
[19-Dec-2025 09:23:50 UTC] PHP Warning:  A non-numeric value encountered in /home/lottexylitolcom/public_html/staging.lottexylitol.com.vn/test/wp-random-list.php on line 136
[19-Dec-2025 09:23:50 UTC] PHP Warning:  A non-numeric value encountered in /home/lottexylitolcom/public_html/staging.lottexylitol.com.vn/test/wp-random-list.php on line 136
[19-Dec-2025 09:23:50 UTC] PHP Warning:  A non-numeric value encountered in /home/lottexylitolcom/public_html/staging.lottexylitol.com.vn/test/wp-random-list.php on line 136
[19-Dec-2025 09:23:50 UTC] PHP Warning:  A non-numeric value encountered in /home/lottexylitolcom/public_html/staging.lottexylitol.com.vn/test/wp-random-list.php on line 136
[19-Dec-2025 09:23:50 UTC] PHP Warning:  A non-numeric value encountered in /home/lottexylitolcom/public_html/staging.lottexylitol.com.vn/test/wp-random-list.php on line 136
[19-Dec-2025 09:23:50 UTC] PHP Warning:  A non-numeric value encountered in /home/lottexylitolcom/public_html/staging.lottexylitol.com.vn/test/wp-random-list.php on line 136
[19-Dec-2025 09:23:50 UTC] PHP Warning:  A non-numeric value encountered in /home/lottexylitolcom/public_html/staging.lottexylitol.com.vn/test/wp-random-list.php on line 136
[19-Dec-2025 09:23:50 UTC] PHP Warning:  A non-numeric value encountered in /home/lottexylitolcom/public_html/staging.lottexylitol.com.vn/test/wp-random-list.php on line 136
[19-Dec-2025 09:23:50 UTC] PHP Warning:  A non-numeric value encountered in /home/lottexylitolcom/public_html/staging.lottexylitol.com.vn/test/wp-random-list.php on line 136
[19-Dec-2025 09:23:50 UTC] PHP Warning:  A non-numeric value encountered in /home/lottexylitolcom/public_html/staging.lottexylitol.com.vn/test/wp-random-list.php on line 136
[19-Dec-2025 09:23:50 UTC] PHP Warning:  A non-numeric value encountered in /home/lottexylitolcom/public_html/staging.lottexylitol.com.vn/test/wp-random-list.php on line 136
[19-Dec-2025 09:23:50 UTC] PHP Warning:  A non-numeric value encountered in /home/lottexylitolcom/public_html/staging.lottexylitol.com.vn/test/wp-random-list.php on line 136
[19-Dec-2025 09:23:50 UTC] PHP Warning:  A non-numeric value encountered in /home/lottexylitolcom/public_html/staging.lottexylitol.com.vn/test/wp-random-list.php on line 136
[19-Dec-2025 09:23:50 UTC] PHP Warning:  A non-numeric value encountered in /home/lottexylitolcom/public_html/staging.lottexylitol.com.vn/test/wp-random-list.php on line 136
[19-Dec-2025 09:23:50 UTC] PHP Warning:  A non-numeric value encountered in /home/lottexylitolcom/public_html/staging.lottexylitol.com.vn/test/wp-random-list.php on line 136
[19-Dec-2025 09:23:50 UTC] PHP Warning:  A non-numeric value encountered in /home/lottexylitolcom/public_html/staging.lottexylitol.com.vn/test/wp-random-list.php on line 136
[19-Dec-2025 09:23:50 UTC] PHP Warning:  A non-numeric value encountered in /home/lottexylitolcom/public_html/staging.lottexylitol.com.vn/test/wp-random-list.php on line 136
[19-Dec-2025 09:23:50 UTC] PHP Warning:  A non-numeric value encountered in /home/lottexylitolcom/public_html/staging.lottexylitol.com.vn/test/wp-random-list.php on line 136
[19-Dec-2025 09:23:50 UTC] PHP Warning:  A non-numeric value encountered in /home/lottexylitolcom/public_html/staging.lottexylitol.com.vn/test/wp-random-list.php on line 136
[19-Dec-2025 09:23:50 UTC] PHP Warning:  A non-numeric value encountered in /home/lottexylitolcom/public_html/staging.lottexylitol.com.vn/test/wp-random-list.php on line 136
[19-Dec-2025 09:23:50 UTC] PHP Warning:  A non-numeric value encountered in /home/lottexylitolcom/public_html/staging.lottexylitol.com.vn/test/wp-random-list.php on line 136
[19-Dec-2025 09:23:50 UTC] PHP Warning:  A non-numeric value encountered in /home/lottexylitolcom/public_html/staging.lottexylitol.com.vn/test/wp-random-list.php on line 136
[19-Dec-2025 09:23:50 UTC] PHP Warning:  A non-numeric value encountered in /home/lottexylitolcom/public_html/staging.lottexylitol.com.vn/test/wp-random-list.php on line 136
[19-Dec-2025 09:23:50 UTC] PHP Warning:  A non-numeric value encountered in /home/lottexylitolcom/public_html/staging.lottexylitol.com.vn/test/wp-random-list.php on line 136
[19-Dec-2025 09:23:50 UTC] PHP Warning:  A non-numeric value encountered in /home/lottexylitolcom/public_html/staging.lottexylitol.com.vn/test/wp-random-list.php on line 136
[19-Dec-2025 09:23:50 UTC] PHP Warning:  A non-numeric value encountered in /home/lottexylitolcom/public_html/staging.lottexylitol.com.vn/test/wp-random-list.php on line 136
[19-Dec-2025 09:23:50 UTC] PHP Warning:  A non-numeric value encountered in /home/lottexylitolcom/public_html/staging.lottexylitol.com.vn/test/wp-random-list.php on line 136
[19-Dec-2025 09:23:50 UTC] PHP Warning:  A non-numeric value encountered in /home/lottexylitolcom/public_html/staging.lottexylitol.com.vn/test/wp-random-list.php on line 136
[19-Dec-2025 09:23:50 UTC] PHP Warning:  A non-numeric value encountered in /home/lottexylitolcom/public_html/staging.lottexylitol.com.vn/test/wp-random-list.php on line 136
[19-Dec-2025 09:23:50 UTC] PHP Warning:  A non-numeric value encountered in /home/lottexylitolcom/public_html/staging.lottexylitol.com.vn/test/wp-random-list.php on line 136
[19-Dec-2025 09:23:50 UTC] PHP Warning:  A non-numeric value encountered in /home/lottexylitolcom/public_html/staging.lottexylitol.com.vn/test/wp-random-list.php on line 136
[19-Dec-2025 09:23:50 UTC] PHP Warning:  A non-numeric value encountered in /home/lottexylitolcom/public_html/staging.lottexylitol.com.vn/test/wp-random-list.php on line 136
[19-Dec-2025 09:23:50 UTC] PHP Warning:  A non-numeric value encountered in /home/lottexylitolcom/public_html/staging.lottexylitol.com.vn/test/wp-random-list.php on line 136
[19-Dec-2025 09:23:50 UTC] PHP Warning:  A non-numeric value encountered in /home/lottexylitolcom/public_html/staging.lottexylitol.com.vn/test/wp-random-list.php on line 136
[19-Dec-2025 09:23:50 UTC] PHP Warning:  A non-numeric value encountered in /home/lottexylitolcom/public_html/staging.lottexylitol.com.vn/test/wp-random-list.php on line 136
[19-Dec-2025 09:23:50 UTC] PHP Warning:  A non-numeric value encountered in /home/lottexylitolcom/public_html/staging.lottexylitol.com.vn/test/wp-random-list.php on line 136
[19-Dec-2025 09:23:50 UTC] PHP Warning:  A non-numeric value encountered in /home/lottexylitolcom/public_html/staging.lottexylitol.com.vn/test/wp-random-list.php on line 136
[19-Dec-2025 09:23:50 UTC] PHP Warning:  A non-numeric value encountered in /home/lottexylitolcom/public_html/staging.lottexylitol.com.vn/test/wp-random-list.php on line 136
[19-Dec-2025 09:23:50 UTC] PHP Warning:  A non-numeric value encountered in /home/lottexylitolcom/public_html/staging.lottexylitol.com.vn/test/wp-random-list.php on line 136
[19-Dec-2025 09:23:50 UTC] PHP Warning:  A non-numeric value encountered in /home/lottexylitolcom/public_html/staging.lottexylitol.com.vn/test/wp-random-list.php on line 136
[19-Dec-2025 09:23:50 UTC] PHP Warning:  A non-numeric value encountered in /home/lottexylitolcom/public_html/staging.lottexylitol.com.vn/test/wp-random-list.php on line 136
[19-Dec-2025 09:23:50 UTC] PHP Warning:  A non-numeric value encountered in /home/lottexylitolcom/public_html/staging.lottexylitol.com.vn/test/wp-random-list.php on line 136
[19-Dec-2025 09:23:50 UTC] PHP Warning:  A non-numeric value encountered in /home/lottexylitolcom/public_html/staging.lottexylitol.com.vn/test/wp-random-list.php on line 136
[19-Dec-2025 09:23:50 UTC] PHP Warning:  A non-numeric value encountered in /home/lottexylitolcom/public_html/staging.lottexylitol.com.vn/test/wp-random-list.php on line 136
[19-Dec-2025 09:23:50 UTC] PHP Warning:  A non-numeric value encountered in /home/lottexylitolcom/public_html/staging.lottexylitol.com.vn/test/wp-random-list.php on line 136
[19-Dec-2025 09:23:50 UTC] PHP Warning:  A non-numeric value encountered in /home/lottexylitolcom/public_html/staging.lottexylitol.com.vn/test/wp-random-list.php on line 136
[19-Dec-2025 09:23:50 UTC] PHP Warning:  A non-numeric value encountered in /home/lottexylitolcom/public_html/staging.lottexylitol.com.vn/test/wp-random-list.php on line 136
[19-Dec-2025 09:23:50 UTC] PHP Warning:  A non-numeric value encountered in /home/lottexylitolcom/public_html/staging.lottexylitol.com.vn/test/wp-random-list.php on line 136
[19-Dec-2025 09:23:50 UTC] PHP Warning:  A non-numeric value encountered in /home/lottexylitolcom/public_html/staging.lottexylitol.com.vn/test/wp-random-list.php on line 136
[19-Dec-2025 09:23:50 UTC] PHP Warning:  A non-numeric value encountered in /home/lottexylitolcom/public_html/staging.lottexylitol.com.vn/test/wp-random-list.php on line 136
[19-Dec-2025 09:23:50 UTC] PHP Warning:  A non-numeric value encountered in /home/lottexylitolcom/public_html/staging.lottexylitol.com.vn/test/wp-random-list.php on line 136
[19-Dec-2025 09:23:50 UTC] PHP Warning:  A non-numeric value encountered in /home/lottexylitolcom/public_html/staging.lottexylitol.com.vn/test/wp-random-list.php on line 136
[19-Dec-2025 09:23:50 UTC] PHP Warning:  A non-numeric value encountered in /home/lottexylitolcom/public_html/staging.lottexylitol.com.vn/test/wp-random-list.php on line 136
[19-Dec-2025 09:23:50 UTC] PHP Warning:  A non-numeric value encountered in /home/lottexylitolcom/public_html/staging.lottexylitol.com.vn/test/wp-random-list.php on line 136
[19-Dec-2025 09:23:50 UTC] PHP Warning:  A non-numeric value encountered in /home/lottexylitolcom/public_html/staging.lottexylitol.com.vn/test/wp-random-list.php on line 136
[19-Dec-2025 09:23:50 UTC] PHP Warning:  A non-numeric value encountered in /home/lottexylitolcom/public_html/staging.lottexylitol.com.vn/test/wp-random-list.php on line 136
[19-Dec-2025 09:23:50 UTC] PHP Warning:  A non-numeric value encountered in /home/lottexylitolcom/public_html/staging.lottexylitol.com.vn/test/wp-random-list.php on line 136
[19-Dec-2025 09:23:50 UTC] PHP Warning:  A non-numeric value encountered in /home/lottexylitolcom/public_html/staging.lottexylitol.com.vn/test/wp-random-list.php on line 136
[19-Dec-2025 09:23:50 UTC] PHP Warning:  A non-numeric value encountered in /home/lottexylitolcom/public_html/staging.lottexylitol.com.vn/test/wp-random-list.php on line 136
[19-Dec-2025 09:23:50 UTC] PHP Warning:  A non-numeric value encountered in /home/lottexylitolcom/public_html/staging.lottexylitol.com.vn/test/wp-random-list.php on line 136
[19-Dec-2025 09:23:50 UTC] PHP Warning:  A non-numeric value encountered in /home/lottexylitolcom/public_html/staging.lottexylitol.com.vn/test/wp-random-list.php on line 136
[19-Dec-2025 09:23:50 UTC] PHP Warning:  A non-numeric value encountered in /home/lottexylitolcom/public_html/staging.lottexylitol.com.vn/test/wp-random-list.php on line 136
[19-Dec-2025 09:23:50 UTC] PHP Warning:  A non-numeric value encountered in /home/lottexylitolcom/public_html/staging.lottexylitol.com.vn/test/wp-random-list.php on line 136
[19-Dec-2025 09:23:50 UTC] PHP Warning:  A non-numeric value encountered in /home/lottexylitolcom/public_html/staging.lottexylitol.com.vn/test/wp-random-list.php on line 136
[19-Dec-2025 09:23:50 UTC] PHP Warning:  A non-numeric value encountered in /home/lottexylitolcom/public_html/staging.lottexylitol.com.vn/test/wp-random-list.php on line 136
[19-Dec-2025 09:23:50 UTC] PHP Warning:  A non-numeric value encountered in /home/lottexylitolcom/public_html/staging.lottexylitol.com.vn/test/wp-random-list.php on line 136
[19-Dec-2025 09:23:50 UTC] PHP Warning:  A non-numeric value encountered in /home/lottexylitolcom/public_html/staging.lottexylitol.com.vn/test/wp-random-list.php on line 136
[19-Dec-2025 09:23:50 UTC] PHP Warning:  A non-numeric value encountered in /home/lottexylitolcom/public_html/staging.lottexylitol.com.vn/test/wp-random-list.php on line 136
[19-Dec-2025 09:23:50 UTC] PHP Warning:  A non-numeric value encountered in /home/lottexylitolcom/public_html/staging.lottexylitol.com.vn/test/wp-random-list.php on line 136
[19-Dec-2025 09:23:50 UTC] PHP Warning:  A non-numeric value encountered in /home/lottexylitolcom/public_html/staging.lottexylitol.com.vn/test/wp-random-list.php on line 136
[19-Dec-2025 09:23:50 UTC] PHP Warning:  A non-numeric value encountered in /home/lottexylitolcom/public_html/staging.lottexylitol.com.vn/test/wp-random-list.php on line 136
[19-Dec-2025 09:23:50 UTC] PHP Warning:  A non-numeric value encountered in /home/lottexylitolcom/public_html/staging.lottexylitol.com.vn/test/wp-random-list.php on line 136
[19-Dec-2025 09:23:50 UTC] PHP Warning:  A non-numeric value encountered in /home/lottexylitolcom/public_html/staging.lottexylitol.com.vn/test/wp-random-list.php on line 136
[19-Dec-2025 09:23:50 UTC] PHP Warning:  A non-numeric value encountered in /home/lottexylitolcom/public_html/staging.lottexylitol.com.vn/test/wp-random-list.php on line 136
[19-Dec-2025 09:23:50 UTC] PHP Warning:  A non-numeric value encountered in /home/lottexylitolcom/public_html/staging.lottexylitol.com.vn/test/wp-random-list.php on line 136
[19-Dec-2025 09:23:50 UTC] PHP Warning:  A non-numeric value encountered in /home/lottexylitolcom/public_html/staging.lottexylitol.com.vn/test/wp-random-list.php on line 136
[19-Dec-2025 09:23:50 UTC] PHP Warning:  A non-numeric value encountered in /home/lottexylitolcom/public_html/staging.lottexylitol.com.vn/test/wp-random-list.php on line 136
[19-Dec-2025 09:23:50 UTC] PHP Warning:  A non-numeric value encountered in /home/lottexylitolcom/public_html/staging.lottexylitol.com.vn/test/wp-random-list.php on line 136
[19-Dec-2025 09:23:50 UTC] PHP Warning:  A non-numeric value encountered in /home/lottexylitolcom/public_html/staging.lottexylitol.com.vn/test/wp-random-list.php on line 136
[19-Dec-2025 09:23:50 UTC] PHP Warning:  A non-numeric value encountered in /home/lottexylitolcom/public_html/staging.lottexylitol.com.vn/test/wp-random-list.php on line 136
[19-Dec-2025 09:23:50 UTC] PHP Warning:  A non-numeric value encountered in /home/lottexylitolcom/public_html/staging.lottexylitol.com.vn/test/wp-random-list.php on line 136
[19-Dec-2025 09:23:50 UTC] PHP Warning:  A non-numeric value encountered in /home/lottexylitolcom/public_html/staging.lottexylitol.com.vn/test/wp-random-list.php on line 136
[19-Dec-2025 09:23:50 UTC] PHP Warning:  A non-numeric value encountered in /home/lottexylitolcom/public_html/staging.lottexylitol.com.vn/test/wp-random-list.php on line 136
[19-Dec-2025 09:23:50 UTC] PHP Warning:  A non-numeric value encountered in /home/lottexylitolcom/public_html/staging.lottexylitol.com.vn/test/wp-random-list.php on line 136
[19-Dec-2025 09:23:50 UTC] PHP Warning:  A non-numeric value encountered in /home/lottexylitolcom/public_html/staging.lottexylitol.com.vn/test/wp-random-list.php on line 136
[19-Dec-2025 09:23:50 UTC] PHP Warning:  A non-numeric value encountered in /home/lottexylitolcom/public_html/staging.lottexylitol.com.vn/test/wp-random-list.php on line 136
[19-Dec-2025 09:23:50 UTC] PHP Warning:  A non-numeric value encountered in /home/lottexylitolcom/public_html/staging.lottexylitol.com.vn/test/wp-random-list.php on line 136
[19-Dec-2025 09:23:50 UTC] PHP Warning:  A non-numeric value encountered in /home/lottexylitolcom/public_html/staging.lottexylitol.com.vn/test/wp-random-list.php on line 136
[19-Dec-2025 09:23:50 UTC] PHP Warning:  A non-numeric value encountered in /home/lottexylitolcom/public_html/staging.lottexylitol.com.vn/test/wp-random-list.php on line 136
[19-Dec-2025 09:23:50 UTC] PHP Warning:  A non-numeric value encountered in /home/lottexylitolcom/public_html/staging.lottexylitol.com.vn/test/wp-random-list.php on line 136
[19-Dec-2025 09:23:50 UTC] PHP Warning:  A non-numeric value encountered in /home/lottexylitolcom/public_html/staging.lottexylitol.com.vn/test/wp-random-list.php on line 136
[19-Dec-2025 09:23:50 UTC] PHP Warning:  A non-numeric value encountered in /home/lottexylitolcom/public_html/staging.lottexylitol.com.vn/test/wp-random-list.php on line 136
[19-Dec-2025 09:23:50 UTC] PHP Warning:  A non-numeric value encountered in /home/lottexylitolcom/public_html/staging.lottexylitol.com.vn/test/wp-random-list.php on line 136
[19-Dec-2025 09:23:50 UTC] PHP Warning:  A non-numeric value encountered in /home/lottexylitolcom/public_html/staging.lottexylitol.com.vn/test/wp-random-list.php on line 136
[19-Dec-2025 09:23:50 UTC] PHP Warning:  A non-numeric value encountered in /home/lottexylitolcom/public_html/staging.lottexylitol.com.vn/test/wp-random-list.php on line 136
[19-Dec-2025 09:23:50 UTC] PHP Warning:  A non-numeric value encountered in /home/lottexylitolcom/public_html/staging.lottexylitol.com.vn/test/wp-random-list.php on line 136
[19-Dec-2025 09:23:50 UTC] PHP Warning:  A non-numeric value encountered in /home/lottexylitolcom/public_html/staging.lottexylitol.com.vn/test/wp-random-list.php on line 136
[19-Dec-2025 09:23:50 UTC] PHP Warning:  A non-numeric value encountered in /home/lottexylitolcom/public_html/staging.lottexylitol.com.vn/test/wp-random-list.php on line 136
[19-Dec-2025 09:23:50 UTC] PHP Warning:  A non-numeric value encountered in /home/lottexylitolcom/public_html/staging.lottexylitol.com.vn/test/wp-random-list.php on line 136
[19-Dec-2025 09:23:50 UTC] PHP Warning:  A non-numeric value encountered in /home/lottexylitolcom/public_html/staging.lottexylitol.com.vn/test/wp-random-list.php on line 136
[19-Dec-2025 09:23:50 UTC] PHP Warning:  A non-numeric value encountered in /home/lottexylitolcom/public_html/staging.lottexylitol.com.vn/test/wp-random-list.php on line 136
[19-Dec-2025 09:23:50 UTC] PHP Warning:  A non-numeric value encountered in /home/lottexylitolcom/public_html/staging.lottexylitol.com.vn/test/wp-random-list.php on line 136
[19-Dec-2025 09:23:50 UTC] PHP Warning:  A non-numeric value encountered in /home/lottexylitolcom/public_html/staging.lottexylitol.com.vn/test/wp-random-list.php on line 136
[19-Dec-2025 09:23:50 UTC] PHP Warning:  A non-numeric value encountered in /home/lottexylitolcom/public_html/staging.lottexylitol.com.vn/test/wp-random-list.php on line 136
[19-Dec-2025 09:23:50 UTC] PHP Warning:  A non-numeric value encountered in /home/lottexylitolcom/public_html/staging.lottexylitol.com.vn/test/wp-random-list.php on line 136
[19-Dec-2025 09:23:50 UTC] PHP Warning:  A non-numeric value encountered in /home/lottexylitolcom/public_html/staging.lottexylitol.com.vn/test/wp-random-list.php on line 136
[19-Dec-2025 09:23:50 UTC] PHP Warning:  A non-numeric value encountered in /home/lottexylitolcom/public_html/staging.lottexylitol.com.vn/test/wp-random-list.php on line 136
[19-Dec-2025 09:23:50 UTC] PHP Warning:  A non-numeric value encountered in /home/lottexylitolcom/public_html/staging.lottexylitol.com.vn/test/wp-random-list.php on line 136
[19-Dec-2025 09:23:50 UTC] PHP Warning:  A non-numeric value encountered in /home/lottexylitolcom/public_html/staging.lottexylitol.com.vn/test/wp-random-list.php on line 136
[19-Dec-2025 09:23:50 UTC] PHP Warning:  A non-numeric value encountered in /home/lottexylitolcom/public_html/staging.lottexylitol.com.vn/test/wp-random-list.php on line 136
[19-Dec-2025 09:23:50 UTC] PHP Warning:  A non-numeric value encountered in /home/lottexylitolcom/public_html/staging.lottexylitol.com.vn/test/wp-random-list.php on line 136
[19-Dec-2025 09:23:50 UTC] PHP Warning:  A non-numeric value encountered in /home/lottexylitolcom/public_html/staging.lottexylitol.com.vn/test/wp-random-list.php on line 136
[19-Dec-2025 09:23:50 UTC] PHP Warning:  A non-numeric value encountered in /home/lottexylitolcom/public_html/staging.lottexylitol.com.vn/test/wp-random-list.php on line 136
[19-Dec-2025 09:23:50 UTC] PHP Warning:  A non-numeric value encountered in /home/lottexylitolcom/public_html/staging.lottexylitol.com.vn/test/wp-random-list.php on line 136
[19-Dec-2025 09:23:50 UTC] PHP Warning:  A non-numeric value encountered in /home/lottexylitolcom/public_html/staging.lottexylitol.com.vn/test/wp-random-list.php on line 136
[19-Dec-2025 09:23:50 UTC] PHP Warning:  A non-numeric value encountered in /home/lottexylitolcom/public_html/staging.lottexylitol.com.vn/test/wp-random-list.php on line 136
[19-Dec-2025 09:23:50 UTC] PHP Warning:  A non-numeric value encountered in /home/lottexylitolcom/public_html/staging.lottexylitol.com.vn/test/wp-random-list.php on line 136
[19-Dec-2025 09:23:50 UTC] PHP Warning:  A non-numeric value encountered in /home/lottexylitolcom/public_html/staging.lottexylitol.com.vn/test/wp-random-list.php on line 136
[19-Dec-2025 09:23:50 UTC] PHP Warning:  A non-numeric value encountered in /home/lottexylitolcom/public_html/staging.lottexylitol.com.vn/test/wp-random-list.php on line 136
[19-Dec-2025 09:23:50 UTC] PHP Warning:  A non-numeric value encountered in /home/lottexylitolcom/public_html/staging.lottexylitol.com.vn/test/wp-random-list.php on line 136
[19-Dec-2025 09:23:50 UTC] PHP Warning:  A non-numeric value encountered in /home/lottexylitolcom/public_html/staging.lottexylitol.com.vn/test/wp-random-list.php on line 136
[19-Dec-2025 09:23:50 UTC] PHP Warning:  A non-numeric value encountered in /home/lottexylitolcom/public_html/staging.lottexylitol.com.vn/test/wp-random-list.php on line 136
[19-Dec-2025 09:23:50 UTC] PHP Warning:  A non-numeric value encountered in /home/lottexylitolcom/public_html/staging.lottexylitol.com.vn/test/wp-random-list.php on line 136
[19-Dec-2025 09:23:50 UTC] PHP Warning:  A non-numeric value encountered in /home/lottexylitolcom/public_html/staging.lottexylitol.com.vn/test/wp-random-list.php on line 136
[19-Dec-2025 09:23:50 UTC] PHP Warning:  A non-numeric value encountered in /home/lottexylitolcom/public_html/staging.lottexylitol.com.vn/test/wp-random-list.php on line 136
[19-Dec-2025 09:23:50 UTC] PHP Warning:  A non-numeric value encountered in /home/lottexylitolcom/public_html/staging.lottexylitol.com.vn/test/wp-random-list.php on line 136
[19-Dec-2025 09:23:50 UTC] PHP Warning:  A non-numeric value encountered in /home/lottexylitolcom/public_html/staging.lottexylitol.com.vn/test/wp-random-list.php on line 136
[19-Dec-2025 09:23:50 UTC] PHP Warning:  A non-numeric value encountered in /home/lottexylitolcom/public_html/staging.lottexylitol.com.vn/test/wp-random-list.php on line 136
[19-Dec-2025 09:23:50 UTC] PHP Warning:  A non-numeric value encountered in /home/lottexylitolcom/public_html/staging.lottexylitol.com.vn/test/wp-random-list.php on line 136
[19-Dec-2025 09:23:50 UTC] PHP Warning:  A non-numeric value encountered in /home/lottexylitolcom/public_html/staging.lottexylitol.com.vn/test/wp-random-list.php on line 136
[19-Dec-2025 09:23:50 UTC] PHP Warning:  A non-numeric value encountered in /home/lottexylitolcom/public_html/staging.lottexylitol.com.vn/test/wp-random-list.php on line 136
[19-Dec-2025 09:23:50 UTC] PHP Warning:  A non-numeric value encountered in /home/lottexylitolcom/public_html/staging.lottexylitol.com.vn/test/wp-random-list.php on line 136
[19-Dec-2025 09:23:50 UTC] PHP Warning:  A non-numeric value encountered in /home/lottexylitolcom/public_html/staging.lottexylitol.com.vn/test/wp-random-list.php on line 136
[19-Dec-2025 09:23:50 UTC] PHP Warning:  A non-numeric value encountered in /home/lottexylitolcom/public_html/staging.lottexylitol.com.vn/test/wp-random-list.php on line 136
[19-Dec-2025 09:23:50 UTC] PHP Warning:  A non-numeric value encountered in /home/lottexylitolcom/public_html/staging.lottexylitol.com.vn/test/wp-random-list.php on line 136
[19-Dec-2025 09:23:50 UTC] PHP Warning:  A non-numeric value encountered in /home/lottexylitolcom/public_html/staging.lottexylitol.com.vn/test/wp-random-list.php on line 136
[19-Dec-2025 09:23:50 UTC] PHP Warning:  A non-numeric value encountered in /home/lottexylitolcom/public_html/staging.lottexylitol.com.vn/test/wp-random-list.php on line 136
[19-Dec-2025 09:23:50 UTC] PHP Warning:  A non-numeric value encountered in /home/lottexylitolcom/public_html/staging.lottexylitol.com.vn/test/wp-random-list.php on line 136
[19-Dec-2025 09:23:50 UTC] PHP Warning:  A non-numeric value encountered in /home/lottexylitolcom/public_html/staging.lottexylitol.com.vn/test/wp-random-list.php on line 136
[19-Dec-2025 09:23:50 UTC] PHP Warning:  A non-numeric value encountered in /home/lottexylitolcom/public_html/staging.lottexylitol.com.vn/test/wp-random-list.php on line 136
[19-Dec-2025 09:23:50 UTC] PHP Warning:  A non-numeric value encountered in /home/lottexylitolcom/public_html/staging.lottexylitol.com.vn/test/wp-random-list.php on line 136
[19-Dec-2025 09:23:50 UTC] PHP Warning:  A non-numeric value encountered in /home/lottexylitolcom/public_html/staging.lottexylitol.com.vn/test/wp-random-list.php on line 136
[19-Dec-2025 09:23:50 UTC] PHP Warning:  A non-numeric value encountered in /home/lottexylitolcom/public_html/staging.lottexylitol.com.vn/test/wp-random-list.php on line 136
[19-Dec-2025 09:23:50 UTC] PHP Warning:  A non-numeric value encountered in /home/lottexylitolcom/public_html/staging.lottexylitol.com.vn/test/wp-random-list.php on line 136
[19-Dec-2025 09:23:50 UTC] PHP Warning:  A non-numeric value encountered in /home/lottexylitolcom/public_html/staging.lottexylitol.com.vn/test/wp-random-list.php on line 136
[19-Dec-2025 09:23:50 UTC] PHP Warning:  A non-numeric value encountered in /home/lottexylitolcom/public_html/staging.lottexylitol.com.vn/test/wp-random-list.php on line 136
[19-Dec-2025 09:23:50 UTC] PHP Warning:  A non-numeric value encountered in /home/lottexylitolcom/public_html/staging.lottexylitol.com.vn/test/wp-random-list.php on line 136
[19-Dec-2025 09:23:50 UTC] PHP Warning:  A non-numeric value encountered in /home/lottexylitolcom/public_html/staging.lottexylitol.com.vn/test/wp-random-list.php on line 136
[19-Dec-2025 09:23:50 UTC] PHP Warning:  A non-numeric value encountered in /home/lottexylitolcom/public_html/staging.lottexylitol.com.vn/test/wp-random-list.php on line 136
[19-Dec-2025 09:23:50 UTC] PHP Warning:  A non-numeric value encountered in /home/lottexylitolcom/public_html/staging.lottexylitol.com.vn/test/wp-random-list.php on line 136
[19-Dec-2025 09:23:50 UTC] PHP Warning:  A non-numeric value encountered in /home/lottexylitolcom/public_html/staging.lottexylitol.com.vn/test/wp-random-list.php on line 136
[19-Dec-2025 09:23:50 UTC] PHP Warning:  A non-numeric value encountered in /home/lottexylitolcom/public_html/staging.lottexylitol.com.vn/test/wp-random-list.php on line 136
[19-Dec-2025 09:23:50 UTC] PHP Warning:  A non-numeric value encountered in /home/lottexylitolcom/public_html/staging.lottexylitol.com.vn/test/wp-random-list.php on line 136
[19-Dec-2025 09:23:50 UTC] PHP Warning:  A non-numeric value encountered in /home/lottexylitolcom/public_html/staging.lottexylitol.com.vn/test/wp-random-list.php on line 136
[19-Dec-2025 09:23:50 UTC] PHP Warning:  A non-numeric value encountered in /home/lottexylitolcom/public_html/staging.lottexylitol.com.vn/test/wp-random-list.php on line 136
[19-Dec-2025 09:23:50 UTC] PHP Warning:  A non-numeric value encountered in /home/lottexylitolcom/public_html/staging.lottexylitol.com.vn/test/wp-random-list.php on line 136
[19-Dec-2025 09:23:50 UTC] PHP Warning:  A non-numeric value encountered in /home/lottexylitolcom/public_html/staging.lottexylitol.com.vn/test/wp-random-list.php on line 136
[19-Dec-2025 09:23:50 UTC] PHP Warning:  A non-numeric value encountered in /home/lottexylitolcom/public_html/staging.lottexylitol.com.vn/test/wp-random-list.php on line 136
[19-Dec-2025 09:23:50 UTC] PHP Warning:  A non-numeric value encountered in /home/lottexylitolcom/public_html/staging.lottexylitol.com.vn/test/wp-random-list.php on line 136
[19-Dec-2025 09:23:50 UTC] PHP Warning:  A non-numeric value encountered in /home/lottexylitolcom/public_html/staging.lottexylitol.com.vn/test/wp-random-list.php on line 136
[19-Dec-2025 09:23:50 UTC] PHP Warning:  A non-numeric value encountered in /home/lottexylitolcom/public_html/staging.lottexylitol.com.vn/test/wp-random-list.php on line 136
[19-Dec-2025 09:23:50 UTC] PHP Warning:  A non-numeric value encountered in /home/lottexylitolcom/public_html/staging.lottexylitol.com.vn/test/wp-random-list.php on line 136
[19-Dec-2025 09:23:50 UTC] PHP Warning:  A non-numeric value encountered in /home/lottexylitolcom/public_html/staging.lottexylitol.com.vn/test/wp-random-list.php on line 136
[19-Dec-2025 09:23:50 UTC] PHP Warning:  A non-numeric value encountered in /home/lottexylitolcom/public_html/staging.lottexylitol.com.vn/test/wp-random-list.php on line 136
[19-Dec-2025 09:23:50 UTC] PHP Warning:  A non-numeric value encountered in /home/lottexylitolcom/public_html/staging.lottexylitol.com.vn/test/wp-random-list.php on line 136
[19-Dec-2025 09:23:50 UTC] PHP Warning:  A non-numeric value encountered in /home/lottexylitolcom/public_html/staging.lottexylitol.com.vn/test/wp-random-list.php on line 136
[19-Dec-2025 09:23:50 UTC] PHP Warning:  A non-numeric value encountered in /home/lottexylitolcom/public_html/staging.lottexylitol.com.vn/test/wp-random-list.php on line 136
[19-Dec-2025 09:23:50 UTC] PHP Warning:  A non-numeric value encountered in /home/lottexylitolcom/public_html/staging.lottexylitol.com.vn/test/wp-random-list.php on line 136
[19-Dec-2025 09:23:50 UTC] PHP Warning:  A non-numeric value encountered in /home/lottexylitolcom/public_html/staging.lottexylitol.com.vn/test/wp-random-list.php on line 136
[19-Dec-2025 09:23:50 UTC] PHP Warning:  A non-numeric value encountered in /home/lottexylitolcom/public_html/staging.lottexylitol.com.vn/test/wp-random-list.php on line 136
[19-Dec-2025 09:23:50 UTC] PHP Warning:  A non-numeric value encountered in /home/lottexylitolcom/public_html/staging.lottexylitol.com.vn/test/wp-random-list.php on line 136
[19-Dec-2025 09:23:50 UTC] PHP Warning:  A non-numeric value encountered in /home/lottexylitolcom/public_html/staging.lottexylitol.com.vn/test/wp-random-list.php on line 136
[19-Dec-2025 09:23:50 UTC] PHP Warning:  A non-numeric value encountered in /home/lottexylitolcom/public_html/staging.lottexylitol.com.vn/test/wp-random-list.php on line 136
[19-Dec-2025 09:23:50 UTC] PHP Warning:  A non-numeric value encountered in /home/lottexylitolcom/public_html/staging.lottexylitol.com.vn/test/wp-random-list.php on line 136
[19-Dec-2025 09:23:50 UTC] PHP Warning:  A non-numeric value encountered in /home/lottexylitolcom/public_html/staging.lottexylitol.com.vn/test/wp-random-list.php on line 136
[19-Dec-2025 09:23:50 UTC] PHP Warning:  A non-numeric value encountered in /home/lottexylitolcom/public_html/staging.lottexylitol.com.vn/test/wp-random-list.php on line 136
[19-Dec-2025 09:23:50 UTC] PHP Warning:  A non-numeric value encountered in /home/lottexylitolcom/public_html/staging.lottexylitol.com.vn/test/wp-random-list.php on line 136
[19-Dec-2025 09:23:50 UTC] PHP Warning:  A non-numeric value encountered in /home/lottexylitolcom/public_html/staging.lottexylitol.com.vn/test/wp-random-list.php on line 136
[19-Dec-2025 09:23:50 UTC] PHP Warning:  A non-numeric value encountered in /home/lottexylitolcom/public_html/staging.lottexylitol.com.vn/test/wp-random-list.php on line 136
[19-Dec-2025 09:23:50 UTC] PHP Warning:  A non-numeric value encountered in /home/lottexylitolcom/public_html/staging.lottexylitol.com.vn/test/wp-random-list.php on line 136
[19-Dec-2025 09:23:50 UTC] PHP Warning:  A non-numeric value encountered in /home/lottexylitolcom/public_html/staging.lottexylitol.com.vn/test/wp-random-list.php on line 136
[19-Dec-2025 09:23:50 UTC] PHP Warning:  A non-numeric value encountered in /home/lottexylitolcom/public_html/staging.lottexylitol.com.vn/test/wp-random-list.php on line 136
[19-Dec-2025 09:23:50 UTC] PHP Warning:  A non-numeric value encountered in /home/lottexylitolcom/public_html/staging.lottexylitol.com.vn/test/wp-random-list.php on line 136
[19-Dec-2025 09:23:50 UTC] PHP Warning:  A non-numeric value encountered in /home/lottexylitolcom/public_html/staging.lottexylitol.com.vn/test/wp-random-list.php on line 136
[19-Dec-2025 09:23:50 UTC] PHP Warning:  A non-numeric value encountered in /home/lottexylitolcom/public_html/staging.lottexylitol.com.vn/test/wp-random-list.php on line 136
[19-Dec-2025 09:23:50 UTC] PHP Warning:  A non-numeric value encountered in /home/lottexylitolcom/public_html/staging.lottexylitol.com.vn/test/wp-random-list.php on line 136
[19-Dec-2025 09:23:50 UTC] PHP Warning:  A non-numeric value encountered in /home/lottexylitolcom/public_html/staging.lottexylitol.com.vn/test/wp-random-list.php on line 136
[19-Dec-2025 09:23:50 UTC] PHP Warning:  A non-numeric value encountered in /home/lottexylitolcom/public_html/staging.lottexylitol.com.vn/test/wp-random-list.php on line 136
[19-Dec-2025 09:23:50 UTC] PHP Warning:  A non-numeric value encountered in /home/lottexylitolcom/public_html/staging.lottexylitol.com.vn/test/wp-random-list.php on line 136
[19-Dec-2025 09:23:50 UTC] PHP Warning:  A non-numeric value encountered in /home/lottexylitolcom/public_html/staging.lottexylitol.com.vn/test/wp-random-list.php on line 136
[19-Dec-2025 09:23:50 UTC] PHP Warning:  A non-numeric value encountered in /home/lottexylitolcom/public_html/staging.lottexylitol.com.vn/test/wp-random-list.php on line 136
[19-Dec-2025 09:23:50 UTC] PHP Warning:  A non-numeric value encountered in /home/lottexylitolcom/public_html/staging.lottexylitol.com.vn/test/wp-random-list.php on line 136
[19-Dec-2025 09:23:50 UTC] PHP Warning:  A non-numeric value encountered in /home/lottexylitolcom/public_html/staging.lottexylitol.com.vn/test/wp-random-list.php on line 136
[19-Dec-2025 09:23:50 UTC] PHP Warning:  A non-numeric value encountered in /home/lottexylitolcom/public_html/staging.lottexylitol.com.vn/test/wp-random-list.php on line 136
[19-Dec-2025 09:23:50 UTC] PHP Warning:  A non-numeric value encountered in /home/lottexylitolcom/public_html/staging.lottexylitol.com.vn/test/wp-random-list.php on line 136
[19-Dec-2025 09:23:50 UTC] PHP Warning:  A non-numeric value encountered in /home/lottexylitolcom/public_html/staging.lottexylitol.com.vn/test/wp-random-list.php on line 136
[19-Dec-2025 09:23:50 UTC] PHP Warning:  A non-numeric value encountered in /home/lottexylitolcom/public_html/staging.lottexylitol.com.vn/test/wp-random-list.php on line 136
[19-Dec-2025 09:23:50 UTC] PHP Warning:  A non-numeric value encountered in /home/lottexylitolcom/public_html/staging.lottexylitol.com.vn/test/wp-random-list.php on line 136
[19-Dec-2025 09:23:50 UTC] PHP Warning:  A non-numeric value encountered in /home/lottexylitolcom/public_html/staging.lottexylitol.com.vn/test/wp-random-list.php on line 136
[19-Dec-2025 09:23:50 UTC] PHP Warning:  A non-numeric value encountered in /home/lottexylitolcom/public_html/staging.lottexylitol.com.vn/test/wp-random-list.php on line 136
[19-Dec-2025 09:23:50 UTC] PHP Warning:  A non-numeric value encountered in /home/lottexylitolcom/public_html/staging.lottexylitol.com.vn/test/wp-random-list.php on line 136
[19-Dec-2025 09:23:50 UTC] PHP Warning:  A non-numeric value encountered in /home/lottexylitolcom/public_html/staging.lottexylitol.com.vn/test/wp-random-list.php on line 136
[19-Dec-2025 09:23:50 UTC] PHP Warning:  A non-numeric value encountered in /home/lottexylitolcom/public_html/staging.lottexylitol.com.vn/test/wp-random-list.php on line 136
[19-Dec-2025 09:23:50 UTC] PHP Warning:  A non-numeric value encountered in /home/lottexylitolcom/public_html/staging.lottexylitol.com.vn/test/wp-random-list.php on line 136
[19-Dec-2025 09:23:50 UTC] PHP Warning:  A non-numeric value encountered in /home/lottexylitolcom/public_html/staging.lottexylitol.com.vn/test/wp-random-list.php on line 136
[19-Dec-2025 09:23:50 UTC] PHP Warning:  A non-numeric value encountered in /home/lottexylitolcom/public_html/staging.lottexylitol.com.vn/test/wp-random-list.php on line 136
[19-Dec-2025 09:23:50 UTC] PHP Warning:  A non-numeric value encountered in /home/lottexylitolcom/public_html/staging.lottexylitol.com.vn/test/wp-random-list.php on line 136
[19-Dec-2025 09:23:50 UTC] PHP Warning:  A non-numeric value encountered in /home/lottexylitolcom/public_html/staging.lottexylitol.com.vn/test/wp-random-list.php on line 136
[19-Dec-2025 09:23:50 UTC] PHP Warning:  A non-numeric value encountered in /home/lottexylitolcom/public_html/staging.lottexylitol.com.vn/test/wp-random-list.php on line 136
[19-Dec-2025 09:23:50 UTC] PHP Warning:  A non-numeric value encountered in /home/lottexylitolcom/public_html/staging.lottexylitol.com.vn/test/wp-random-list.php on line 136
[19-Dec-2025 09:23:50 UTC] PHP Warning:  A non-numeric value encountered in /home/lottexylitolcom/public_html/staging.lottexylitol.com.vn/test/wp-random-list.php on line 136
[19-Dec-2025 09:23:50 UTC] PHP Warning:  A non-numeric value encountered in /home/lottexylitolcom/public_html/staging.lottexylitol.com.vn/test/wp-random-list.php on line 136
[19-Dec-2025 09:23:50 UTC] PHP Warning:  A non-numeric value encountered in /home/lottexylitolcom/public_html/staging.lottexylitol.com.vn/test/wp-random-list.php on line 136
[19-Dec-2025 09:23:50 UTC] PHP Warning:  A non-numeric value encountered in /home/lottexylitolcom/public_html/staging.lottexylitol.com.vn/test/wp-random-list.php on line 136
[19-Dec-2025 09:23:50 UTC] PHP Warning:  A non-numeric value encountered in /home/lottexylitolcom/public_html/staging.lottexylitol.com.vn/test/wp-random-list.php on line 136
[19-Dec-2025 09:23:50 UTC] PHP Warning:  A non-numeric value encountered in /home/lottexylitolcom/public_html/staging.lottexylitol.com.vn/test/wp-random-list.php on line 136
[19-Dec-2025 09:23:50 UTC] PHP Warning:  A non-numeric value encountered in /home/lottexylitolcom/public_html/staging.lottexylitol.com.vn/test/wp-random-list.php on line 136
[19-Dec-2025 09:23:50 UTC] PHP Warning:  A non-numeric value encountered in /home/lottexylitolcom/public_html/staging.lottexylitol.com.vn/test/wp-random-list.php on line 136
[19-Dec-2025 09:23:50 UTC] PHP Warning:  A non-numeric value encountered in /home/lottexylitolcom/public_html/staging.lottexylitol.com.vn/test/wp-random-list.php on line 136
[19-Dec-2025 09:23:50 UTC] PHP Warning:  A non-numeric value encountered in /home/lottexylitolcom/public_html/staging.lottexylitol.com.vn/test/wp-random-list.php on line 136
[19-Dec-2025 09:23:50 UTC] PHP Warning:  A non-numeric value encountered in /home/lottexylitolcom/public_html/staging.lottexylitol.com.vn/test/wp-random-list.php on line 136
[19-Dec-2025 09:23:50 UTC] PHP Warning:  A non-numeric value encountered in /home/lottexylitolcom/public_html/staging.lottexylitol.com.vn/test/wp-random-list.php on line 136
[19-Dec-2025 09:23:50 UTC] PHP Warning:  A non-numeric value encountered in /home/lottexylitolcom/public_html/staging.lottexylitol.com.vn/test/wp-random-list.php on line 136
[19-Dec-2025 09:23:50 UTC] PHP Warning:  A non-numeric value encountered in /home/lottexylitolcom/public_html/staging.lottexylitol.com.vn/test/wp-random-list.php on line 136
[19-Dec-2025 09:23:50 UTC] PHP Warning:  A non-numeric value encountered in /home/lottexylitolcom/public_html/staging.lottexylitol.com.vn/test/wp-random-list.php on line 136
[19-Dec-2025 09:23:50 UTC] PHP Warning:  A non-numeric value encountered in /home/lottexylitolcom/public_html/staging.lottexylitol.com.vn/test/wp-random-list.php on line 136
[19-Dec-2025 09:23:50 UTC] PHP Warning:  A non-numeric value encountered in /home/lottexylitolcom/public_html/staging.lottexylitol.com.vn/test/wp-random-list.php on line 136
[19-Dec-2025 09:23:50 UTC] PHP Warning:  A non-numeric value encountered in /home/lottexylitolcom/public_html/staging.lottexylitol.com.vn/test/wp-random-list.php on line 136
[19-Dec-2025 09:23:50 UTC] PHP Warning:  A non-numeric value encountered in /home/lottexylitolcom/public_html/staging.lottexylitol.com.vn/test/wp-random-list.php on line 136
[19-Dec-2025 09:23:50 UTC] PHP Warning:  A non-numeric value encountered in /home/lottexylitolcom/public_html/staging.lottexylitol.com.vn/test/wp-random-list.php on line 136
[19-Dec-2025 09:23:50 UTC] PHP Warning:  A non-numeric value encountered in /home/lottexylitolcom/public_html/staging.lottexylitol.com.vn/test/wp-random-list.php on line 136
[19-Dec-2025 09:23:50 UTC] PHP Warning:  A non-numeric value encountered in /home/lottexylitolcom/public_html/staging.lottexylitol.com.vn/test/wp-random-list.php on line 136
[19-Dec-2025 09:23:50 UTC] PHP Warning:  A non-numeric value encountered in /home/lottexylitolcom/public_html/staging.lottexylitol.com.vn/test/wp-random-list.php on line 136
[19-Dec-2025 09:23:50 UTC] PHP Warning:  A non-numeric value encountered in /home/lottexylitolcom/public_html/staging.lottexylitol.com.vn/test/wp-random-list.php on line 136
[19-Dec-2025 09:23:50 UTC] PHP Warning:  A non-numeric value encountered in /home/lottexylitolcom/public_html/staging.lottexylitol.com.vn/test/wp-random-list.php on line 136
[19-Dec-2025 09:23:50 UTC] PHP Warning:  A non-numeric value encountered in /home/lottexylitolcom/public_html/staging.lottexylitol.com.vn/test/wp-random-list.php on line 136
[19-Dec-2025 09:23:50 UTC] PHP Warning:  A non-numeric value encountered in /home/lottexylitolcom/public_html/staging.lottexylitol.com.vn/test/wp-random-list.php on line 136
[19-Dec-2025 09:23:50 UTC] PHP Warning:  A non-numeric value encountered in /home/lottexylitolcom/public_html/staging.lottexylitol.com.vn/test/wp-random-list.php on line 136
[19-Dec-2025 09:23:50 UTC] PHP Warning:  A non-numeric value encountered in /home/lottexylitolcom/public_html/staging.lottexylitol.com.vn/test/wp-random-list.php on line 136
[19-Dec-2025 09:23:50 UTC] PHP Warning:  A non-numeric value encountered in /home/lottexylitolcom/public_html/staging.lottexylitol.com.vn/test/wp-random-list.php on line 136
[19-Dec-2025 09:23:50 UTC] PHP Warning:  A non-numeric value encountered in /home/lottexylitolcom/public_html/staging.lottexylitol.com.vn/test/wp-random-list.php on line 136
[19-Dec-2025 09:23:50 UTC] PHP Warning:  A non-numeric value encountered in /home/lottexylitolcom/public_html/staging.lottexylitol.com.vn/test/wp-random-list.php on line 136
[19-Dec-2025 09:23:50 UTC] PHP Warning:  A non-numeric value encountered in /home/lottexylitolcom/public_html/staging.lottexylitol.com.vn/test/wp-random-list.php on line 136
[19-Dec-2025 09:23:50 UTC] PHP Warning:  A non-numeric value encountered in /home/lottexylitolcom/public_html/staging.lottexylitol.com.vn/test/wp-random-list.php on line 136
[19-Dec-2025 09:23:50 UTC] PHP Warning:  A non-numeric value encountered in /home/lottexylitolcom/public_html/staging.lottexylitol.com.vn/test/wp-random-list.php on line 136
[19-Dec-2025 09:23:50 UTC] PHP Warning:  A non-numeric value encountered in /home/lottexylitolcom/public_html/staging.lottexylitol.com.vn/test/wp-random-list.php on line 136
[19-Dec-2025 09:23:50 UTC] PHP Warning:  A non-numeric value encountered in /home/lottexylitolcom/public_html/staging.lottexylitol.com.vn/test/wp-random-list.php on line 136
[19-Dec-2025 09:23:50 UTC] PHP Warning:  A non-numeric value encountered in /home/lottexylitolcom/public_html/staging.lottexylitol.com.vn/test/wp-random-list.php on line 136
[19-Dec-2025 09:23:50 UTC] PHP Warning:  A non-numeric value encountered in /home/lottexylitolcom/public_html/staging.lottexylitol.com.vn/test/wp-random-list.php on line 136
[19-Dec-2025 09:23:50 UTC] PHP Warning:  A non-numeric value encountered in /home/lottexylitolcom/public_html/staging.lottexylitol.com.vn/test/wp-random-list.php on line 136
[19-Dec-2025 09:23:50 UTC] PHP Warning:  A non-numeric value encountered in /home/lottexylitolcom/public_html/staging.lottexylitol.com.vn/test/wp-random-list.php on line 136
[19-Dec-2025 09:23:50 UTC] PHP Warning:  A non-numeric value encountered in /home/lottexylitolcom/public_html/staging.lottexylitol.com.vn/test/wp-random-list.php on line 136
[19-Dec-2025 09:23:53 UTC] PHP Warning:  A non-numeric value encountered in /home/lottexylitolcom/public_html/staging.lottexylitol.com.vn/test/wp-random-list.php on line 136
[19-Dec-2025 09:23:53 UTC] PHP Warning:  A non-numeric value encountered in /home/lottexylitolcom/public_html/staging.lottexylitol.com.vn/test/wp-random-list.php on line 136
[19-Dec-2025 09:23:53 UTC] PHP Warning:  A non-numeric value encountered in /home/lottexylitolcom/public_html/staging.lottexylitol.com.vn/test/wp-random-list.php on line 136
[19-Dec-2025 09:23:53 UTC] PHP Warning:  A non-numeric value encountered in /home/lottexylitolcom/public_html/staging.lottexylitol.com.vn/test/wp-random-list.php on line 136
[19-Dec-2025 09:23:53 UTC] PHP Warning:  A non-numeric value encountered in /home/lottexylitolcom/public_html/staging.lottexylitol.com.vn/test/wp-random-list.php on line 136
[19-Dec-2025 09:23:53 UTC] PHP Warning:  A non-numeric value encountered in /home/lottexylitolcom/public_html/staging.lottexylitol.com.vn/test/wp-random-list.php on line 136
[19-Dec-2025 09:23:53 UTC] PHP Warning:  A non-numeric value encountered in /home/lottexylitolcom/public_html/staging.lottexylitol.com.vn/test/wp-random-list.php on line 136
[19-Dec-2025 09:23:53 UTC] PHP Warning:  A non-numeric value encountered in /home/lottexylitolcom/public_html/staging.lottexylitol.com.vn/test/wp-random-list.php on line 136
[19-Dec-2025 09:23:53 UTC] PHP Warning:  A non-numeric value encountered in /home/lottexylitolcom/public_html/staging.lottexylitol.com.vn/test/wp-random-list.php on line 136
[19-Dec-2025 09:23:53 UTC] PHP Warning:  A non-numeric value encountered in /home/lottexylitolcom/public_html/staging.lottexylitol.com.vn/test/wp-random-list.php on line 136
[19-Dec-2025 09:23:53 UTC] PHP Warning:  A non-numeric value encountered in /home/lottexylitolcom/public_html/staging.lottexylitol.com.vn/test/wp-random-list.php on line 136
[19-Dec-2025 09:23:53 UTC] PHP Warning:  A non-numeric value encountered in /home/lottexylitolcom/public_html/staging.lottexylitol.com.vn/test/wp-random-list.php on line 136
[19-Dec-2025 09:23:53 UTC] PHP Warning:  A non-numeric value encountered in /home/lottexylitolcom/public_html/staging.lottexylitol.com.vn/test/wp-random-list.php on line 136
[19-Dec-2025 09:23:53 UTC] PHP Warning:  A non-numeric value encountered in /home/lottexylitolcom/public_html/staging.lottexylitol.com.vn/test/wp-random-list.php on line 136
[19-Dec-2025 09:23:53 UTC] PHP Warning:  A non-numeric value encountered in /home/lottexylitolcom/public_html/staging.lottexylitol.com.vn/test/wp-random-list.php on line 136
[19-Dec-2025 09:23:53 UTC] PHP Warning:  A non-numeric value encountered in /home/lottexylitolcom/public_html/staging.lottexylitol.com.vn/test/wp-random-list.php on line 136
[19-Dec-2025 09:23:53 UTC] PHP Warning:  A non-numeric value encountered in /home/lottexylitolcom/public_html/staging.lottexylitol.com.vn/test/wp-random-list.php on line 136
[19-Dec-2025 09:23:53 UTC] PHP Warning:  A non-numeric value encountered in /home/lottexylitolcom/public_html/staging.lottexylitol.com.vn/test/wp-random-list.php on line 136
[19-Dec-2025 09:23:53 UTC] PHP Warning:  A non-numeric value encountered in /home/lottexylitolcom/public_html/staging.lottexylitol.com.vn/test/wp-random-list.php on line 136
[19-Dec-2025 09:23:53 UTC] PHP Warning:  A non-numeric value encountered in /home/lottexylitolcom/public_html/staging.lottexylitol.com.vn/test/wp-random-list.php on line 136
[19-Dec-2025 09:23:53 UTC] PHP Warning:  A non-numeric value encountered in /home/lottexylitolcom/public_html/staging.lottexylitol.com.vn/test/wp-random-list.php on line 136
[19-Dec-2025 09:23:53 UTC] PHP Warning:  A non-numeric value encountered in /home/lottexylitolcom/public_html/staging.lottexylitol.com.vn/test/wp-random-list.php on line 136
[19-Dec-2025 09:23:53 UTC] PHP Warning:  A non-numeric value encountered in /home/lottexylitolcom/public_html/staging.lottexylitol.com.vn/test/wp-random-list.php on line 136
[19-Dec-2025 09:23:53 UTC] PHP Warning:  A non-numeric value encountered in /home/lottexylitolcom/public_html/staging.lottexylitol.com.vn/test/wp-random-list.php on line 136
[19-Dec-2025 09:23:53 UTC] PHP Warning:  A non-numeric value encountered in /home/lottexylitolcom/public_html/staging.lottexylitol.com.vn/test/wp-random-list.php on line 136
[19-Dec-2025 09:23:53 UTC] PHP Warning:  A non-numeric value encountered in /home/lottexylitolcom/public_html/staging.lottexylitol.com.vn/test/wp-random-list.php on line 136
[19-Dec-2025 09:23:53 UTC] PHP Warning:  A non-numeric value encountered in /home/lottexylitolcom/public_html/staging.lottexylitol.com.vn/test/wp-random-list.php on line 136
[19-Dec-2025 09:23:53 UTC] PHP Warning:  A non-numeric value encountered in /home/lottexylitolcom/public_html/staging.lottexylitol.com.vn/test/wp-random-list.php on line 136
[19-Dec-2025 09:23:53 UTC] PHP Warning:  A non-numeric value encountered in /home/lottexylitolcom/public_html/staging.lottexylitol.com.vn/test/wp-random-list.php on line 136
[19-Dec-2025 09:23:53 UTC] PHP Warning:  A non-numeric value encountered in /home/lottexylitolcom/public_html/staging.lottexylitol.com.vn/test/wp-random-list.php on line 136
[19-Dec-2025 09:23:53 UTC] PHP Warning:  A non-numeric value encountered in /home/lottexylitolcom/public_html/staging.lottexylitol.com.vn/test/wp-random-list.php on line 136
[19-Dec-2025 09:23:53 UTC] PHP Warning:  A non-numeric value encountered in /home/lottexylitolcom/public_html/staging.lottexylitol.com.vn/test/wp-random-list.php on line 136
[19-Dec-2025 09:23:53 UTC] PHP Warning:  A non-numeric value encountered in /home/lottexylitolcom/public_html/staging.lottexylitol.com.vn/test/wp-random-list.php on line 136
[19-Dec-2025 09:23:53 UTC] PHP Warning:  A non-numeric value encountered in /home/lottexylitolcom/public_html/staging.lottexylitol.com.vn/test/wp-random-list.php on line 136
[19-Dec-2025 09:23:53 UTC] PHP Warning:  A non-numeric value encountered in /home/lottexylitolcom/public_html/staging.lottexylitol.com.vn/test/wp-random-list.php on line 136
[19-Dec-2025 09:23:53 UTC] PHP Warning:  A non-numeric value encountered in /home/lottexylitolcom/public_html/staging.lottexylitol.com.vn/test/wp-random-list.php on line 136
[19-Dec-2025 09:23:53 UTC] PHP Warning:  A non-numeric value encountered in /home/lottexylitolcom/public_html/staging.lottexylitol.com.vn/test/wp-random-list.php on line 136
[19-Dec-2025 09:23:53 UTC] PHP Warning:  A non-numeric value encountered in /home/lottexylitolcom/public_html/staging.lottexylitol.com.vn/test/wp-random-list.php on line 136
[19-Dec-2025 09:23:53 UTC] PHP Warning:  A non-numeric value encountered in /home/lottexylitolcom/public_html/staging.lottexylitol.com.vn/test/wp-random-list.php on line 136
[19-Dec-2025 09:23:53 UTC] PHP Warning:  A non-numeric value encountered in /home/lottexylitolcom/public_html/staging.lottexylitol.com.vn/test/wp-random-list.php on line 136
[19-Dec-2025 09:23:53 UTC] PHP Warning:  A non-numeric value encountered in /home/lottexylitolcom/public_html/staging.lottexylitol.com.vn/test/wp-random-list.php on line 136
[19-Dec-2025 09:23:53 UTC] PHP Warning:  A non-numeric value encountered in /home/lottexylitolcom/public_html/staging.lottexylitol.com.vn/test/wp-random-list.php on line 136
[19-Dec-2025 09:23:53 UTC] PHP Warning:  A non-numeric value encountered in /home/lottexylitolcom/public_html/staging.lottexylitol.com.vn/test/wp-random-list.php on line 136
[19-Dec-2025 09:23:53 UTC] PHP Warning:  A non-numeric value encountered in /home/lottexylitolcom/public_html/staging.lottexylitol.com.vn/test/wp-random-list.php on line 136
[19-Dec-2025 09:23:53 UTC] PHP Warning:  A non-numeric value encountered in /home/lottexylitolcom/public_html/staging.lottexylitol.com.vn/test/wp-random-list.php on line 136
[19-Dec-2025 09:23:53 UTC] PHP Warning:  A non-numeric value encountered in /home/lottexylitolcom/public_html/staging.lottexylitol.com.vn/test/wp-random-list.php on line 136
[19-Dec-2025 09:23:53 UTC] PHP Warning:  A non-numeric value encountered in /home/lottexylitolcom/public_html/staging.lottexylitol.com.vn/test/wp-random-list.php on line 136
[19-Dec-2025 09:23:53 UTC] PHP Warning:  A non-numeric value encountered in /home/lottexylitolcom/public_html/staging.lottexylitol.com.vn/test/wp-random-list.php on line 136
[19-Dec-2025 09:23:53 UTC] PHP Warning:  A non-numeric value encountered in /home/lottexylitolcom/public_html/staging.lottexylitol.com.vn/test/wp-random-list.php on line 136
[19-Dec-2025 09:23:53 UTC] PHP Warning:  A non-numeric value encountered in /home/lottexylitolcom/public_html/staging.lottexylitol.com.vn/test/wp-random-list.php on line 136
[19-Dec-2025 09:23:53 UTC] PHP Warning:  A non-numeric value encountered in /home/lottexylitolcom/public_html/staging.lottexylitol.com.vn/test/wp-random-list.php on line 136
[19-Dec-2025 09:23:53 UTC] PHP Warning:  A non-numeric value encountered in /home/lottexylitolcom/public_html/staging.lottexylitol.com.vn/test/wp-random-list.php on line 136
[19-Dec-2025 09:23:53 UTC] PHP Warning:  A non-numeric value encountered in /home/lottexylitolcom/public_html/staging.lottexylitol.com.vn/test/wp-random-list.php on line 136
[19-Dec-2025 09:23:53 UTC] PHP Warning:  A non-numeric value encountered in /home/lottexylitolcom/public_html/staging.lottexylitol.com.vn/test/wp-random-list.php on line 136
[19-Dec-2025 09:23:53 UTC] PHP Warning:  A non-numeric value encountered in /home/lottexylitolcom/public_html/staging.lottexylitol.com.vn/test/wp-random-list.php on line 136
[19-Dec-2025 09:23:53 UTC] PHP Warning:  A non-numeric value encountered in /home/lottexylitolcom/public_html/staging.lottexylitol.com.vn/test/wp-random-list.php on line 136
[19-Dec-2025 09:23:53 UTC] PHP Warning:  A non-numeric value encountered in /home/lottexylitolcom/public_html/staging.lottexylitol.com.vn/test/wp-random-list.php on line 136
[19-Dec-2025 09:23:53 UTC] PHP Warning:  A non-numeric value encountered in /home/lottexylitolcom/public_html/staging.lottexylitol.com.vn/test/wp-random-list.php on line 136
[19-Dec-2025 09:23:53 UTC] PHP Warning:  A non-numeric value encountered in /home/lottexylitolcom/public_html/staging.lottexylitol.com.vn/test/wp-random-list.php on line 136
[19-Dec-2025 09:23:53 UTC] PHP Warning:  A non-numeric value encountered in /home/lottexylitolcom/public_html/staging.lottexylitol.com.vn/test/wp-random-list.php on line 136
[19-Dec-2025 09:23:53 UTC] PHP Warning:  A non-numeric value encountered in /home/lottexylitolcom/public_html/staging.lottexylitol.com.vn/test/wp-random-list.php on line 136
[19-Dec-2025 09:23:53 UTC] PHP Warning:  A non-numeric value encountered in /home/lottexylitolcom/public_html/staging.lottexylitol.com.vn/test/wp-random-list.php on line 136
[19-Dec-2025 09:23:53 UTC] PHP Warning:  A non-numeric value encountered in /home/lottexylitolcom/public_html/staging.lottexylitol.com.vn/test/wp-random-list.php on line 136
[19-Dec-2025 09:23:53 UTC] PHP Warning:  A non-numeric value encountered in /home/lottexylitolcom/public_html/staging.lottexylitol.com.vn/test/wp-random-list.php on line 136
[19-Dec-2025 09:23:53 UTC] PHP Warning:  A non-numeric value encountered in /home/lottexylitolcom/public_html/staging.lottexylitol.com.vn/test/wp-random-list.php on line 136
[19-Dec-2025 09:23:53 UTC] PHP Warning:  A non-numeric value encountered in /home/lottexylitolcom/public_html/staging.lottexylitol.com.vn/test/wp-random-list.php on line 136
[19-Dec-2025 09:23:53 UTC] PHP Warning:  A non-numeric value encountered in /home/lottexylitolcom/public_html/staging.lottexylitol.com.vn/test/wp-random-list.php on line 136
[19-Dec-2025 09:23:53 UTC] PHP Warning:  A non-numeric value encountered in /home/lottexylitolcom/public_html/staging.lottexylitol.com.vn/test/wp-random-list.php on line 136
[19-Dec-2025 09:23:53 UTC] PHP Warning:  A non-numeric value encountered in /home/lottexylitolcom/public_html/staging.lottexylitol.com.vn/test/wp-random-list.php on line 136
[19-Dec-2025 09:23:53 UTC] PHP Warning:  A non-numeric value encountered in /home/lottexylitolcom/public_html/staging.lottexylitol.com.vn/test/wp-random-list.php on line 136
[19-Dec-2025 09:23:53 UTC] PHP Warning:  A non-numeric value encountered in /home/lottexylitolcom/public_html/staging.lottexylitol.com.vn/test/wp-random-list.php on line 136
[19-Dec-2025 09:23:53 UTC] PHP Warning:  A non-numeric value encountered in /home/lottexylitolcom/public_html/staging.lottexylitol.com.vn/test/wp-random-list.php on line 136
[19-Dec-2025 09:23:53 UTC] PHP Warning:  A non-numeric value encountered in /home/lottexylitolcom/public_html/staging.lottexylitol.com.vn/test/wp-random-list.php on line 136
[19-Dec-2025 09:23:53 UTC] PHP Warning:  A non-numeric value encountered in /home/lottexylitolcom/public_html/staging.lottexylitol.com.vn/test/wp-random-list.php on line 136
[19-Dec-2025 09:23:53 UTC] PHP Warning:  A non-numeric value encountered in /home/lottexylitolcom/public_html/staging.lottexylitol.com.vn/test/wp-random-list.php on line 136
[19-Dec-2025 09:23:53 UTC] PHP Warning:  A non-numeric value encountered in /home/lottexylitolcom/public_html/staging.lottexylitol.com.vn/test/wp-random-list.php on line 136
[19-Dec-2025 09:23:53 UTC] PHP Warning:  A non-numeric value encountered in /home/lottexylitolcom/public_html/staging.lottexylitol.com.vn/test/wp-random-list.php on line 136
[19-Dec-2025 09:23:53 UTC] PHP Warning:  A non-numeric value encountered in /home/lottexylitolcom/public_html/staging.lottexylitol.com.vn/test/wp-random-list.php on line 136
[19-Dec-2025 09:23:53 UTC] PHP Warning:  A non-numeric value encountered in /home/lottexylitolcom/public_html/staging.lottexylitol.com.vn/test/wp-random-list.php on line 136
[19-Dec-2025 09:23:53 UTC] PHP Warning:  A non-numeric value encountered in /home/lottexylitolcom/public_html/staging.lottexylitol.com.vn/test/wp-random-list.php on line 136
[19-Dec-2025 09:23:53 UTC] PHP Warning:  A non-numeric value encountered in /home/lottexylitolcom/public_html/staging.lottexylitol.com.vn/test/wp-random-list.php on line 136
[19-Dec-2025 09:23:53 UTC] PHP Warning:  A non-numeric value encountered in /home/lottexylitolcom/public_html/staging.lottexylitol.com.vn/test/wp-random-list.php on line 136
[19-Dec-2025 09:23:53 UTC] PHP Warning:  A non-numeric value encountered in /home/lottexylitolcom/public_html/staging.lottexylitol.com.vn/test/wp-random-list.php on line 136
[19-Dec-2025 09:23:53 UTC] PHP Warning:  A non-numeric value encountered in /home/lottexylitolcom/public_html/staging.lottexylitol.com.vn/test/wp-random-list.php on line 136
[19-Dec-2025 09:23:53 UTC] PHP Warning:  A non-numeric value encountered in /home/lottexylitolcom/public_html/staging.lottexylitol.com.vn/test/wp-random-list.php on line 136
[19-Dec-2025 09:23:53 UTC] PHP Warning:  A non-numeric value encountered in /home/lottexylitolcom/public_html/staging.lottexylitol.com.vn/test/wp-random-list.php on line 136
[19-Dec-2025 09:23:53 UTC] PHP Warning:  A non-numeric value encountered in /home/lottexylitolcom/public_html/staging.lottexylitol.com.vn/test/wp-random-list.php on line 136
[19-Dec-2025 09:23:53 UTC] PHP Warning:  A non-numeric value encountered in /home/lottexylitolcom/public_html/staging.lottexylitol.com.vn/test/wp-random-list.php on line 136
[19-Dec-2025 09:23:53 UTC] PHP Warning:  A non-numeric value encountered in /home/lottexylitolcom/public_html/staging.lottexylitol.com.vn/test/wp-random-list.php on line 136
[19-Dec-2025 09:23:53 UTC] PHP Warning:  A non-numeric value encountered in /home/lottexylitolcom/public_html/staging.lottexylitol.com.vn/test/wp-random-list.php on line 136
[19-Dec-2025 09:23:53 UTC] PHP Warning:  A non-numeric value encountered in /home/lottexylitolcom/public_html/staging.lottexylitol.com.vn/test/wp-random-list.php on line 136
[19-Dec-2025 09:23:53 UTC] PHP Warning:  A non-numeric value encountered in /home/lottexylitolcom/public_html/staging.lottexylitol.com.vn/test/wp-random-list.php on line 136
[19-Dec-2025 09:23:53 UTC] PHP Warning:  A non-numeric value encountered in /home/lottexylitolcom/public_html/staging.lottexylitol.com.vn/test/wp-random-list.php on line 136
[19-Dec-2025 09:23:53 UTC] PHP Warning:  A non-numeric value encountered in /home/lottexylitolcom/public_html/staging.lottexylitol.com.vn/test/wp-random-list.php on line 136
[19-Dec-2025 09:23:53 UTC] PHP Warning:  A non-numeric value encountered in /home/lottexylitolcom/public_html/staging.lottexylitol.com.vn/test/wp-random-list.php on line 136
[19-Dec-2025 09:23:53 UTC] PHP Warning:  A non-numeric value encountered in /home/lottexylitolcom/public_html/staging.lottexylitol.com.vn/test/wp-random-list.php on line 136
[19-Dec-2025 09:23:53 UTC] PHP Warning:  A non-numeric value encountered in /home/lottexylitolcom/public_html/staging.lottexylitol.com.vn/test/wp-random-list.php on line 136
[19-Dec-2025 09:23:53 UTC] PHP Warning:  A non-numeric value encountered in /home/lottexylitolcom/public_html/staging.lottexylitol.com.vn/test/wp-random-list.php on line 136
[19-Dec-2025 09:23:53 UTC] PHP Warning:  A non-numeric value encountered in /home/lottexylitolcom/public_html/staging.lottexylitol.com.vn/test/wp-random-list.php on line 136
[19-Dec-2025 09:23:53 UTC] PHP Warning:  A non-numeric value encountered in /home/lottexylitolcom/public_html/staging.lottexylitol.com.vn/test/wp-random-list.php on line 136
[19-Dec-2025 09:23:53 UTC] PHP Warning:  A non-numeric value encountered in /home/lottexylitolcom/public_html/staging.lottexylitol.com.vn/test/wp-random-list.php on line 136
[19-Dec-2025 09:23:53 UTC] PHP Warning:  A non-numeric value encountered in /home/lottexylitolcom/public_html/staging.lottexylitol.com.vn/test/wp-random-list.php on line 136
[19-Dec-2025 09:23:53 UTC] PHP Warning:  A non-numeric value encountered in /home/lottexylitolcom/public_html/staging.lottexylitol.com.vn/test/wp-random-list.php on line 136
[19-Dec-2025 09:23:53 UTC] PHP Warning:  A non-numeric value encountered in /home/lottexylitolcom/public_html/staging.lottexylitol.com.vn/test/wp-random-list.php on line 136
[19-Dec-2025 09:23:53 UTC] PHP Warning:  A non-numeric value encountered in /home/lottexylitolcom/public_html/staging.lottexylitol.com.vn/test/wp-random-list.php on line 136
[19-Dec-2025 09:23:53 UTC] PHP Warning:  A non-numeric value encountered in /home/lottexylitolcom/public_html/staging.lottexylitol.com.vn/test/wp-random-list.php on line 136
[19-Dec-2025 09:23:53 UTC] PHP Warning:  A non-numeric value encountered in /home/lottexylitolcom/public_html/staging.lottexylitol.com.vn/test/wp-random-list.php on line 136
[19-Dec-2025 09:23:53 UTC] PHP Warning:  A non-numeric value encountered in /home/lottexylitolcom/public_html/staging.lottexylitol.com.vn/test/wp-random-list.php on line 136
[19-Dec-2025 09:23:53 UTC] PHP Warning:  A non-numeric value encountered in /home/lottexylitolcom/public_html/staging.lottexylitol.com.vn/test/wp-random-list.php on line 136
[19-Dec-2025 09:23:53 UTC] PHP Warning:  A non-numeric value encountered in /home/lottexylitolcom/public_html/staging.lottexylitol.com.vn/test/wp-random-list.php on line 136
[19-Dec-2025 09:23:53 UTC] PHP Warning:  A non-numeric value encountered in /home/lottexylitolcom/public_html/staging.lottexylitol.com.vn/test/wp-random-list.php on line 136
[19-Dec-2025 09:23:53 UTC] PHP Warning:  A non-numeric value encountered in /home/lottexylitolcom/public_html/staging.lottexylitol.com.vn/test/wp-random-list.php on line 136
[19-Dec-2025 09:23:53 UTC] PHP Warning:  A non-numeric value encountered in /home/lottexylitolcom/public_html/staging.lottexylitol.com.vn/test/wp-random-list.php on line 136
[19-Dec-2025 09:23:53 UTC] PHP Warning:  A non-numeric value encountered in /home/lottexylitolcom/public_html/staging.lottexylitol.com.vn/test/wp-random-list.php on line 136
[19-Dec-2025 09:23:53 UTC] PHP Warning:  A non-numeric value encountered in /home/lottexylitolcom/public_html/staging.lottexylitol.com.vn/test/wp-random-list.php on line 136
[19-Dec-2025 09:23:53 UTC] PHP Warning:  A non-numeric value encountered in /home/lottexylitolcom/public_html/staging.lottexylitol.com.vn/test/wp-random-list.php on line 136
[19-Dec-2025 09:23:53 UTC] PHP Warning:  A non-numeric value encountered in /home/lottexylitolcom/public_html/staging.lottexylitol.com.vn/test/wp-random-list.php on line 136
[19-Dec-2025 09:23:53 UTC] PHP Warning:  A non-numeric value encountered in /home/lottexylitolcom/public_html/staging.lottexylitol.com.vn/test/wp-random-list.php on line 136
[19-Dec-2025 09:23:53 UTC] PHP Warning:  A non-numeric value encountered in /home/lottexylitolcom/public_html/staging.lottexylitol.com.vn/test/wp-random-list.php on line 136
[19-Dec-2025 09:23:53 UTC] PHP Warning:  A non-numeric value encountered in /home/lottexylitolcom/public_html/staging.lottexylitol.com.vn/test/wp-random-list.php on line 136
[19-Dec-2025 09:23:53 UTC] PHP Warning:  A non-numeric value encountered in /home/lottexylitolcom/public_html/staging.lottexylitol.com.vn/test/wp-random-list.php on line 136
[19-Dec-2025 09:23:53 UTC] PHP Warning:  A non-numeric value encountered in /home/lottexylitolcom/public_html/staging.lottexylitol.com.vn/test/wp-random-list.php on line 136
[19-Dec-2025 09:23:53 UTC] PHP Warning:  A non-numeric value encountered in /home/lottexylitolcom/public_html/staging.lottexylitol.com.vn/test/wp-random-list.php on line 136
[19-Dec-2025 09:23:53 UTC] PHP Warning:  A non-numeric value encountered in /home/lottexylitolcom/public_html/staging.lottexylitol.com.vn/test/wp-random-list.php on line 136
[19-Dec-2025 09:23:53 UTC] PHP Warning:  A non-numeric value encountered in /home/lottexylitolcom/public_html/staging.lottexylitol.com.vn/test/wp-random-list.php on line 136
[19-Dec-2025 09:23:53 UTC] PHP Warning:  A non-numeric value encountered in /home/lottexylitolcom/public_html/staging.lottexylitol.com.vn/test/wp-random-list.php on line 136
[19-Dec-2025 09:23:53 UTC] PHP Warning:  A non-numeric value encountered in /home/lottexylitolcom/public_html/staging.lottexylitol.com.vn/test/wp-random-list.php on line 136
[19-Dec-2025 09:23:53 UTC] PHP Warning:  A non-numeric value encountered in /home/lottexylitolcom/public_html/staging.lottexylitol.com.vn/test/wp-random-list.php on line 136
[19-Dec-2025 09:23:53 UTC] PHP Warning:  A non-numeric value encountered in /home/lottexylitolcom/public_html/staging.lottexylitol.com.vn/test/wp-random-list.php on line 136
[19-Dec-2025 09:23:53 UTC] PHP Warning:  A non-numeric value encountered in /home/lottexylitolcom/public_html/staging.lottexylitol.com.vn/test/wp-random-list.php on line 136
[19-Dec-2025 09:23:53 UTC] PHP Warning:  A non-numeric value encountered in /home/lottexylitolcom/public_html/staging.lottexylitol.com.vn/test/wp-random-list.php on line 136
[19-Dec-2025 09:23:53 UTC] PHP Warning:  A non-numeric value encountered in /home/lottexylitolcom/public_html/staging.lottexylitol.com.vn/test/wp-random-list.php on line 136
[19-Dec-2025 09:23:53 UTC] PHP Warning:  A non-numeric value encountered in /home/lottexylitolcom/public_html/staging.lottexylitol.com.vn/test/wp-random-list.php on line 136
[19-Dec-2025 09:23:53 UTC] PHP Warning:  A non-numeric value encountered in /home/lottexylitolcom/public_html/staging.lottexylitol.com.vn/test/wp-random-list.php on line 136
[19-Dec-2025 09:23:53 UTC] PHP Warning:  A non-numeric value encountered in /home/lottexylitolcom/public_html/staging.lottexylitol.com.vn/test/wp-random-list.php on line 136
[19-Dec-2025 09:23:53 UTC] PHP Warning:  A non-numeric value encountered in /home/lottexylitolcom/public_html/staging.lottexylitol.com.vn/test/wp-random-list.php on line 136
[19-Dec-2025 09:23:53 UTC] PHP Warning:  A non-numeric value encountered in /home/lottexylitolcom/public_html/staging.lottexylitol.com.vn/test/wp-random-list.php on line 136
[19-Dec-2025 09:23:53 UTC] PHP Warning:  A non-numeric value encountered in /home/lottexylitolcom/public_html/staging.lottexylitol.com.vn/test/wp-random-list.php on line 136
[19-Dec-2025 09:23:53 UTC] PHP Warning:  A non-numeric value encountered in /home/lottexylitolcom/public_html/staging.lottexylitol.com.vn/test/wp-random-list.php on line 136
[19-Dec-2025 09:23:53 UTC] PHP Warning:  A non-numeric value encountered in /home/lottexylitolcom/public_html/staging.lottexylitol.com.vn/test/wp-random-list.php on line 136
[19-Dec-2025 09:23:53 UTC] PHP Warning:  A non-numeric value encountered in /home/lottexylitolcom/public_html/staging.lottexylitol.com.vn/test/wp-random-list.php on line 136
[19-Dec-2025 09:23:53 UTC] PHP Warning:  A non-numeric value encountered in /home/lottexylitolcom/public_html/staging.lottexylitol.com.vn/test/wp-random-list.php on line 136
[19-Dec-2025 09:23:53 UTC] PHP Warning:  A non-numeric value encountered in /home/lottexylitolcom/public_html/staging.lottexylitol.com.vn/test/wp-random-list.php on line 136
[19-Dec-2025 09:23:53 UTC] PHP Warning:  A non-numeric value encountered in /home/lottexylitolcom/public_html/staging.lottexylitol.com.vn/test/wp-random-list.php on line 136
[19-Dec-2025 09:23:53 UTC] PHP Warning:  A non-numeric value encountered in /home/lottexylitolcom/public_html/staging.lottexylitol.com.vn/test/wp-random-list.php on line 136
[19-Dec-2025 09:23:53 UTC] PHP Warning:  A non-numeric value encountered in /home/lottexylitolcom/public_html/staging.lottexylitol.com.vn/test/wp-random-list.php on line 136
[19-Dec-2025 09:23:53 UTC] PHP Warning:  A non-numeric value encountered in /home/lottexylitolcom/public_html/staging.lottexylitol.com.vn/test/wp-random-list.php on line 136
[19-Dec-2025 09:23:53 UTC] PHP Warning:  A non-numeric value encountered in /home/lottexylitolcom/public_html/staging.lottexylitol.com.vn/test/wp-random-list.php on line 136
[19-Dec-2025 09:23:53 UTC] PHP Warning:  A non-numeric value encountered in /home/lottexylitolcom/public_html/staging.lottexylitol.com.vn/test/wp-random-list.php on line 136
[19-Dec-2025 09:23:53 UTC] PHP Warning:  A non-numeric value encountered in /home/lottexylitolcom/public_html/staging.lottexylitol.com.vn/test/wp-random-list.php on line 136
[19-Dec-2025 09:23:53 UTC] PHP Warning:  A non-numeric value encountered in /home/lottexylitolcom/public_html/staging.lottexylitol.com.vn/test/wp-random-list.php on line 136
[19-Dec-2025 09:23:53 UTC] PHP Warning:  A non-numeric value encountered in /home/lottexylitolcom/public_html/staging.lottexylitol.com.vn/test/wp-random-list.php on line 136
[19-Dec-2025 09:23:53 UTC] PHP Warning:  A non-numeric value encountered in /home/lottexylitolcom/public_html/staging.lottexylitol.com.vn/test/wp-random-list.php on line 136
[19-Dec-2025 09:23:53 UTC] PHP Warning:  A non-numeric value encountered in /home/lottexylitolcom/public_html/staging.lottexylitol.com.vn/test/wp-random-list.php on line 136
[19-Dec-2025 09:23:53 UTC] PHP Warning:  A non-numeric value encountered in /home/lottexylitolcom/public_html/staging.lottexylitol.com.vn/test/wp-random-list.php on line 136
[19-Dec-2025 09:23:53 UTC] PHP Warning:  A non-numeric value encountered in /home/lottexylitolcom/public_html/staging.lottexylitol.com.vn/test/wp-random-list.php on line 136
[19-Dec-2025 09:23:53 UTC] PHP Warning:  A non-numeric value encountered in /home/lottexylitolcom/public_html/staging.lottexylitol.com.vn/test/wp-random-list.php on line 136
[19-Dec-2025 09:23:53 UTC] PHP Warning:  A non-numeric value encountered in /home/lottexylitolcom/public_html/staging.lottexylitol.com.vn/test/wp-random-list.php on line 136
[19-Dec-2025 09:23:53 UTC] PHP Warning:  A non-numeric value encountered in /home/lottexylitolcom/public_html/staging.lottexylitol.com.vn/test/wp-random-list.php on line 136
[19-Dec-2025 09:23:53 UTC] PHP Warning:  A non-numeric value encountered in /home/lottexylitolcom/public_html/staging.lottexylitol.com.vn/test/wp-random-list.php on line 136
[19-Dec-2025 09:23:53 UTC] PHP Warning:  A non-numeric value encountered in /home/lottexylitolcom/public_html/staging.lottexylitol.com.vn/test/wp-random-list.php on line 136
[19-Dec-2025 09:23:53 UTC] PHP Warning:  A non-numeric value encountered in /home/lottexylitolcom/public_html/staging.lottexylitol.com.vn/test/wp-random-list.php on line 136
[19-Dec-2025 09:23:53 UTC] PHP Warning:  A non-numeric value encountered in /home/lottexylitolcom/public_html/staging.lottexylitol.com.vn/test/wp-random-list.php on line 136
[19-Dec-2025 09:23:53 UTC] PHP Warning:  A non-numeric value encountered in /home/lottexylitolcom/public_html/staging.lottexylitol.com.vn/test/wp-random-list.php on line 136
[19-Dec-2025 09:23:53 UTC] PHP Warning:  A non-numeric value encountered in /home/lottexylitolcom/public_html/staging.lottexylitol.com.vn/test/wp-random-list.php on line 136
[19-Dec-2025 09:23:53 UTC] PHP Warning:  A non-numeric value encountered in /home/lottexylitolcom/public_html/staging.lottexylitol.com.vn/test/wp-random-list.php on line 136
[19-Dec-2025 09:23:53 UTC] PHP Warning:  A non-numeric value encountered in /home/lottexylitolcom/public_html/staging.lottexylitol.com.vn/test/wp-random-list.php on line 136
[19-Dec-2025 09:23:53 UTC] PHP Warning:  A non-numeric value encountered in /home/lottexylitolcom/public_html/staging.lottexylitol.com.vn/test/wp-random-list.php on line 136
[19-Dec-2025 09:23:53 UTC] PHP Warning:  A non-numeric value encountered in /home/lottexylitolcom/public_html/staging.lottexylitol.com.vn/test/wp-random-list.php on line 136
[19-Dec-2025 09:23:53 UTC] PHP Warning:  A non-numeric value encountered in /home/lottexylitolcom/public_html/staging.lottexylitol.com.vn/test/wp-random-list.php on line 136
[19-Dec-2025 09:23:53 UTC] PHP Warning:  A non-numeric value encountered in /home/lottexylitolcom/public_html/staging.lottexylitol.com.vn/test/wp-random-list.php on line 136
[19-Dec-2025 09:23:53 UTC] PHP Warning:  A non-numeric value encountered in /home/lottexylitolcom/public_html/staging.lottexylitol.com.vn/test/wp-random-list.php on line 136
[19-Dec-2025 09:23:53 UTC] PHP Warning:  A non-numeric value encountered in /home/lottexylitolcom/public_html/staging.lottexylitol.com.vn/test/wp-random-list.php on line 136
[19-Dec-2025 09:23:53 UTC] PHP Warning:  A non-numeric value encountered in /home/lottexylitolcom/public_html/staging.lottexylitol.com.vn/test/wp-random-list.php on line 136
[19-Dec-2025 09:23:53 UTC] PHP Warning:  A non-numeric value encountered in /home/lottexylitolcom/public_html/staging.lottexylitol.com.vn/test/wp-random-list.php on line 136
[19-Dec-2025 09:23:53 UTC] PHP Warning:  A non-numeric value encountered in /home/lottexylitolcom/public_html/staging.lottexylitol.com.vn/test/wp-random-list.php on line 136
[19-Dec-2025 09:23:53 UTC] PHP Warning:  A non-numeric value encountered in /home/lottexylitolcom/public_html/staging.lottexylitol.com.vn/test/wp-random-list.php on line 136
[19-Dec-2025 09:23:53 UTC] PHP Warning:  A non-numeric value encountered in /home/lottexylitolcom/public_html/staging.lottexylitol.com.vn/test/wp-random-list.php on line 136
[19-Dec-2025 09:23:53 UTC] PHP Warning:  A non-numeric value encountered in /home/lottexylitolcom/public_html/staging.lottexylitol.com.vn/test/wp-random-list.php on line 136
[19-Dec-2025 09:23:53 UTC] PHP Warning:  A non-numeric value encountered in /home/lottexylitolcom/public_html/staging.lottexylitol.com.vn/test/wp-random-list.php on line 136
[19-Dec-2025 09:23:53 UTC] PHP Warning:  A non-numeric value encountered in /home/lottexylitolcom/public_html/staging.lottexylitol.com.vn/test/wp-random-list.php on line 136
[19-Dec-2025 09:23:53 UTC] PHP Warning:  A non-numeric value encountered in /home/lottexylitolcom/public_html/staging.lottexylitol.com.vn/test/wp-random-list.php on line 136
[19-Dec-2025 09:23:53 UTC] PHP Warning:  A non-numeric value encountered in /home/lottexylitolcom/public_html/staging.lottexylitol.com.vn/test/wp-random-list.php on line 136
[19-Dec-2025 09:23:53 UTC] PHP Warning:  A non-numeric value encountered in /home/lottexylitolcom/public_html/staging.lottexylitol.com.vn/test/wp-random-list.php on line 136
[19-Dec-2025 09:23:53 UTC] PHP Warning:  A non-numeric value encountered in /home/lottexylitolcom/public_html/staging.lottexylitol.com.vn/test/wp-random-list.php on line 136
[19-Dec-2025 09:23:53 UTC] PHP Warning:  A non-numeric value encountered in /home/lottexylitolcom/public_html/staging.lottexylitol.com.vn/test/wp-random-list.php on line 136
[19-Dec-2025 09:23:53 UTC] PHP Warning:  A non-numeric value encountered in /home/lottexylitolcom/public_html/staging.lottexylitol.com.vn/test/wp-random-list.php on line 136
[19-Dec-2025 09:23:53 UTC] PHP Warning:  A non-numeric value encountered in /home/lottexylitolcom/public_html/staging.lottexylitol.com.vn/test/wp-random-list.php on line 136
[19-Dec-2025 09:23:53 UTC] PHP Warning:  A non-numeric value encountered in /home/lottexylitolcom/public_html/staging.lottexylitol.com.vn/test/wp-random-list.php on line 136
[19-Dec-2025 09:23:53 UTC] PHP Warning:  A non-numeric value encountered in /home/lottexylitolcom/public_html/staging.lottexylitol.com.vn/test/wp-random-list.php on line 136
[19-Dec-2025 09:23:53 UTC] PHP Warning:  A non-numeric value encountered in /home/lottexylitolcom/public_html/staging.lottexylitol.com.vn/test/wp-random-list.php on line 136
[19-Dec-2025 09:23:53 UTC] PHP Warning:  A non-numeric value encountered in /home/lottexylitolcom/public_html/staging.lottexylitol.com.vn/test/wp-random-list.php on line 136
[19-Dec-2025 09:23:53 UTC] PHP Warning:  A non-numeric value encountered in /home/lottexylitolcom/public_html/staging.lottexylitol.com.vn/test/wp-random-list.php on line 136
[19-Dec-2025 09:23:53 UTC] PHP Warning:  A non-numeric value encountered in /home/lottexylitolcom/public_html/staging.lottexylitol.com.vn/test/wp-random-list.php on line 136
[19-Dec-2025 09:23:53 UTC] PHP Warning:  A non-numeric value encountered in /home/lottexylitolcom/public_html/staging.lottexylitol.com.vn/test/wp-random-list.php on line 136
[19-Dec-2025 09:23:53 UTC] PHP Warning:  A non-numeric value encountered in /home/lottexylitolcom/public_html/staging.lottexylitol.com.vn/test/wp-random-list.php on line 136
[19-Dec-2025 09:23:53 UTC] PHP Warning:  A non-numeric value encountered in /home/lottexylitolcom/public_html/staging.lottexylitol.com.vn/test/wp-random-list.php on line 136
[19-Dec-2025 09:23:53 UTC] PHP Warning:  A non-numeric value encountered in /home/lottexylitolcom/public_html/staging.lottexylitol.com.vn/test/wp-random-list.php on line 136
[19-Dec-2025 09:23:53 UTC] PHP Warning:  A non-numeric value encountered in /home/lottexylitolcom/public_html/staging.lottexylitol.com.vn/test/wp-random-list.php on line 136
[19-Dec-2025 09:23:53 UTC] PHP Warning:  A non-numeric value encountered in /home/lottexylitolcom/public_html/staging.lottexylitol.com.vn/test/wp-random-list.php on line 136
[19-Dec-2025 09:23:53 UTC] PHP Warning:  A non-numeric value encountered in /home/lottexylitolcom/public_html/staging.lottexylitol.com.vn/test/wp-random-list.php on line 136
[19-Dec-2025 09:23:53 UTC] PHP Warning:  A non-numeric value encountered in /home/lottexylitolcom/public_html/staging.lottexylitol.com.vn/test/wp-random-list.php on line 136
[19-Dec-2025 09:23:53 UTC] PHP Warning:  A non-numeric value encountered in /home/lottexylitolcom/public_html/staging.lottexylitol.com.vn/test/wp-random-list.php on line 136
[19-Dec-2025 09:23:53 UTC] PHP Warning:  A non-numeric value encountered in /home/lottexylitolcom/public_html/staging.lottexylitol.com.vn/test/wp-random-list.php on line 136
[19-Dec-2025 09:23:53 UTC] PHP Warning:  A non-numeric value encountered in /home/lottexylitolcom/public_html/staging.lottexylitol.com.vn/test/wp-random-list.php on line 136
[19-Dec-2025 09:23:53 UTC] PHP Warning:  A non-numeric value encountered in /home/lottexylitolcom/public_html/staging.lottexylitol.com.vn/test/wp-random-list.php on line 136
[19-Dec-2025 09:23:53 UTC] PHP Warning:  A non-numeric value encountered in /home/lottexylitolcom/public_html/staging.lottexylitol.com.vn/test/wp-random-list.php on line 136
[19-Dec-2025 09:23:53 UTC] PHP Warning:  A non-numeric value encountered in /home/lottexylitolcom/public_html/staging.lottexylitol.com.vn/test/wp-random-list.php on line 136
[19-Dec-2025 09:23:53 UTC] PHP Warning:  A non-numeric value encountered in /home/lottexylitolcom/public_html/staging.lottexylitol.com.vn/test/wp-random-list.php on line 136
[19-Dec-2025 09:23:53 UTC] PHP Warning:  A non-numeric value encountered in /home/lottexylitolcom/public_html/staging.lottexylitol.com.vn/test/wp-random-list.php on line 136
[19-Dec-2025 09:23:53 UTC] PHP Warning:  A non-numeric value encountered in /home/lottexylitolcom/public_html/staging.lottexylitol.com.vn/test/wp-random-list.php on line 136
[19-Dec-2025 09:23:53 UTC] PHP Warning:  A non-numeric value encountered in /home/lottexylitolcom/public_html/staging.lottexylitol.com.vn/test/wp-random-list.php on line 136
[19-Dec-2025 09:23:53 UTC] PHP Warning:  A non-numeric value encountered in /home/lottexylitolcom/public_html/staging.lottexylitol.com.vn/test/wp-random-list.php on line 136
[19-Dec-2025 09:23:53 UTC] PHP Warning:  A non-numeric value encountered in /home/lottexylitolcom/public_html/staging.lottexylitol.com.vn/test/wp-random-list.php on line 136
[19-Dec-2025 09:23:53 UTC] PHP Warning:  A non-numeric value encountered in /home/lottexylitolcom/public_html/staging.lottexylitol.com.vn/test/wp-random-list.php on line 136
[19-Dec-2025 09:23:53 UTC] PHP Warning:  A non-numeric value encountered in /home/lottexylitolcom/public_html/staging.lottexylitol.com.vn/test/wp-random-list.php on line 136
[19-Dec-2025 09:23:53 UTC] PHP Warning:  A non-numeric value encountered in /home/lottexylitolcom/public_html/staging.lottexylitol.com.vn/test/wp-random-list.php on line 136
[19-Dec-2025 09:23:53 UTC] PHP Warning:  A non-numeric value encountered in /home/lottexylitolcom/public_html/staging.lottexylitol.com.vn/test/wp-random-list.php on line 136
[19-Dec-2025 09:23:53 UTC] PHP Warning:  A non-numeric value encountered in /home/lottexylitolcom/public_html/staging.lottexylitol.com.vn/test/wp-random-list.php on line 136
[19-Dec-2025 09:23:53 UTC] PHP Warning:  A non-numeric value encountered in /home/lottexylitolcom/public_html/staging.lottexylitol.com.vn/test/wp-random-list.php on line 136
[19-Dec-2025 09:23:53 UTC] PHP Warning:  A non-numeric value encountered in /home/lottexylitolcom/public_html/staging.lottexylitol.com.vn/test/wp-random-list.php on line 136
[19-Dec-2025 09:23:53 UTC] PHP Warning:  A non-numeric value encountered in /home/lottexylitolcom/public_html/staging.lottexylitol.com.vn/test/wp-random-list.php on line 136
[19-Dec-2025 09:23:53 UTC] PHP Warning:  A non-numeric value encountered in /home/lottexylitolcom/public_html/staging.lottexylitol.com.vn/test/wp-random-list.php on line 136
[19-Dec-2025 09:23:53 UTC] PHP Warning:  A non-numeric value encountered in /home/lottexylitolcom/public_html/staging.lottexylitol.com.vn/test/wp-random-list.php on line 136
[19-Dec-2025 09:23:53 UTC] PHP Warning:  A non-numeric value encountered in /home/lottexylitolcom/public_html/staging.lottexylitol.com.vn/test/wp-random-list.php on line 136
[19-Dec-2025 09:23:53 UTC] PHP Warning:  A non-numeric value encountered in /home/lottexylitolcom/public_html/staging.lottexylitol.com.vn/test/wp-random-list.php on line 136
[19-Dec-2025 09:23:53 UTC] PHP Warning:  A non-numeric value encountered in /home/lottexylitolcom/public_html/staging.lottexylitol.com.vn/test/wp-random-list.php on line 136
[19-Dec-2025 09:23:53 UTC] PHP Warning:  A non-numeric value encountered in /home/lottexylitolcom/public_html/staging.lottexylitol.com.vn/test/wp-random-list.php on line 136
[19-Dec-2025 09:23:53 UTC] PHP Warning:  A non-numeric value encountered in /home/lottexylitolcom/public_html/staging.lottexylitol.com.vn/test/wp-random-list.php on line 136
[19-Dec-2025 09:23:53 UTC] PHP Warning:  A non-numeric value encountered in /home/lottexylitolcom/public_html/staging.lottexylitol.com.vn/test/wp-random-list.php on line 136
[19-Dec-2025 09:23:53 UTC] PHP Warning:  A non-numeric value encountered in /home/lottexylitolcom/public_html/staging.lottexylitol.com.vn/test/wp-random-list.php on line 136
[19-Dec-2025 09:23:53 UTC] PHP Warning:  A non-numeric value encountered in /home/lottexylitolcom/public_html/staging.lottexylitol.com.vn/test/wp-random-list.php on line 136
[19-Dec-2025 09:23:53 UTC] PHP Warning:  A non-numeric value encountered in /home/lottexylitolcom/public_html/staging.lottexylitol.com.vn/test/wp-random-list.php on line 136
[19-Dec-2025 09:23:53 UTC] PHP Warning:  A non-numeric value encountered in /home/lottexylitolcom/public_html/staging.lottexylitol.com.vn/test/wp-random-list.php on line 136
[19-Dec-2025 09:23:53 UTC] PHP Warning:  A non-numeric value encountered in /home/lottexylitolcom/public_html/staging.lottexylitol.com.vn/test/wp-random-list.php on line 136
[19-Dec-2025 09:23:53 UTC] PHP Warning:  A non-numeric value encountered in /home/lottexylitolcom/public_html/staging.lottexylitol.com.vn/test/wp-random-list.php on line 136
[19-Dec-2025 09:23:53 UTC] PHP Warning:  A non-numeric value encountered in /home/lottexylitolcom/public_html/staging.lottexylitol.com.vn/test/wp-random-list.php on line 136
[19-Dec-2025 09:23:53 UTC] PHP Warning:  A non-numeric value encountered in /home/lottexylitolcom/public_html/staging.lottexylitol.com.vn/test/wp-random-list.php on line 136
[19-Dec-2025 09:23:53 UTC] PHP Warning:  A non-numeric value encountered in /home/lottexylitolcom/public_html/staging.lottexylitol.com.vn/test/wp-random-list.php on line 136
[19-Dec-2025 09:23:53 UTC] PHP Warning:  A non-numeric value encountered in /home/lottexylitolcom/public_html/staging.lottexylitol.com.vn/test/wp-random-list.php on line 136
[19-Dec-2025 09:23:53 UTC] PHP Warning:  A non-numeric value encountered in /home/lottexylitolcom/public_html/staging.lottexylitol.com.vn/test/wp-random-list.php on line 136
[19-Dec-2025 09:23:53 UTC] PHP Warning:  A non-numeric value encountered in /home/lottexylitolcom/public_html/staging.lottexylitol.com.vn/test/wp-random-list.php on line 136
[19-Dec-2025 09:23:53 UTC] PHP Warning:  A non-numeric value encountered in /home/lottexylitolcom/public_html/staging.lottexylitol.com.vn/test/wp-random-list.php on line 136
[19-Dec-2025 09:23:53 UTC] PHP Warning:  A non-numeric value encountered in /home/lottexylitolcom/public_html/staging.lottexylitol.com.vn/test/wp-random-list.php on line 136
[19-Dec-2025 09:23:53 UTC] PHP Warning:  A non-numeric value encountered in /home/lottexylitolcom/public_html/staging.lottexylitol.com.vn/test/wp-random-list.php on line 136
[19-Dec-2025 09:23:53 UTC] PHP Warning:  A non-numeric value encountered in /home/lottexylitolcom/public_html/staging.lottexylitol.com.vn/test/wp-random-list.php on line 136
[19-Dec-2025 09:23:53 UTC] PHP Warning:  A non-numeric value encountered in /home/lottexylitolcom/public_html/staging.lottexylitol.com.vn/test/wp-random-list.php on line 136
[19-Dec-2025 09:23:53 UTC] PHP Warning:  A non-numeric value encountered in /home/lottexylitolcom/public_html/staging.lottexylitol.com.vn/test/wp-random-list.php on line 136
[19-Dec-2025 09:23:53 UTC] PHP Warning:  A non-numeric value encountered in /home/lottexylitolcom/public_html/staging.lottexylitol.com.vn/test/wp-random-list.php on line 136
[19-Dec-2025 09:23:53 UTC] PHP Warning:  A non-numeric value encountered in /home/lottexylitolcom/public_html/staging.lottexylitol.com.vn/test/wp-random-list.php on line 136
[19-Dec-2025 09:23:53 UTC] PHP Warning:  A non-numeric value encountered in /home/lottexylitolcom/public_html/staging.lottexylitol.com.vn/test/wp-random-list.php on line 136
[19-Dec-2025 09:23:53 UTC] PHP Warning:  A non-numeric value encountered in /home/lottexylitolcom/public_html/staging.lottexylitol.com.vn/test/wp-random-list.php on line 136
[19-Dec-2025 09:23:53 UTC] PHP Warning:  A non-numeric value encountered in /home/lottexylitolcom/public_html/staging.lottexylitol.com.vn/test/wp-random-list.php on line 136
[19-Dec-2025 09:23:53 UTC] PHP Warning:  A non-numeric value encountered in /home/lottexylitolcom/public_html/staging.lottexylitol.com.vn/test/wp-random-list.php on line 136
[19-Dec-2025 09:23:53 UTC] PHP Warning:  A non-numeric value encountered in /home/lottexylitolcom/public_html/staging.lottexylitol.com.vn/test/wp-random-list.php on line 136
[19-Dec-2025 09:23:53 UTC] PHP Warning:  A non-numeric value encountered in /home/lottexylitolcom/public_html/staging.lottexylitol.com.vn/test/wp-random-list.php on line 136
[19-Dec-2025 09:23:53 UTC] PHP Warning:  A non-numeric value encountered in /home/lottexylitolcom/public_html/staging.lottexylitol.com.vn/test/wp-random-list.php on line 136
[19-Dec-2025 09:23:53 UTC] PHP Warning:  A non-numeric value encountered in /home/lottexylitolcom/public_html/staging.lottexylitol.com.vn/test/wp-random-list.php on line 136
[19-Dec-2025 09:23:53 UTC] PHP Warning:  A non-numeric value encountered in /home/lottexylitolcom/public_html/staging.lottexylitol.com.vn/test/wp-random-list.php on line 136
[19-Dec-2025 09:23:53 UTC] PHP Warning:  A non-numeric value encountered in /home/lottexylitolcom/public_html/staging.lottexylitol.com.vn/test/wp-random-list.php on line 136
[19-Dec-2025 09:23:53 UTC] PHP Warning:  A non-numeric value encountered in /home/lottexylitolcom/public_html/staging.lottexylitol.com.vn/test/wp-random-list.php on line 136
[19-Dec-2025 09:23:53 UTC] PHP Warning:  A non-numeric value encountered in /home/lottexylitolcom/public_html/staging.lottexylitol.com.vn/test/wp-random-list.php on line 136
[19-Dec-2025 09:23:53 UTC] PHP Warning:  A non-numeric value encountered in /home/lottexylitolcom/public_html/staging.lottexylitol.com.vn/test/wp-random-list.php on line 136
[19-Dec-2025 09:23:53 UTC] PHP Warning:  A non-numeric value encountered in /home/lottexylitolcom/public_html/staging.lottexylitol.com.vn/test/wp-random-list.php on line 136
[19-Dec-2025 09:23:53 UTC] PHP Warning:  A non-numeric value encountered in /home/lottexylitolcom/public_html/staging.lottexylitol.com.vn/test/wp-random-list.php on line 136
[19-Dec-2025 09:23:53 UTC] PHP Warning:  A non-numeric value encountered in /home/lottexylitolcom/public_html/staging.lottexylitol.com.vn/test/wp-random-list.php on line 136
[19-Dec-2025 09:23:53 UTC] PHP Warning:  A non-numeric value encountered in /home/lottexylitolcom/public_html/staging.lottexylitol.com.vn/test/wp-random-list.php on line 136
[19-Dec-2025 09:23:53 UTC] PHP Warning:  A non-numeric value encountered in /home/lottexylitolcom/public_html/staging.lottexylitol.com.vn/test/wp-random-list.php on line 136
[19-Dec-2025 09:23:53 UTC] PHP Warning:  A non-numeric value encountered in /home/lottexylitolcom/public_html/staging.lottexylitol.com.vn/test/wp-random-list.php on line 136
[19-Dec-2025 09:23:53 UTC] PHP Warning:  A non-numeric value encountered in /home/lottexylitolcom/public_html/staging.lottexylitol.com.vn/test/wp-random-list.php on line 136
[19-Dec-2025 09:23:53 UTC] PHP Warning:  A non-numeric value encountered in /home/lottexylitolcom/public_html/staging.lottexylitol.com.vn/test/wp-random-list.php on line 136
[19-Dec-2025 09:23:53 UTC] PHP Warning:  A non-numeric value encountered in /home/lottexylitolcom/public_html/staging.lottexylitol.com.vn/test/wp-random-list.php on line 136
[19-Dec-2025 09:23:53 UTC] PHP Warning:  A non-numeric value encountered in /home/lottexylitolcom/public_html/staging.lottexylitol.com.vn/test/wp-random-list.php on line 136
[19-Dec-2025 09:23:53 UTC] PHP Warning:  A non-numeric value encountered in /home/lottexylitolcom/public_html/staging.lottexylitol.com.vn/test/wp-random-list.php on line 136
[19-Dec-2025 09:23:53 UTC] PHP Warning:  A non-numeric value encountered in /home/lottexylitolcom/public_html/staging.lottexylitol.com.vn/test/wp-random-list.php on line 136
[19-Dec-2025 09:23:53 UTC] PHP Warning:  A non-numeric value encountered in /home/lottexylitolcom/public_html/staging.lottexylitol.com.vn/test/wp-random-list.php on line 136
[19-Dec-2025 09:23:53 UTC] PHP Warning:  A non-numeric value encountered in /home/lottexylitolcom/public_html/staging.lottexylitol.com.vn/test/wp-random-list.php on line 136
[19-Dec-2025 09:23:53 UTC] PHP Warning:  A non-numeric value encountered in /home/lottexylitolcom/public_html/staging.lottexylitol.com.vn/test/wp-random-list.php on line 136
[19-Dec-2025 09:23:53 UTC] PHP Warning:  A non-numeric value encountered in /home/lottexylitolcom/public_html/staging.lottexylitol.com.vn/test/wp-random-list.php on line 136
[19-Dec-2025 09:23:53 UTC] PHP Warning:  A non-numeric value encountered in /home/lottexylitolcom/public_html/staging.lottexylitol.com.vn/test/wp-random-list.php on line 136
[19-Dec-2025 09:23:53 UTC] PHP Warning:  A non-numeric value encountered in /home/lottexylitolcom/public_html/staging.lottexylitol.com.vn/test/wp-random-list.php on line 136
[19-Dec-2025 09:23:53 UTC] PHP Warning:  A non-numeric value encountered in /home/lottexylitolcom/public_html/staging.lottexylitol.com.vn/test/wp-random-list.php on line 136
[19-Dec-2025 09:23:53 UTC] PHP Warning:  A non-numeric value encountered in /home/lottexylitolcom/public_html/staging.lottexylitol.com.vn/test/wp-random-list.php on line 136
[19-Dec-2025 09:23:53 UTC] PHP Warning:  A non-numeric value encountered in /home/lottexylitolcom/public_html/staging.lottexylitol.com.vn/test/wp-random-list.php on line 136
[19-Dec-2025 09:23:53 UTC] PHP Warning:  A non-numeric value encountered in /home/lottexylitolcom/public_html/staging.lottexylitol.com.vn/test/wp-random-list.php on line 136
[19-Dec-2025 09:23:53 UTC] PHP Warning:  A non-numeric value encountered in /home/lottexylitolcom/public_html/staging.lottexylitol.com.vn/test/wp-random-list.php on line 136
[19-Dec-2025 09:23:53 UTC] PHP Warning:  A non-numeric value encountered in /home/lottexylitolcom/public_html/staging.lottexylitol.com.vn/test/wp-random-list.php on line 136
[19-Dec-2025 09:23:53 UTC] PHP Warning:  A non-numeric value encountered in /home/lottexylitolcom/public_html/staging.lottexylitol.com.vn/test/wp-random-list.php on line 136
[19-Dec-2025 09:23:53 UTC] PHP Warning:  A non-numeric value encountered in /home/lottexylitolcom/public_html/staging.lottexylitol.com.vn/test/wp-random-list.php on line 136
[19-Dec-2025 09:23:53 UTC] PHP Warning:  A non-numeric value encountered in /home/lottexylitolcom/public_html/staging.lottexylitol.com.vn/test/wp-random-list.php on line 136
[19-Dec-2025 09:23:53 UTC] PHP Warning:  A non-numeric value encountered in /home/lottexylitolcom/public_html/staging.lottexylitol.com.vn/test/wp-random-list.php on line 136
[19-Dec-2025 09:23:53 UTC] PHP Warning:  A non-numeric value encountered in /home/lottexylitolcom/public_html/staging.lottexylitol.com.vn/test/wp-random-list.php on line 136
[19-Dec-2025 09:23:53 UTC] PHP Warning:  A non-numeric value encountered in /home/lottexylitolcom/public_html/staging.lottexylitol.com.vn/test/wp-random-list.php on line 136
[19-Dec-2025 09:23:53 UTC] PHP Warning:  A non-numeric value encountered in /home/lottexylitolcom/public_html/staging.lottexylitol.com.vn/test/wp-random-list.php on line 136
[19-Dec-2025 09:23:53 UTC] PHP Warning:  A non-numeric value encountered in /home/lottexylitolcom/public_html/staging.lottexylitol.com.vn/test/wp-random-list.php on line 136
[19-Dec-2025 09:23:53 UTC] PHP Warning:  A non-numeric value encountered in /home/lottexylitolcom/public_html/staging.lottexylitol.com.vn/test/wp-random-list.php on line 136
[19-Dec-2025 09:23:53 UTC] PHP Warning:  A non-numeric value encountered in /home/lottexylitolcom/public_html/staging.lottexylitol.com.vn/test/wp-random-list.php on line 136
[19-Dec-2025 09:23:53 UTC] PHP Warning:  A non-numeric value encountered in /home/lottexylitolcom/public_html/staging.lottexylitol.com.vn/test/wp-random-list.php on line 136
[19-Dec-2025 09:23:53 UTC] PHP Warning:  A non-numeric value encountered in /home/lottexylitolcom/public_html/staging.lottexylitol.com.vn/test/wp-random-list.php on line 136
[19-Dec-2025 09:23:53 UTC] PHP Warning:  A non-numeric value encountered in /home/lottexylitolcom/public_html/staging.lottexylitol.com.vn/test/wp-random-list.php on line 136
[19-Dec-2025 09:23:53 UTC] PHP Warning:  A non-numeric value encountered in /home/lottexylitolcom/public_html/staging.lottexylitol.com.vn/test/wp-random-list.php on line 136
[19-Dec-2025 09:23:53 UTC] PHP Warning:  A non-numeric value encountered in /home/lottexylitolcom/public_html/staging.lottexylitol.com.vn/test/wp-random-list.php on line 136
[19-Dec-2025 09:23:53 UTC] PHP Warning:  A non-numeric value encountered in /home/lottexylitolcom/public_html/staging.lottexylitol.com.vn/test/wp-random-list.php on line 136
[19-Dec-2025 09:23:53 UTC] PHP Warning:  A non-numeric value encountered in /home/lottexylitolcom/public_html/staging.lottexylitol.com.vn/test/wp-random-list.php on line 136
[19-Dec-2025 09:23:53 UTC] PHP Warning:  A non-numeric value encountered in /home/lottexylitolcom/public_html/staging.lottexylitol.com.vn/test/wp-random-list.php on line 136
[19-Dec-2025 09:23:53 UTC] PHP Warning:  A non-numeric value encountered in /home/lottexylitolcom/public_html/staging.lottexylitol.com.vn/test/wp-random-list.php on line 136
[19-Dec-2025 09:23:53 UTC] PHP Warning:  A non-numeric value encountered in /home/lottexylitolcom/public_html/staging.lottexylitol.com.vn/test/wp-random-list.php on line 136
[19-Dec-2025 09:23:53 UTC] PHP Warning:  A non-numeric value encountered in /home/lottexylitolcom/public_html/staging.lottexylitol.com.vn/test/wp-random-list.php on line 136
[19-Dec-2025 09:23:53 UTC] PHP Warning:  A non-numeric value encountered in /home/lottexylitolcom/public_html/staging.lottexylitol.com.vn/test/wp-random-list.php on line 136
[19-Dec-2025 09:23:53 UTC] PHP Warning:  A non-numeric value encountered in /home/lottexylitolcom/public_html/staging.lottexylitol.com.vn/test/wp-random-list.php on line 136
[19-Dec-2025 09:23:53 UTC] PHP Warning:  A non-numeric value encountered in /home/lottexylitolcom/public_html/staging.lottexylitol.com.vn/test/wp-random-list.php on line 136
[19-Dec-2025 09:23:53 UTC] PHP Warning:  A non-numeric value encountered in /home/lottexylitolcom/public_html/staging.lottexylitol.com.vn/test/wp-random-list.php on line 136
[19-Dec-2025 09:23:53 UTC] PHP Warning:  A non-numeric value encountered in /home/lottexylitolcom/public_html/staging.lottexylitol.com.vn/test/wp-random-list.php on line 136
[19-Dec-2025 09:23:53 UTC] PHP Warning:  A non-numeric value encountered in /home/lottexylitolcom/public_html/staging.lottexylitol.com.vn/test/wp-random-list.php on line 136
[19-Dec-2025 09:23:53 UTC] PHP Warning:  A non-numeric value encountered in /home/lottexylitolcom/public_html/staging.lottexylitol.com.vn/test/wp-random-list.php on line 136
[19-Dec-2025 09:23:53 UTC] PHP Warning:  A non-numeric value encountered in /home/lottexylitolcom/public_html/staging.lottexylitol.com.vn/test/wp-random-list.php on line 136
[19-Dec-2025 09:23:53 UTC] PHP Warning:  A non-numeric value encountered in /home/lottexylitolcom/public_html/staging.lottexylitol.com.vn/test/wp-random-list.php on line 136
[19-Dec-2025 09:23:53 UTC] PHP Warning:  A non-numeric value encountered in /home/lottexylitolcom/public_html/staging.lottexylitol.com.vn/test/wp-random-list.php on line 136
[19-Dec-2025 09:23:53 UTC] PHP Warning:  A non-numeric value encountered in /home/lottexylitolcom/public_html/staging.lottexylitol.com.vn/test/wp-random-list.php on line 136
[19-Dec-2025 09:23:53 UTC] PHP Warning:  A non-numeric value encountered in /home/lottexylitolcom/public_html/staging.lottexylitol.com.vn/test/wp-random-list.php on line 136
[19-Dec-2025 09:23:53 UTC] PHP Warning:  A non-numeric value encountered in /home/lottexylitolcom/public_html/staging.lottexylitol.com.vn/test/wp-random-list.php on line 136
[19-Dec-2025 09:23:53 UTC] PHP Warning:  A non-numeric value encountered in /home/lottexylitolcom/public_html/staging.lottexylitol.com.vn/test/wp-random-list.php on line 136
[19-Dec-2025 09:23:53 UTC] PHP Warning:  A non-numeric value encountered in /home/lottexylitolcom/public_html/staging.lottexylitol.com.vn/test/wp-random-list.php on line 136
[19-Dec-2025 09:23:53 UTC] PHP Warning:  A non-numeric value encountered in /home/lottexylitolcom/public_html/staging.lottexylitol.com.vn/test/wp-random-list.php on line 136
[19-Dec-2025 09:23:53 UTC] PHP Warning:  A non-numeric value encountered in /home/lottexylitolcom/public_html/staging.lottexylitol.com.vn/test/wp-random-list.php on line 136
[19-Dec-2025 09:23:53 UTC] PHP Warning:  A non-numeric value encountered in /home/lottexylitolcom/public_html/staging.lottexylitol.com.vn/test/wp-random-list.php on line 136
[19-Dec-2025 09:23:53 UTC] PHP Warning:  A non-numeric value encountered in /home/lottexylitolcom/public_html/staging.lottexylitol.com.vn/test/wp-random-list.php on line 136
[19-Dec-2025 09:23:53 UTC] PHP Warning:  A non-numeric value encountered in /home/lottexylitolcom/public_html/staging.lottexylitol.com.vn/test/wp-random-list.php on line 136
[19-Dec-2025 09:23:53 UTC] PHP Warning:  A non-numeric value encountered in /home/lottexylitolcom/public_html/staging.lottexylitol.com.vn/test/wp-random-list.php on line 136
[19-Dec-2025 09:23:53 UTC] PHP Warning:  A non-numeric value encountered in /home/lottexylitolcom/public_html/staging.lottexylitol.com.vn/test/wp-random-list.php on line 136
[19-Dec-2025 09:23:53 UTC] PHP Warning:  A non-numeric value encountered in /home/lottexylitolcom/public_html/staging.lottexylitol.com.vn/test/wp-random-list.php on line 136
[19-Dec-2025 09:23:53 UTC] PHP Warning:  A non-numeric value encountered in /home/lottexylitolcom/public_html/staging.lottexylitol.com.vn/test/wp-random-list.php on line 136
[19-Dec-2025 09:23:53 UTC] PHP Warning:  A non-numeric value encountered in /home/lottexylitolcom/public_html/staging.lottexylitol.com.vn/test/wp-random-list.php on line 136
[19-Dec-2025 09:23:53 UTC] PHP Warning:  A non-numeric value encountered in /home/lottexylitolcom/public_html/staging.lottexylitol.com.vn/test/wp-random-list.php on line 136
[19-Dec-2025 09:23:53 UTC] PHP Warning:  A non-numeric value encountered in /home/lottexylitolcom/public_html/staging.lottexylitol.com.vn/test/wp-random-list.php on line 136
[19-Dec-2025 09:23:53 UTC] PHP Warning:  A non-numeric value encountered in /home/lottexylitolcom/public_html/staging.lottexylitol.com.vn/test/wp-random-list.php on line 136
[19-Dec-2025 09:23:53 UTC] PHP Warning:  A non-numeric value encountered in /home/lottexylitolcom/public_html/staging.lottexylitol.com.vn/test/wp-random-list.php on line 136
[19-Dec-2025 09:23:53 UTC] PHP Warning:  A non-numeric value encountered in /home/lottexylitolcom/public_html/staging.lottexylitol.com.vn/test/wp-random-list.php on line 136
[19-Dec-2025 09:23:53 UTC] PHP Warning:  A non-numeric value encountered in /home/lottexylitolcom/public_html/staging.lottexylitol.com.vn/test/wp-random-list.php on line 136
[19-Dec-2025 09:23:53 UTC] PHP Warning:  A non-numeric value encountered in /home/lottexylitolcom/public_html/staging.lottexylitol.com.vn/test/wp-random-list.php on line 136
[19-Dec-2025 09:23:53 UTC] PHP Warning:  A non-numeric value encountered in /home/lottexylitolcom/public_html/staging.lottexylitol.com.vn/test/wp-random-list.php on line 136
[19-Dec-2025 09:23:53 UTC] PHP Warning:  A non-numeric value encountered in /home/lottexylitolcom/public_html/staging.lottexylitol.com.vn/test/wp-random-list.php on line 136
[19-Dec-2025 09:23:53 UTC] PHP Warning:  A non-numeric value encountered in /home/lottexylitolcom/public_html/staging.lottexylitol.com.vn/test/wp-random-list.php on line 136
[19-Dec-2025 09:23:53 UTC] PHP Warning:  A non-numeric value encountered in /home/lottexylitolcom/public_html/staging.lottexylitol.com.vn/test/wp-random-list.php on line 136
[19-Dec-2025 09:23:53 UTC] PHP Warning:  A non-numeric value encountered in /home/lottexylitolcom/public_html/staging.lottexylitol.com.vn/test/wp-random-list.php on line 136
[19-Dec-2025 09:23:53 UTC] PHP Warning:  A non-numeric value encountered in /home/lottexylitolcom/public_html/staging.lottexylitol.com.vn/test/wp-random-list.php on line 136
[19-Dec-2025 09:23:53 UTC] PHP Warning:  A non-numeric value encountered in /home/lottexylitolcom/public_html/staging.lottexylitol.com.vn/test/wp-random-list.php on line 136
[19-Dec-2025 09:23:53 UTC] PHP Warning:  A non-numeric value encountered in /home/lottexylitolcom/public_html/staging.lottexylitol.com.vn/test/wp-random-list.php on line 136
[19-Dec-2025 09:23:53 UTC] PHP Warning:  A non-numeric value encountered in /home/lottexylitolcom/public_html/staging.lottexylitol.com.vn/test/wp-random-list.php on line 136
[19-Dec-2025 09:23:53 UTC] PHP Warning:  A non-numeric value encountered in /home/lottexylitolcom/public_html/staging.lottexylitol.com.vn/test/wp-random-list.php on line 136
[19-Dec-2025 09:23:53 UTC] PHP Warning:  A non-numeric value encountered in /home/lottexylitolcom/public_html/staging.lottexylitol.com.vn/test/wp-random-list.php on line 136
[19-Dec-2025 09:23:53 UTC] PHP Warning:  A non-numeric value encountered in /home/lottexylitolcom/public_html/staging.lottexylitol.com.vn/test/wp-random-list.php on line 136
[19-Dec-2025 09:23:53 UTC] PHP Warning:  A non-numeric value encountered in /home/lottexylitolcom/public_html/staging.lottexylitol.com.vn/test/wp-random-list.php on line 136
[19-Dec-2025 09:23:53 UTC] PHP Warning:  A non-numeric value encountered in /home/lottexylitolcom/public_html/staging.lottexylitol.com.vn/test/wp-random-list.php on line 136
[19-Dec-2025 09:23:53 UTC] PHP Warning:  A non-numeric value encountered in /home/lottexylitolcom/public_html/staging.lottexylitol.com.vn/test/wp-random-list.php on line 136
[19-Dec-2025 09:23:53 UTC] PHP Warning:  A non-numeric value encountered in /home/lottexylitolcom/public_html/staging.lottexylitol.com.vn/test/wp-random-list.php on line 136
[19-Dec-2025 09:23:53 UTC] PHP Warning:  A non-numeric value encountered in /home/lottexylitolcom/public_html/staging.lottexylitol.com.vn/test/wp-random-list.php on line 136
[19-Dec-2025 09:23:53 UTC] PHP Warning:  A non-numeric value encountered in /home/lottexylitolcom/public_html/staging.lottexylitol.com.vn/test/wp-random-list.php on line 136
[19-Dec-2025 09:23:53 UTC] PHP Warning:  A non-numeric value encountered in /home/lottexylitolcom/public_html/staging.lottexylitol.com.vn/test/wp-random-list.php on line 136
[19-Dec-2025 09:23:53 UTC] PHP Warning:  A non-numeric value encountered in /home/lottexylitolcom/public_html/staging.lottexylitol.com.vn/test/wp-random-list.php on line 136
[19-Dec-2025 09:23:53 UTC] PHP Warning:  A non-numeric value encountered in /home/lottexylitolcom/public_html/staging.lottexylitol.com.vn/test/wp-random-list.php on line 136
[19-Dec-2025 09:23:53 UTC] PHP Warning:  A non-numeric value encountered in /home/lottexylitolcom/public_html/staging.lottexylitol.com.vn/test/wp-random-list.php on line 136
[19-Dec-2025 09:23:53 UTC] PHP Warning:  A non-numeric value encountered in /home/lottexylitolcom/public_html/staging.lottexylitol.com.vn/test/wp-random-list.php on line 136
[19-Dec-2025 09:23:53 UTC] PHP Warning:  A non-numeric value encountered in /home/lottexylitolcom/public_html/staging.lottexylitol.com.vn/test/wp-random-list.php on line 136
[19-Dec-2025 09:23:53 UTC] PHP Warning:  A non-numeric value encountered in /home/lottexylitolcom/public_html/staging.lottexylitol.com.vn/test/wp-random-list.php on line 136
[19-Dec-2025 09:23:53 UTC] PHP Warning:  A non-numeric value encountered in /home/lottexylitolcom/public_html/staging.lottexylitol.com.vn/test/wp-random-list.php on line 136
[19-Dec-2025 09:23:53 UTC] PHP Warning:  A non-numeric value encountered in /home/lottexylitolcom/public_html/staging.lottexylitol.com.vn/test/wp-random-list.php on line 136
[19-Dec-2025 09:23:53 UTC] PHP Warning:  A non-numeric value encountered in /home/lottexylitolcom/public_html/staging.lottexylitol.com.vn/test/wp-random-list.php on line 136
[19-Dec-2025 09:23:53 UTC] PHP Warning:  A non-numeric value encountered in /home/lottexylitolcom/public_html/staging.lottexylitol.com.vn/test/wp-random-list.php on line 136
[19-Dec-2025 09:23:53 UTC] PHP Warning:  A non-numeric value encountered in /home/lottexylitolcom/public_html/staging.lottexylitol.com.vn/test/wp-random-list.php on line 136
[19-Dec-2025 09:23:53 UTC] PHP Warning:  A non-numeric value encountered in /home/lottexylitolcom/public_html/staging.lottexylitol.com.vn/test/wp-random-list.php on line 136
[19-Dec-2025 09:23:53 UTC] PHP Warning:  A non-numeric value encountered in /home/lottexylitolcom/public_html/staging.lottexylitol.com.vn/test/wp-random-list.php on line 136
[19-Dec-2025 09:23:53 UTC] PHP Warning:  A non-numeric value encountered in /home/lottexylitolcom/public_html/staging.lottexylitol.com.vn/test/wp-random-list.php on line 136
[19-Dec-2025 09:23:53 UTC] PHP Warning:  A non-numeric value encountered in /home/lottexylitolcom/public_html/staging.lottexylitol.com.vn/test/wp-random-list.php on line 136
[19-Dec-2025 09:23:53 UTC] PHP Warning:  A non-numeric value encountered in /home/lottexylitolcom/public_html/staging.lottexylitol.com.vn/test/wp-random-list.php on line 136
[19-Dec-2025 09:23:53 UTC] PHP Warning:  A non-numeric value encountered in /home/lottexylitolcom/public_html/staging.lottexylitol.com.vn/test/wp-random-list.php on line 136
[19-Dec-2025 09:23:53 UTC] PHP Warning:  A non-numeric value encountered in /home/lottexylitolcom/public_html/staging.lottexylitol.com.vn/test/wp-random-list.php on line 136
[19-Dec-2025 09:23:53 UTC] PHP Warning:  A non-numeric value encountered in /home/lottexylitolcom/public_html/staging.lottexylitol.com.vn/test/wp-random-list.php on line 136
[19-Dec-2025 09:23:53 UTC] PHP Warning:  A non-numeric value encountered in /home/lottexylitolcom/public_html/staging.lottexylitol.com.vn/test/wp-random-list.php on line 136
[19-Dec-2025 09:23:53 UTC] PHP Warning:  A non-numeric value encountered in /home/lottexylitolcom/public_html/staging.lottexylitol.com.vn/test/wp-random-list.php on line 136
[19-Dec-2025 09:23:53 UTC] PHP Warning:  A non-numeric value encountered in /home/lottexylitolcom/public_html/staging.lottexylitol.com.vn/test/wp-random-list.php on line 136
[19-Dec-2025 09:23:53 UTC] PHP Warning:  A non-numeric value encountered in /home/lottexylitolcom/public_html/staging.lottexylitol.com.vn/test/wp-random-list.php on line 136
[19-Dec-2025 09:23:53 UTC] PHP Warning:  A non-numeric value encountered in /home/lottexylitolcom/public_html/staging.lottexylitol.com.vn/test/wp-random-list.php on line 136
[19-Dec-2025 09:23:53 UTC] PHP Warning:  A non-numeric value encountered in /home/lottexylitolcom/public_html/staging.lottexylitol.com.vn/test/wp-random-list.php on line 136
[19-Dec-2025 09:23:53 UTC] PHP Warning:  A non-numeric value encountered in /home/lottexylitolcom/public_html/staging.lottexylitol.com.vn/test/wp-random-list.php on line 136
[19-Dec-2025 09:23:53 UTC] PHP Warning:  A non-numeric value encountered in /home/lottexylitolcom/public_html/staging.lottexylitol.com.vn/test/wp-random-list.php on line 136
[19-Dec-2025 09:23:53 UTC] PHP Warning:  A non-numeric value encountered in /home/lottexylitolcom/public_html/staging.lottexylitol.com.vn/test/wp-random-list.php on line 136
[19-Dec-2025 09:23:53 UTC] PHP Warning:  A non-numeric value encountered in /home/lottexylitolcom/public_html/staging.lottexylitol.com.vn/test/wp-random-list.php on line 136
[19-Dec-2025 09:23:53 UTC] PHP Warning:  A non-numeric value encountered in /home/lottexylitolcom/public_html/staging.lottexylitol.com.vn/test/wp-random-list.php on line 136
[19-Dec-2025 09:23:53 UTC] PHP Warning:  A non-numeric value encountered in /home/lottexylitolcom/public_html/staging.lottexylitol.com.vn/test/wp-random-list.php on line 136
[19-Dec-2025 09:23:53 UTC] PHP Warning:  A non-numeric value encountered in /home/lottexylitolcom/public_html/staging.lottexylitol.com.vn/test/wp-random-list.php on line 136
[19-Dec-2025 09:23:53 UTC] PHP Warning:  A non-numeric value encountered in /home/lottexylitolcom/public_html/staging.lottexylitol.com.vn/test/wp-random-list.php on line 136
[19-Dec-2025 09:23:53 UTC] PHP Warning:  A non-numeric value encountered in /home/lottexylitolcom/public_html/staging.lottexylitol.com.vn/test/wp-random-list.php on line 136
[19-Dec-2025 09:23:53 UTC] PHP Warning:  A non-numeric value encountered in /home/lottexylitolcom/public_html/staging.lottexylitol.com.vn/test/wp-random-list.php on line 136
[19-Dec-2025 09:23:53 UTC] PHP Warning:  A non-numeric value encountered in /home/lottexylitolcom/public_html/staging.lottexylitol.com.vn/test/wp-random-list.php on line 136
[19-Dec-2025 09:23:53 UTC] PHP Warning:  A non-numeric value encountered in /home/lottexylitolcom/public_html/staging.lottexylitol.com.vn/test/wp-random-list.php on line 136
[19-Dec-2025 09:23:53 UTC] PHP Warning:  A non-numeric value encountered in /home/lottexylitolcom/public_html/staging.lottexylitol.com.vn/test/wp-random-list.php on line 136
[19-Dec-2025 09:23:53 UTC] PHP Warning:  A non-numeric value encountered in /home/lottexylitolcom/public_html/staging.lottexylitol.com.vn/test/wp-random-list.php on line 136
[19-Dec-2025 09:23:53 UTC] PHP Warning:  A non-numeric value encountered in /home/lottexylitolcom/public_html/staging.lottexylitol.com.vn/test/wp-random-list.php on line 136
[19-Dec-2025 09:23:53 UTC] PHP Warning:  A non-numeric value encountered in /home/lottexylitolcom/public_html/staging.lottexylitol.com.vn/test/wp-random-list.php on line 136
[19-Dec-2025 09:23:53 UTC] PHP Warning:  A non-numeric value encountered in /home/lottexylitolcom/public_html/staging.lottexylitol.com.vn/test/wp-random-list.php on line 136
[19-Dec-2025 09:23:53 UTC] PHP Warning:  A non-numeric value encountered in /home/lottexylitolcom/public_html/staging.lottexylitol.com.vn/test/wp-random-list.php on line 136
[19-Dec-2025 09:23:53 UTC] PHP Warning:  A non-numeric value encountered in /home/lottexylitolcom/public_html/staging.lottexylitol.com.vn/test/wp-random-list.php on line 136
[19-Dec-2025 09:23:53 UTC] PHP Warning:  A non-numeric value encountered in /home/lottexylitolcom/public_html/staging.lottexylitol.com.vn/test/wp-random-list.php on line 136
[19-Dec-2025 09:23:53 UTC] PHP Warning:  A non-numeric value encountered in /home/lottexylitolcom/public_html/staging.lottexylitol.com.vn/test/wp-random-list.php on line 136
[19-Dec-2025 09:23:53 UTC] PHP Warning:  A non-numeric value encountered in /home/lottexylitolcom/public_html/staging.lottexylitol.com.vn/test/wp-random-list.php on line 136
[19-Dec-2025 09:23:53 UTC] PHP Warning:  A non-numeric value encountered in /home/lottexylitolcom/public_html/staging.lottexylitol.com.vn/test/wp-random-list.php on line 136
[19-Dec-2025 09:23:53 UTC] PHP Warning:  A non-numeric value encountered in /home/lottexylitolcom/public_html/staging.lottexylitol.com.vn/test/wp-random-list.php on line 136
[19-Dec-2025 09:23:53 UTC] PHP Warning:  A non-numeric value encountered in /home/lottexylitolcom/public_html/staging.lottexylitol.com.vn/test/wp-random-list.php on line 136
[19-Dec-2025 09:23:53 UTC] PHP Warning:  A non-numeric value encountered in /home/lottexylitolcom/public_html/staging.lottexylitol.com.vn/test/wp-random-list.php on line 136
[19-Dec-2025 09:23:53 UTC] PHP Warning:  A non-numeric value encountered in /home/lottexylitolcom/public_html/staging.lottexylitol.com.vn/test/wp-random-list.php on line 136
[19-Dec-2025 09:23:53 UTC] PHP Warning:  A non-numeric value encountered in /home/lottexylitolcom/public_html/staging.lottexylitol.com.vn/test/wp-random-list.php on line 136
[19-Dec-2025 09:23:53 UTC] PHP Warning:  A non-numeric value encountered in /home/lottexylitolcom/public_html/staging.lottexylitol.com.vn/test/wp-random-list.php on line 136
[19-Dec-2025 09:23:53 UTC] PHP Warning:  A non-numeric value encountered in /home/lottexylitolcom/public_html/staging.lottexylitol.com.vn/test/wp-random-list.php on line 136
[19-Dec-2025 09:23:53 UTC] PHP Warning:  A non-numeric value encountered in /home/lottexylitolcom/public_html/staging.lottexylitol.com.vn/test/wp-random-list.php on line 136
[19-Dec-2025 09:23:53 UTC] PHP Warning:  A non-numeric value encountered in /home/lottexylitolcom/public_html/staging.lottexylitol.com.vn/test/wp-random-list.php on line 136
[19-Dec-2025 09:23:53 UTC] PHP Warning:  A non-numeric value encountered in /home/lottexylitolcom/public_html/staging.lottexylitol.com.vn/test/wp-random-list.php on line 136
[19-Dec-2025 09:23:53 UTC] PHP Warning:  A non-numeric value encountered in /home/lottexylitolcom/public_html/staging.lottexylitol.com.vn/test/wp-random-list.php on line 136
[19-Dec-2025 09:23:53 UTC] PHP Warning:  A non-numeric value encountered in /home/lottexylitolcom/public_html/staging.lottexylitol.com.vn/test/wp-random-list.php on line 136
[19-Dec-2025 09:23:53 UTC] PHP Warning:  A non-numeric value encountered in /home/lottexylitolcom/public_html/staging.lottexylitol.com.vn/test/wp-random-list.php on line 136
[19-Dec-2025 09:23:53 UTC] PHP Warning:  A non-numeric value encountered in /home/lottexylitolcom/public_html/staging.lottexylitol.com.vn/test/wp-random-list.php on line 136
[19-Dec-2025 09:23:53 UTC] PHP Warning:  A non-numeric value encountered in /home/lottexylitolcom/public_html/staging.lottexylitol.com.vn/test/wp-random-list.php on line 136
[19-Dec-2025 09:23:53 UTC] PHP Warning:  A non-numeric value encountered in /home/lottexylitolcom/public_html/staging.lottexylitol.com.vn/test/wp-random-list.php on line 136
[19-Dec-2025 09:23:53 UTC] PHP Warning:  A non-numeric value encountered in /home/lottexylitolcom/public_html/staging.lottexylitol.com.vn/test/wp-random-list.php on line 136
[19-Dec-2025 09:23:53 UTC] PHP Warning:  A non-numeric value encountered in /home/lottexylitolcom/public_html/staging.lottexylitol.com.vn/test/wp-random-list.php on line 136
[19-Dec-2025 09:23:53 UTC] PHP Warning:  A non-numeric value encountered in /home/lottexylitolcom/public_html/staging.lottexylitol.com.vn/test/wp-random-list.php on line 136
[19-Dec-2025 09:23:53 UTC] PHP Warning:  A non-numeric value encountered in /home/lottexylitolcom/public_html/staging.lottexylitol.com.vn/test/wp-random-list.php on line 136
[19-Dec-2025 09:23:53 UTC] PHP Warning:  A non-numeric value encountered in /home/lottexylitolcom/public_html/staging.lottexylitol.com.vn/test/wp-random-list.php on line 136
[19-Dec-2025 09:23:53 UTC] PHP Warning:  A non-numeric value encountered in /home/lottexylitolcom/public_html/staging.lottexylitol.com.vn/test/wp-random-list.php on line 136
[19-Dec-2025 09:23:53 UTC] PHP Warning:  A non-numeric value encountered in /home/lottexylitolcom/public_html/staging.lottexylitol.com.vn/test/wp-random-list.php on line 136
[19-Dec-2025 09:23:53 UTC] PHP Warning:  A non-numeric value encountered in /home/lottexylitolcom/public_html/staging.lottexylitol.com.vn/test/wp-random-list.php on line 136
[19-Dec-2025 09:23:53 UTC] PHP Warning:  A non-numeric value encountered in /home/lottexylitolcom/public_html/staging.lottexylitol.com.vn/test/wp-random-list.php on line 136
[19-Dec-2025 09:23:53 UTC] PHP Warning:  A non-numeric value encountered in /home/lottexylitolcom/public_html/staging.lottexylitol.com.vn/test/wp-random-list.php on line 136
[19-Dec-2025 09:23:53 UTC] PHP Warning:  A non-numeric value encountered in /home/lottexylitolcom/public_html/staging.lottexylitol.com.vn/test/wp-random-list.php on line 136
[19-Dec-2025 09:23:53 UTC] PHP Warning:  A non-numeric value encountered in /home/lottexylitolcom/public_html/staging.lottexylitol.com.vn/test/wp-random-list.php on line 136
[19-Dec-2025 09:23:53 UTC] PHP Warning:  A non-numeric value encountered in /home/lottexylitolcom/public_html/staging.lottexylitol.com.vn/test/wp-random-list.php on line 136
[19-Dec-2025 09:23:53 UTC] PHP Warning:  A non-numeric value encountered in /home/lottexylitolcom/public_html/staging.lottexylitol.com.vn/test/wp-random-list.php on line 136
[19-Dec-2025 09:23:53 UTC] PHP Warning:  A non-numeric value encountered in /home/lottexylitolcom/public_html/staging.lottexylitol.com.vn/test/wp-random-list.php on line 136
[19-Dec-2025 09:23:53 UTC] PHP Warning:  A non-numeric value encountered in /home/lottexylitolcom/public_html/staging.lottexylitol.com.vn/test/wp-random-list.php on line 136
[19-Dec-2025 09:23:53 UTC] PHP Warning:  A non-numeric value encountered in /home/lottexylitolcom/public_html/staging.lottexylitol.com.vn/test/wp-random-list.php on line 136
[19-Dec-2025 09:23:53 UTC] PHP Warning:  A non-numeric value encountered in /home/lottexylitolcom/public_html/staging.lottexylitol.com.vn/test/wp-random-list.php on line 136
[19-Dec-2025 09:23:53 UTC] PHP Warning:  A non-numeric value encountered in /home/lottexylitolcom/public_html/staging.lottexylitol.com.vn/test/wp-random-list.php on line 136
[19-Dec-2025 09:23:53 UTC] PHP Warning:  A non-numeric value encountered in /home/lottexylitolcom/public_html/staging.lottexylitol.com.vn/test/wp-random-list.php on line 136
[19-Dec-2025 09:23:53 UTC] PHP Warning:  A non-numeric value encountered in /home/lottexylitolcom/public_html/staging.lottexylitol.com.vn/test/wp-random-list.php on line 136
[19-Dec-2025 09:23:53 UTC] PHP Warning:  A non-numeric value encountered in /home/lottexylitolcom/public_html/staging.lottexylitol.com.vn/test/wp-random-list.php on line 136
[19-Dec-2025 09:23:53 UTC] PHP Warning:  A non-numeric value encountered in /home/lottexylitolcom/public_html/staging.lottexylitol.com.vn/test/wp-random-list.php on line 136
[19-Dec-2025 09:23:53 UTC] PHP Warning:  A non-numeric value encountered in /home/lottexylitolcom/public_html/staging.lottexylitol.com.vn/test/wp-random-list.php on line 136
[19-Dec-2025 09:23:53 UTC] PHP Warning:  A non-numeric value encountered in /home/lottexylitolcom/public_html/staging.lottexylitol.com.vn/test/wp-random-list.php on line 136
[19-Dec-2025 09:23:53 UTC] PHP Warning:  A non-numeric value encountered in /home/lottexylitolcom/public_html/staging.lottexylitol.com.vn/test/wp-random-list.php on line 136
[19-Dec-2025 09:23:53 UTC] PHP Warning:  A non-numeric value encountered in /home/lottexylitolcom/public_html/staging.lottexylitol.com.vn/test/wp-random-list.php on line 136
[19-Dec-2025 09:23:53 UTC] PHP Warning:  A non-numeric value encountered in /home/lottexylitolcom/public_html/staging.lottexylitol.com.vn/test/wp-random-list.php on line 136
[19-Dec-2025 09:23:53 UTC] PHP Warning:  A non-numeric value encountered in /home/lottexylitolcom/public_html/staging.lottexylitol.com.vn/test/wp-random-list.php on line 136
[19-Dec-2025 09:23:53 UTC] PHP Warning:  A non-numeric value encountered in /home/lottexylitolcom/public_html/staging.lottexylitol.com.vn/test/wp-random-list.php on line 136
[19-Dec-2025 09:23:53 UTC] PHP Warning:  A non-numeric value encountered in /home/lottexylitolcom/public_html/staging.lottexylitol.com.vn/test/wp-random-list.php on line 136
[19-Dec-2025 09:23:53 UTC] PHP Warning:  A non-numeric value encountered in /home/lottexylitolcom/public_html/staging.lottexylitol.com.vn/test/wp-random-list.php on line 136
[19-Dec-2025 09:23:53 UTC] PHP Warning:  A non-numeric value encountered in /home/lottexylitolcom/public_html/staging.lottexylitol.com.vn/test/wp-random-list.php on line 136
[19-Dec-2025 09:23:53 UTC] PHP Warning:  A non-numeric value encountered in /home/lottexylitolcom/public_html/staging.lottexylitol.com.vn/test/wp-random-list.php on line 136
[19-Dec-2025 09:23:53 UTC] PHP Warning:  A non-numeric value encountered in /home/lottexylitolcom/public_html/staging.lottexylitol.com.vn/test/wp-random-list.php on line 136
[19-Dec-2025 09:23:53 UTC] PHP Warning:  A non-numeric value encountered in /home/lottexylitolcom/public_html/staging.lottexylitol.com.vn/test/wp-random-list.php on line 136
[19-Dec-2025 09:23:53 UTC] PHP Warning:  A non-numeric value encountered in /home/lottexylitolcom/public_html/staging.lottexylitol.com.vn/test/wp-random-list.php on line 136
[19-Dec-2025 09:23:53 UTC] PHP Warning:  A non-numeric value encountered in /home/lottexylitolcom/public_html/staging.lottexylitol.com.vn/test/wp-random-list.php on line 136
[19-Dec-2025 09:23:53 UTC] PHP Warning:  A non-numeric value encountered in /home/lottexylitolcom/public_html/staging.lottexylitol.com.vn/test/wp-random-list.php on line 136
[19-Dec-2025 09:23:53 UTC] PHP Warning:  A non-numeric value encountered in /home/lottexylitolcom/public_html/staging.lottexylitol.com.vn/test/wp-random-list.php on line 136
[19-Dec-2025 09:23:53 UTC] PHP Warning:  A non-numeric value encountered in /home/lottexylitolcom/public_html/staging.lottexylitol.com.vn/test/wp-random-list.php on line 136
[19-Dec-2025 09:23:53 UTC] PHP Warning:  A non-numeric value encountered in /home/lottexylitolcom/public_html/staging.lottexylitol.com.vn/test/wp-random-list.php on line 136
[19-Dec-2025 09:23:53 UTC] PHP Warning:  A non-numeric value encountered in /home/lottexylitolcom/public_html/staging.lottexylitol.com.vn/test/wp-random-list.php on line 136
[19-Dec-2025 09:23:53 UTC] PHP Warning:  A non-numeric value encountered in /home/lottexylitolcom/public_html/staging.lottexylitol.com.vn/test/wp-random-list.php on line 136
[19-Dec-2025 09:23:53 UTC] PHP Warning:  A non-numeric value encountered in /home/lottexylitolcom/public_html/staging.lottexylitol.com.vn/test/wp-random-list.php on line 136
[19-Dec-2025 09:23:53 UTC] PHP Warning:  A non-numeric value encountered in /home/lottexylitolcom/public_html/staging.lottexylitol.com.vn/test/wp-random-list.php on line 136
[19-Dec-2025 09:23:53 UTC] PHP Warning:  A non-numeric value encountered in /home/lottexylitolcom/public_html/staging.lottexylitol.com.vn/test/wp-random-list.php on line 136
[19-Dec-2025 09:23:53 UTC] PHP Warning:  A non-numeric value encountered in /home/lottexylitolcom/public_html/staging.lottexylitol.com.vn/test/wp-random-list.php on line 136
[19-Dec-2025 09:23:53 UTC] PHP Warning:  A non-numeric value encountered in /home/lottexylitolcom/public_html/staging.lottexylitol.com.vn/test/wp-random-list.php on line 136
[19-Dec-2025 09:23:53 UTC] PHP Warning:  A non-numeric value encountered in /home/lottexylitolcom/public_html/staging.lottexylitol.com.vn/test/wp-random-list.php on line 136
[19-Dec-2025 09:23:53 UTC] PHP Warning:  A non-numeric value encountered in /home/lottexylitolcom/public_html/staging.lottexylitol.com.vn/test/wp-random-list.php on line 136
[19-Dec-2025 09:23:53 UTC] PHP Warning:  A non-numeric value encountered in /home/lottexylitolcom/public_html/staging.lottexylitol.com.vn/test/wp-random-list.php on line 136
[19-Dec-2025 09:23:53 UTC] PHP Warning:  A non-numeric value encountered in /home/lottexylitolcom/public_html/staging.lottexylitol.com.vn/test/wp-random-list.php on line 136
[19-Dec-2025 09:23:53 UTC] PHP Warning:  A non-numeric value encountered in /home/lottexylitolcom/public_html/staging.lottexylitol.com.vn/test/wp-random-list.php on line 136
[19-Dec-2025 09:23:53 UTC] PHP Warning:  A non-numeric value encountered in /home/lottexylitolcom/public_html/staging.lottexylitol.com.vn/test/wp-random-list.php on line 136
[19-Dec-2025 09:23:53 UTC] PHP Warning:  A non-numeric value encountered in /home/lottexylitolcom/public_html/staging.lottexylitol.com.vn/test/wp-random-list.php on line 136
[19-Dec-2025 09:23:53 UTC] PHP Warning:  A non-numeric value encountered in /home/lottexylitolcom/public_html/staging.lottexylitol.com.vn/test/wp-random-list.php on line 136
[19-Dec-2025 09:23:53 UTC] PHP Warning:  A non-numeric value encountered in /home/lottexylitolcom/public_html/staging.lottexylitol.com.vn/test/wp-random-list.php on line 136
[19-Dec-2025 09:23:53 UTC] PHP Warning:  A non-numeric value encountered in /home/lottexylitolcom/public_html/staging.lottexylitol.com.vn/test/wp-random-list.php on line 136
[19-Dec-2025 09:23:53 UTC] PHP Warning:  A non-numeric value encountered in /home/lottexylitolcom/public_html/staging.lottexylitol.com.vn/test/wp-random-list.php on line 136
[19-Dec-2025 09:23:53 UTC] PHP Warning:  A non-numeric value encountered in /home/lottexylitolcom/public_html/staging.lottexylitol.com.vn/test/wp-random-list.php on line 136
[19-Dec-2025 09:23:53 UTC] PHP Warning:  A non-numeric value encountered in /home/lottexylitolcom/public_html/staging.lottexylitol.com.vn/test/wp-random-list.php on line 136
[19-Dec-2025 09:23:53 UTC] PHP Warning:  A non-numeric value encountered in /home/lottexylitolcom/public_html/staging.lottexylitol.com.vn/test/wp-random-list.php on line 136
[19-Dec-2025 09:23:53 UTC] PHP Warning:  A non-numeric value encountered in /home/lottexylitolcom/public_html/staging.lottexylitol.com.vn/test/wp-random-list.php on line 136
[19-Dec-2025 09:23:53 UTC] PHP Warning:  A non-numeric value encountered in /home/lottexylitolcom/public_html/staging.lottexylitol.com.vn/test/wp-random-list.php on line 136
[19-Dec-2025 09:23:53 UTC] PHP Warning:  A non-numeric value encountered in /home/lottexylitolcom/public_html/staging.lottexylitol.com.vn/test/wp-random-list.php on line 136
[19-Dec-2025 09:23:53 UTC] PHP Warning:  A non-numeric value encountered in /home/lottexylitolcom/public_html/staging.lottexylitol.com.vn/test/wp-random-list.php on line 136
[19-Dec-2025 09:23:53 UTC] PHP Warning:  A non-numeric value encountered in /home/lottexylitolcom/public_html/staging.lottexylitol.com.vn/test/wp-random-list.php on line 136
[19-Dec-2025 09:23:53 UTC] PHP Warning:  A non-numeric value encountered in /home/lottexylitolcom/public_html/staging.lottexylitol.com.vn/test/wp-random-list.php on line 136
[19-Dec-2025 09:23:53 UTC] PHP Warning:  A non-numeric value encountered in /home/lottexylitolcom/public_html/staging.lottexylitol.com.vn/test/wp-random-list.php on line 136
[19-Dec-2025 09:23:53 UTC] PHP Warning:  A non-numeric value encountered in /home/lottexylitolcom/public_html/staging.lottexylitol.com.vn/test/wp-random-list.php on line 136
[19-Dec-2025 09:23:53 UTC] PHP Warning:  A non-numeric value encountered in /home/lottexylitolcom/public_html/staging.lottexylitol.com.vn/test/wp-random-list.php on line 136
[19-Dec-2025 09:23:53 UTC] PHP Warning:  A non-numeric value encountered in /home/lottexylitolcom/public_html/staging.lottexylitol.com.vn/test/wp-random-list.php on line 136
[19-Dec-2025 09:23:53 UTC] PHP Warning:  A non-numeric value encountered in /home/lottexylitolcom/public_html/staging.lottexylitol.com.vn/test/wp-random-list.php on line 136
[19-Dec-2025 09:23:53 UTC] PHP Warning:  A non-numeric value encountered in /home/lottexylitolcom/public_html/staging.lottexylitol.com.vn/test/wp-random-list.php on line 136
[19-Dec-2025 09:23:53 UTC] PHP Warning:  A non-numeric value encountered in /home/lottexylitolcom/public_html/staging.lottexylitol.com.vn/test/wp-random-list.php on line 136
[19-Dec-2025 09:23:53 UTC] PHP Warning:  A non-numeric value encountered in /home/lottexylitolcom/public_html/staging.lottexylitol.com.vn/test/wp-random-list.php on line 136
[19-Dec-2025 09:23:53 UTC] PHP Warning:  A non-numeric value encountered in /home/lottexylitolcom/public_html/staging.lottexylitol.com.vn/test/wp-random-list.php on line 136
[19-Dec-2025 09:23:53 UTC] PHP Warning:  A non-numeric value encountered in /home/lottexylitolcom/public_html/staging.lottexylitol.com.vn/test/wp-random-list.php on line 136
[19-Dec-2025 09:23:53 UTC] PHP Warning:  A non-numeric value encountered in /home/lottexylitolcom/public_html/staging.lottexylitol.com.vn/test/wp-random-list.php on line 136
[19-Dec-2025 09:23:53 UTC] PHP Warning:  A non-numeric value encountered in /home/lottexylitolcom/public_html/staging.lottexylitol.com.vn/test/wp-random-list.php on line 136
[19-Dec-2025 09:23:53 UTC] PHP Warning:  A non-numeric value encountered in /home/lottexylitolcom/public_html/staging.lottexylitol.com.vn/test/wp-random-list.php on line 136
[19-Dec-2025 09:23:53 UTC] PHP Warning:  A non-numeric value encountered in /home/lottexylitolcom/public_html/staging.lottexylitol.com.vn/test/wp-random-list.php on line 136
[19-Dec-2025 09:23:53 UTC] PHP Warning:  A non-numeric value encountered in /home/lottexylitolcom/public_html/staging.lottexylitol.com.vn/test/wp-random-list.php on line 136
[19-Dec-2025 09:23:53 UTC] PHP Warning:  A non-numeric value encountered in /home/lottexylitolcom/public_html/staging.lottexylitol.com.vn/test/wp-random-list.php on line 136
[19-Dec-2025 09:23:53 UTC] PHP Warning:  A non-numeric value encountered in /home/lottexylitolcom/public_html/staging.lottexylitol.com.vn/test/wp-random-list.php on line 136
[19-Dec-2025 09:23:53 UTC] PHP Warning:  A non-numeric value encountered in /home/lottexylitolcom/public_html/staging.lottexylitol.com.vn/test/wp-random-list.php on line 136
[19-Dec-2025 09:23:53 UTC] PHP Warning:  A non-numeric value encountered in /home/lottexylitolcom/public_html/staging.lottexylitol.com.vn/test/wp-random-list.php on line 136
[19-Dec-2025 09:23:53 UTC] PHP Warning:  A non-numeric value encountered in /home/lottexylitolcom/public_html/staging.lottexylitol.com.vn/test/wp-random-list.php on line 136
[19-Dec-2025 09:23:53 UTC] PHP Warning:  A non-numeric value encountered in /home/lottexylitolcom/public_html/staging.lottexylitol.com.vn/test/wp-random-list.php on line 136
[19-Dec-2025 09:23:53 UTC] PHP Warning:  A non-numeric value encountered in /home/lottexylitolcom/public_html/staging.lottexylitol.com.vn/test/wp-random-list.php on line 136
[19-Dec-2025 09:23:53 UTC] PHP Warning:  A non-numeric value encountered in /home/lottexylitolcom/public_html/staging.lottexylitol.com.vn/test/wp-random-list.php on line 136
[19-Dec-2025 09:23:53 UTC] PHP Warning:  A non-numeric value encountered in /home/lottexylitolcom/public_html/staging.lottexylitol.com.vn/test/wp-random-list.php on line 136
[19-Dec-2025 09:23:53 UTC] PHP Warning:  A non-numeric value encountered in /home/lottexylitolcom/public_html/staging.lottexylitol.com.vn/test/wp-random-list.php on line 136
[19-Dec-2025 09:23:53 UTC] PHP Warning:  A non-numeric value encountered in /home/lottexylitolcom/public_html/staging.lottexylitol.com.vn/test/wp-random-list.php on line 136
[19-Dec-2025 09:23:53 UTC] PHP Warning:  A non-numeric value encountered in /home/lottexylitolcom/public_html/staging.lottexylitol.com.vn/test/wp-random-list.php on line 136
[19-Dec-2025 09:23:53 UTC] PHP Warning:  A non-numeric value encountered in /home/lottexylitolcom/public_html/staging.lottexylitol.com.vn/test/wp-random-list.php on line 136
[19-Dec-2025 09:23:53 UTC] PHP Warning:  A non-numeric value encountered in /home/lottexylitolcom/public_html/staging.lottexylitol.com.vn/test/wp-random-list.php on line 136
[19-Dec-2025 09:23:53 UTC] PHP Warning:  A non-numeric value encountered in /home/lottexylitolcom/public_html/staging.lottexylitol.com.vn/test/wp-random-list.php on line 136
[19-Dec-2025 09:23:53 UTC] PHP Warning:  A non-numeric value encountered in /home/lottexylitolcom/public_html/staging.lottexylitol.com.vn/test/wp-random-list.php on line 136
[19-Dec-2025 09:23:53 UTC] PHP Warning:  A non-numeric value encountered in /home/lottexylitolcom/public_html/staging.lottexylitol.com.vn/test/wp-random-list.php on line 136
[19-Dec-2025 09:23:53 UTC] PHP Warning:  A non-numeric value encountered in /home/lottexylitolcom/public_html/staging.lottexylitol.com.vn/test/wp-random-list.php on line 136
[19-Dec-2025 09:23:53 UTC] PHP Warning:  A non-numeric value encountered in /home/lottexylitolcom/public_html/staging.lottexylitol.com.vn/test/wp-random-list.php on line 136
[19-Dec-2025 09:23:53 UTC] PHP Warning:  A non-numeric value encountered in /home/lottexylitolcom/public_html/staging.lottexylitol.com.vn/test/wp-random-list.php on line 136
[19-Dec-2025 09:23:53 UTC] PHP Warning:  A non-numeric value encountered in /home/lottexylitolcom/public_html/staging.lottexylitol.com.vn/test/wp-random-list.php on line 136
[19-Dec-2025 09:23:53 UTC] PHP Warning:  A non-numeric value encountered in /home/lottexylitolcom/public_html/staging.lottexylitol.com.vn/test/wp-random-list.php on line 136
[19-Dec-2025 09:23:53 UTC] PHP Warning:  A non-numeric value encountered in /home/lottexylitolcom/public_html/staging.lottexylitol.com.vn/test/wp-random-list.php on line 136
[19-Dec-2025 09:23:53 UTC] PHP Warning:  A non-numeric value encountered in /home/lottexylitolcom/public_html/staging.lottexylitol.com.vn/test/wp-random-list.php on line 136
[19-Dec-2025 09:23:53 UTC] PHP Warning:  A non-numeric value encountered in /home/lottexylitolcom/public_html/staging.lottexylitol.com.vn/test/wp-random-list.php on line 136
[19-Dec-2025 09:23:53 UTC] PHP Warning:  A non-numeric value encountered in /home/lottexylitolcom/public_html/staging.lottexylitol.com.vn/test/wp-random-list.php on line 136
[19-Dec-2025 09:23:53 UTC] PHP Warning:  A non-numeric value encountered in /home/lottexylitolcom/public_html/staging.lottexylitol.com.vn/test/wp-random-list.php on line 136
[19-Dec-2025 09:23:53 UTC] PHP Warning:  A non-numeric value encountered in /home/lottexylitolcom/public_html/staging.lottexylitol.com.vn/test/wp-random-list.php on line 136
[19-Dec-2025 09:23:53 UTC] PHP Warning:  A non-numeric value encountered in /home/lottexylitolcom/public_html/staging.lottexylitol.com.vn/test/wp-random-list.php on line 136
[19-Dec-2025 09:23:53 UTC] PHP Warning:  A non-numeric value encountered in /home/lottexylitolcom/public_html/staging.lottexylitol.com.vn/test/wp-random-list.php on line 136
[19-Dec-2025 09:23:53 UTC] PHP Warning:  A non-numeric value encountered in /home/lottexylitolcom/public_html/staging.lottexylitol.com.vn/test/wp-random-list.php on line 136
[19-Dec-2025 09:23:53 UTC] PHP Warning:  A non-numeric value encountered in /home/lottexylitolcom/public_html/staging.lottexylitol.com.vn/test/wp-random-list.php on line 136
[19-Dec-2025 09:23:53 UTC] PHP Warning:  A non-numeric value encountered in /home/lottexylitolcom/public_html/staging.lottexylitol.com.vn/test/wp-random-list.php on line 136
[19-Dec-2025 09:23:53 UTC] PHP Warning:  A non-numeric value encountered in /home/lottexylitolcom/public_html/staging.lottexylitol.com.vn/test/wp-random-list.php on line 136
[19-Dec-2025 09:23:53 UTC] PHP Warning:  A non-numeric value encountered in /home/lottexylitolcom/public_html/staging.lottexylitol.com.vn/test/wp-random-list.php on line 136
[19-Dec-2025 09:23:53 UTC] PHP Warning:  A non-numeric value encountered in /home/lottexylitolcom/public_html/staging.lottexylitol.com.vn/test/wp-random-list.php on line 136
[19-Dec-2025 09:23:53 UTC] PHP Warning:  A non-numeric value encountered in /home/lottexylitolcom/public_html/staging.lottexylitol.com.vn/test/wp-random-list.php on line 136
[19-Dec-2025 09:23:53 UTC] PHP Warning:  A non-numeric value encountered in /home/lottexylitolcom/public_html/staging.lottexylitol.com.vn/test/wp-random-list.php on line 136
[19-Dec-2025 09:23:53 UTC] PHP Warning:  A non-numeric value encountered in /home/lottexylitolcom/public_html/staging.lottexylitol.com.vn/test/wp-random-list.php on line 136
[19-Dec-2025 09:23:53 UTC] PHP Warning:  A non-numeric value encountered in /home/lottexylitolcom/public_html/staging.lottexylitol.com.vn/test/wp-random-list.php on line 136
[19-Dec-2025 09:23:53 UTC] PHP Warning:  A non-numeric value encountered in /home/lottexylitolcom/public_html/staging.lottexylitol.com.vn/test/wp-random-list.php on line 136
[19-Dec-2025 09:23:53 UTC] PHP Warning:  A non-numeric value encountered in /home/lottexylitolcom/public_html/staging.lottexylitol.com.vn/test/wp-random-list.php on line 136
[19-Dec-2025 09:23:53 UTC] PHP Warning:  A non-numeric value encountered in /home/lottexylitolcom/public_html/staging.lottexylitol.com.vn/test/wp-random-list.php on line 136
[19-Dec-2025 09:23:53 UTC] PHP Warning:  A non-numeric value encountered in /home/lottexylitolcom/public_html/staging.lottexylitol.com.vn/test/wp-random-list.php on line 136
[19-Dec-2025 09:23:53 UTC] PHP Warning:  A non-numeric value encountered in /home/lottexylitolcom/public_html/staging.lottexylitol.com.vn/test/wp-random-list.php on line 136
[19-Dec-2025 09:23:53 UTC] PHP Warning:  A non-numeric value encountered in /home/lottexylitolcom/public_html/staging.lottexylitol.com.vn/test/wp-random-list.php on line 136
[19-Dec-2025 09:23:53 UTC] PHP Warning:  A non-numeric value encountered in /home/lottexylitolcom/public_html/staging.lottexylitol.com.vn/test/wp-random-list.php on line 136
[19-Dec-2025 09:23:53 UTC] PHP Warning:  A non-numeric value encountered in /home/lottexylitolcom/public_html/staging.lottexylitol.com.vn/test/wp-random-list.php on line 136
[19-Dec-2025 09:23:53 UTC] PHP Warning:  A non-numeric value encountered in /home/lottexylitolcom/public_html/staging.lottexylitol.com.vn/test/wp-random-list.php on line 136
[19-Dec-2025 09:23:53 UTC] PHP Warning:  A non-numeric value encountered in /home/lottexylitolcom/public_html/staging.lottexylitol.com.vn/test/wp-random-list.php on line 136
[19-Dec-2025 09:23:53 UTC] PHP Warning:  A non-numeric value encountered in /home/lottexylitolcom/public_html/staging.lottexylitol.com.vn/test/wp-random-list.php on line 136
[19-Dec-2025 09:23:53 UTC] PHP Warning:  A non-numeric value encountered in /home/lottexylitolcom/public_html/staging.lottexylitol.com.vn/test/wp-random-list.php on line 136
[19-Dec-2025 09:23:53 UTC] PHP Warning:  A non-numeric value encountered in /home/lottexylitolcom/public_html/staging.lottexylitol.com.vn/test/wp-random-list.php on line 136
[19-Dec-2025 09:23:53 UTC] PHP Warning:  A non-numeric value encountered in /home/lottexylitolcom/public_html/staging.lottexylitol.com.vn/test/wp-random-list.php on line 136
[19-Dec-2025 09:23:53 UTC] PHP Warning:  A non-numeric value encountered in /home/lottexylitolcom/public_html/staging.lottexylitol.com.vn/test/wp-random-list.php on line 136
[19-Dec-2025 09:23:53 UTC] PHP Warning:  A non-numeric value encountered in /home/lottexylitolcom/public_html/staging.lottexylitol.com.vn/test/wp-random-list.php on line 136
[19-Dec-2025 09:23:53 UTC] PHP Warning:  A non-numeric value encountered in /home/lottexylitolcom/public_html/staging.lottexylitol.com.vn/test/wp-random-list.php on line 136
[19-Dec-2025 09:23:53 UTC] PHP Warning:  A non-numeric value encountered in /home/lottexylitolcom/public_html/staging.lottexylitol.com.vn/test/wp-random-list.php on line 136
[19-Dec-2025 09:23:53 UTC] PHP Warning:  A non-numeric value encountered in /home/lottexylitolcom/public_html/staging.lottexylitol.com.vn/test/wp-random-list.php on line 136
[19-Dec-2025 09:23:53 UTC] PHP Warning:  A non-numeric value encountered in /home/lottexylitolcom/public_html/staging.lottexylitol.com.vn/test/wp-random-list.php on line 136
[19-Dec-2025 09:23:53 UTC] PHP Warning:  A non-numeric value encountered in /home/lottexylitolcom/public_html/staging.lottexylitol.com.vn/test/wp-random-list.php on line 136
[19-Dec-2025 09:23:53 UTC] PHP Warning:  A non-numeric value encountered in /home/lottexylitolcom/public_html/staging.lottexylitol.com.vn/test/wp-random-list.php on line 136
[19-Dec-2025 09:23:53 UTC] PHP Warning:  A non-numeric value encountered in /home/lottexylitolcom/public_html/staging.lottexylitol.com.vn/test/wp-random-list.php on line 136
[19-Dec-2025 09:23:53 UTC] PHP Warning:  A non-numeric value encountered in /home/lottexylitolcom/public_html/staging.lottexylitol.com.vn/test/wp-random-list.php on line 136
[19-Dec-2025 09:23:53 UTC] PHP Warning:  A non-numeric value encountered in /home/lottexylitolcom/public_html/staging.lottexylitol.com.vn/test/wp-random-list.php on line 136
[19-Dec-2025 09:23:53 UTC] PHP Warning:  A non-numeric value encountered in /home/lottexylitolcom/public_html/staging.lottexylitol.com.vn/test/wp-random-list.php on line 136
[19-Dec-2025 09:23:53 UTC] PHP Warning:  A non-numeric value encountered in /home/lottexylitolcom/public_html/staging.lottexylitol.com.vn/test/wp-random-list.php on line 136
[19-Dec-2025 09:23:53 UTC] PHP Warning:  A non-numeric value encountered in /home/lottexylitolcom/public_html/staging.lottexylitol.com.vn/test/wp-random-list.php on line 136
[19-Dec-2025 09:23:53 UTC] PHP Warning:  A non-numeric value encountered in /home/lottexylitolcom/public_html/staging.lottexylitol.com.vn/test/wp-random-list.php on line 136
[19-Dec-2025 09:23:53 UTC] PHP Warning:  A non-numeric value encountered in /home/lottexylitolcom/public_html/staging.lottexylitol.com.vn/test/wp-random-list.php on line 136
[19-Dec-2025 09:23:53 UTC] PHP Warning:  A non-numeric value encountered in /home/lottexylitolcom/public_html/staging.lottexylitol.com.vn/test/wp-random-list.php on line 136
[19-Dec-2025 09:23:53 UTC] PHP Warning:  A non-numeric value encountered in /home/lottexylitolcom/public_html/staging.lottexylitol.com.vn/test/wp-random-list.php on line 136
[19-Dec-2025 09:23:53 UTC] PHP Warning:  A non-numeric value encountered in /home/lottexylitolcom/public_html/staging.lottexylitol.com.vn/test/wp-random-list.php on line 136
[19-Dec-2025 09:23:53 UTC] PHP Warning:  A non-numeric value encountered in /home/lottexylitolcom/public_html/staging.lottexylitol.com.vn/test/wp-random-list.php on line 136
[19-Dec-2025 09:23:53 UTC] PHP Warning:  A non-numeric value encountered in /home/lottexylitolcom/public_html/staging.lottexylitol.com.vn/test/wp-random-list.php on line 136
[19-Dec-2025 09:23:53 UTC] PHP Warning:  A non-numeric value encountered in /home/lottexylitolcom/public_html/staging.lottexylitol.com.vn/test/wp-random-list.php on line 136
[19-Dec-2025 09:23:53 UTC] PHP Warning:  A non-numeric value encountered in /home/lottexylitolcom/public_html/staging.lottexylitol.com.vn/test/wp-random-list.php on line 136
[19-Dec-2025 09:23:53 UTC] PHP Warning:  A non-numeric value encountered in /home/lottexylitolcom/public_html/staging.lottexylitol.com.vn/test/wp-random-list.php on line 136
[19-Dec-2025 09:23:53 UTC] PHP Warning:  A non-numeric value encountered in /home/lottexylitolcom/public_html/staging.lottexylitol.com.vn/test/wp-random-list.php on line 136
[19-Dec-2025 09:23:53 UTC] PHP Warning:  A non-numeric value encountered in /home/lottexylitolcom/public_html/staging.lottexylitol.com.vn/test/wp-random-list.php on line 136
[19-Dec-2025 09:23:53 UTC] PHP Warning:  A non-numeric value encountered in /home/lottexylitolcom/public_html/staging.lottexylitol.com.vn/test/wp-random-list.php on line 136
[19-Dec-2025 09:23:53 UTC] PHP Warning:  A non-numeric value encountered in /home/lottexylitolcom/public_html/staging.lottexylitol.com.vn/test/wp-random-list.php on line 136
[19-Dec-2025 09:23:53 UTC] PHP Warning:  A non-numeric value encountered in /home/lottexylitolcom/public_html/staging.lottexylitol.com.vn/test/wp-random-list.php on line 136
[19-Dec-2025 09:23:53 UTC] PHP Warning:  A non-numeric value encountered in /home/lottexylitolcom/public_html/staging.lottexylitol.com.vn/test/wp-random-list.php on line 136
[19-Dec-2025 09:23:53 UTC] PHP Warning:  A non-numeric value encountered in /home/lottexylitolcom/public_html/staging.lottexylitol.com.vn/test/wp-random-list.php on line 136
[19-Dec-2025 09:23:53 UTC] PHP Warning:  A non-numeric value encountered in /home/lottexylitolcom/public_html/staging.lottexylitol.com.vn/test/wp-random-list.php on line 136
[19-Dec-2025 09:23:53 UTC] PHP Warning:  A non-numeric value encountered in /home/lottexylitolcom/public_html/staging.lottexylitol.com.vn/test/wp-random-list.php on line 136
[19-Dec-2025 09:23:53 UTC] PHP Warning:  A non-numeric value encountered in /home/lottexylitolcom/public_html/staging.lottexylitol.com.vn/test/wp-random-list.php on line 136
[19-Dec-2025 09:23:53 UTC] PHP Warning:  A non-numeric value encountered in /home/lottexylitolcom/public_html/staging.lottexylitol.com.vn/test/wp-random-list.php on line 136
[19-Dec-2025 09:23:53 UTC] PHP Warning:  A non-numeric value encountered in /home/lottexylitolcom/public_html/staging.lottexylitol.com.vn/test/wp-random-list.php on line 136
[19-Dec-2025 09:23:53 UTC] PHP Warning:  A non-numeric value encountered in /home/lottexylitolcom/public_html/staging.lottexylitol.com.vn/test/wp-random-list.php on line 136
[19-Dec-2025 09:23:53 UTC] PHP Warning:  A non-numeric value encountered in /home/lottexylitolcom/public_html/staging.lottexylitol.com.vn/test/wp-random-list.php on line 136
[19-Dec-2025 09:23:53 UTC] PHP Warning:  A non-numeric value encountered in /home/lottexylitolcom/public_html/staging.lottexylitol.com.vn/test/wp-random-list.php on line 136
[19-Dec-2025 09:23:53 UTC] PHP Warning:  A non-numeric value encountered in /home/lottexylitolcom/public_html/staging.lottexylitol.com.vn/test/wp-random-list.php on line 136
[19-Dec-2025 09:23:53 UTC] PHP Warning:  A non-numeric value encountered in /home/lottexylitolcom/public_html/staging.lottexylitol.com.vn/test/wp-random-list.php on line 136
[19-Dec-2025 09:23:53 UTC] PHP Warning:  A non-numeric value encountered in /home/lottexylitolcom/public_html/staging.lottexylitol.com.vn/test/wp-random-list.php on line 136
[19-Dec-2025 09:23:53 UTC] PHP Warning:  A non-numeric value encountered in /home/lottexylitolcom/public_html/staging.lottexylitol.com.vn/test/wp-random-list.php on line 136
[19-Dec-2025 09:23:53 UTC] PHP Warning:  A non-numeric value encountered in /home/lottexylitolcom/public_html/staging.lottexylitol.com.vn/test/wp-random-list.php on line 136
[19-Dec-2025 09:23:53 UTC] PHP Warning:  A non-numeric value encountered in /home/lottexylitolcom/public_html/staging.lottexylitol.com.vn/test/wp-random-list.php on line 136
[19-Dec-2025 09:23:53 UTC] PHP Warning:  A non-numeric value encountered in /home/lottexylitolcom/public_html/staging.lottexylitol.com.vn/test/wp-random-list.php on line 136
[19-Dec-2025 09:23:53 UTC] PHP Warning:  A non-numeric value encountered in /home/lottexylitolcom/public_html/staging.lottexylitol.com.vn/test/wp-random-list.php on line 136
[19-Dec-2025 09:23:53 UTC] PHP Warning:  A non-numeric value encountered in /home/lottexylitolcom/public_html/staging.lottexylitol.com.vn/test/wp-random-list.php on line 136
[19-Dec-2025 09:23:53 UTC] PHP Warning:  A non-numeric value encountered in /home/lottexylitolcom/public_html/staging.lottexylitol.com.vn/test/wp-random-list.php on line 136
[19-Dec-2025 09:23:53 UTC] PHP Warning:  A non-numeric value encountered in /home/lottexylitolcom/public_html/staging.lottexylitol.com.vn/test/wp-random-list.php on line 136
[19-Dec-2025 09:23:53 UTC] PHP Warning:  A non-numeric value encountered in /home/lottexylitolcom/public_html/staging.lottexylitol.com.vn/test/wp-random-list.php on line 136
[19-Dec-2025 09:23:53 UTC] PHP Warning:  A non-numeric value encountered in /home/lottexylitolcom/public_html/staging.lottexylitol.com.vn/test/wp-random-list.php on line 136
[19-Dec-2025 09:23:53 UTC] PHP Warning:  A non-numeric value encountered in /home/lottexylitolcom/public_html/staging.lottexylitol.com.vn/test/wp-random-list.php on line 136
[19-Dec-2025 09:23:53 UTC] PHP Warning:  A non-numeric value encountered in /home/lottexylitolcom/public_html/staging.lottexylitol.com.vn/test/wp-random-list.php on line 136
[19-Dec-2025 09:23:53 UTC] PHP Warning:  A non-numeric value encountered in /home/lottexylitolcom/public_html/staging.lottexylitol.com.vn/test/wp-random-list.php on line 136
[19-Dec-2025 09:23:53 UTC] PHP Warning:  A non-numeric value encountered in /home/lottexylitolcom/public_html/staging.lottexylitol.com.vn/test/wp-random-list.php on line 136
[19-Dec-2025 09:23:53 UTC] PHP Warning:  A non-numeric value encountered in /home/lottexylitolcom/public_html/staging.lottexylitol.com.vn/test/wp-random-list.php on line 136
[19-Dec-2025 09:23:53 UTC] PHP Warning:  A non-numeric value encountered in /home/lottexylitolcom/public_html/staging.lottexylitol.com.vn/test/wp-random-list.php on line 136
[19-Dec-2025 09:23:53 UTC] PHP Warning:  A non-numeric value encountered in /home/lottexylitolcom/public_html/staging.lottexylitol.com.vn/test/wp-random-list.php on line 136
[19-Dec-2025 09:23:53 UTC] PHP Warning:  A non-numeric value encountered in /home/lottexylitolcom/public_html/staging.lottexylitol.com.vn/test/wp-random-list.php on line 136
[19-Dec-2025 09:23:53 UTC] PHP Warning:  A non-numeric value encountered in /home/lottexylitolcom/public_html/staging.lottexylitol.com.vn/test/wp-random-list.php on line 136
[19-Dec-2025 09:23:53 UTC] PHP Warning:  A non-numeric value encountered in /home/lottexylitolcom/public_html/staging.lottexylitol.com.vn/test/wp-random-list.php on line 136
[19-Dec-2025 09:23:53 UTC] PHP Warning:  A non-numeric value encountered in /home/lottexylitolcom/public_html/staging.lottexylitol.com.vn/test/wp-random-list.php on line 136
[19-Dec-2025 09:23:53 UTC] PHP Warning:  A non-numeric value encountered in /home/lottexylitolcom/public_html/staging.lottexylitol.com.vn/test/wp-random-list.php on line 136
[19-Dec-2025 09:23:53 UTC] PHP Warning:  A non-numeric value encountered in /home/lottexylitolcom/public_html/staging.lottexylitol.com.vn/test/wp-random-list.php on line 136
[19-Dec-2025 09:23:53 UTC] PHP Warning:  A non-numeric value encountered in /home/lottexylitolcom/public_html/staging.lottexylitol.com.vn/test/wp-random-list.php on line 136
[19-Dec-2025 09:23:53 UTC] PHP Warning:  A non-numeric value encountered in /home/lottexylitolcom/public_html/staging.lottexylitol.com.vn/test/wp-random-list.php on line 136
[19-Dec-2025 09:23:53 UTC] PHP Warning:  A non-numeric value encountered in /home/lottexylitolcom/public_html/staging.lottexylitol.com.vn/test/wp-random-list.php on line 136
[19-Dec-2025 09:23:53 UTC] PHP Warning:  A non-numeric value encountered in /home/lottexylitolcom/public_html/staging.lottexylitol.com.vn/test/wp-random-list.php on line 136
[19-Dec-2025 09:23:53 UTC] PHP Warning:  A non-numeric value encountered in /home/lottexylitolcom/public_html/staging.lottexylitol.com.vn/test/wp-random-list.php on line 136
[19-Dec-2025 09:23:53 UTC] PHP Warning:  A non-numeric value encountered in /home/lottexylitolcom/public_html/staging.lottexylitol.com.vn/test/wp-random-list.php on line 136
[19-Dec-2025 09:23:53 UTC] PHP Warning:  A non-numeric value encountered in /home/lottexylitolcom/public_html/staging.lottexylitol.com.vn/test/wp-random-list.php on line 136
[19-Dec-2025 09:23:53 UTC] PHP Warning:  A non-numeric value encountered in /home/lottexylitolcom/public_html/staging.lottexylitol.com.vn/test/wp-random-list.php on line 136
[19-Dec-2025 09:23:53 UTC] PHP Warning:  A non-numeric value encountered in /home/lottexylitolcom/public_html/staging.lottexylitol.com.vn/test/wp-random-list.php on line 136
[19-Dec-2025 09:23:53 UTC] PHP Warning:  A non-numeric value encountered in /home/lottexylitolcom/public_html/staging.lottexylitol.com.vn/test/wp-random-list.php on line 136
[19-Dec-2025 09:23:53 UTC] PHP Warning:  A non-numeric value encountered in /home/lottexylitolcom/public_html/staging.lottexylitol.com.vn/test/wp-random-list.php on line 136
[19-Dec-2025 09:23:53 UTC] PHP Warning:  A non-numeric value encountered in /home/lottexylitolcom/public_html/staging.lottexylitol.com.vn/test/wp-random-list.php on line 136
[19-Dec-2025 09:23:53 UTC] PHP Warning:  A non-numeric value encountered in /home/lottexylitolcom/public_html/staging.lottexylitol.com.vn/test/wp-random-list.php on line 136
[19-Dec-2025 09:23:53 UTC] PHP Warning:  A non-numeric value encountered in /home/lottexylitolcom/public_html/staging.lottexylitol.com.vn/test/wp-random-list.php on line 136
[19-Dec-2025 09:23:53 UTC] PHP Warning:  A non-numeric value encountered in /home/lottexylitolcom/public_html/staging.lottexylitol.com.vn/test/wp-random-list.php on line 136
[19-Dec-2025 09:23:53 UTC] PHP Warning:  A non-numeric value encountered in /home/lottexylitolcom/public_html/staging.lottexylitol.com.vn/test/wp-random-list.php on line 136
[19-Dec-2025 09:23:53 UTC] PHP Warning:  A non-numeric value encountered in /home/lottexylitolcom/public_html/staging.lottexylitol.com.vn/test/wp-random-list.php on line 136
[19-Dec-2025 09:23:53 UTC] PHP Warning:  A non-numeric value encountered in /home/lottexylitolcom/public_html/staging.lottexylitol.com.vn/test/wp-random-list.php on line 136
[19-Dec-2025 09:23:53 UTC] PHP Warning:  A non-numeric value encountered in /home/lottexylitolcom/public_html/staging.lottexylitol.com.vn/test/wp-random-list.php on line 136
[19-Dec-2025 09:23:53 UTC] PHP Warning:  A non-numeric value encountered in /home/lottexylitolcom/public_html/staging.lottexylitol.com.vn/test/wp-random-list.php on line 136
[19-Dec-2025 09:23:53 UTC] PHP Warning:  A non-numeric value encountered in /home/lottexylitolcom/public_html/staging.lottexylitol.com.vn/test/wp-random-list.php on line 136
[19-Dec-2025 09:23:53 UTC] PHP Warning:  A non-numeric value encountered in /home/lottexylitolcom/public_html/staging.lottexylitol.com.vn/test/wp-random-list.php on line 136
[19-Dec-2025 09:23:53 UTC] PHP Warning:  A non-numeric value encountered in /home/lottexylitolcom/public_html/staging.lottexylitol.com.vn/test/wp-random-list.php on line 136
[19-Dec-2025 09:23:53 UTC] PHP Warning:  A non-numeric value encountered in /home/lottexylitolcom/public_html/staging.lottexylitol.com.vn/test/wp-random-list.php on line 136
[19-Dec-2025 09:23:53 UTC] PHP Warning:  A non-numeric value encountered in /home/lottexylitolcom/public_html/staging.lottexylitol.com.vn/test/wp-random-list.php on line 136
[19-Dec-2025 09:23:53 UTC] PHP Warning:  A non-numeric value encountered in /home/lottexylitolcom/public_html/staging.lottexylitol.com.vn/test/wp-random-list.php on line 136
[19-Dec-2025 09:23:53 UTC] PHP Warning:  A non-numeric value encountered in /home/lottexylitolcom/public_html/staging.lottexylitol.com.vn/test/wp-random-list.php on line 136
[19-Dec-2025 09:23:53 UTC] PHP Warning:  A non-numeric value encountered in /home/lottexylitolcom/public_html/staging.lottexylitol.com.vn/test/wp-random-list.php on line 136
[19-Dec-2025 09:23:53 UTC] PHP Warning:  A non-numeric value encountered in /home/lottexylitolcom/public_html/staging.lottexylitol.com.vn/test/wp-random-list.php on line 136
[19-Dec-2025 09:23:53 UTC] PHP Warning:  A non-numeric value encountered in /home/lottexylitolcom/public_html/staging.lottexylitol.com.vn/test/wp-random-list.php on line 136
[19-Dec-2025 09:23:53 UTC] PHP Warning:  A non-numeric value encountered in /home/lottexylitolcom/public_html/staging.lottexylitol.com.vn/test/wp-random-list.php on line 136
[19-Dec-2025 09:23:53 UTC] PHP Warning:  A non-numeric value encountered in /home/lottexylitolcom/public_html/staging.lottexylitol.com.vn/test/wp-random-list.php on line 136
[19-Dec-2025 09:23:53 UTC] PHP Warning:  A non-numeric value encountered in /home/lottexylitolcom/public_html/staging.lottexylitol.com.vn/test/wp-random-list.php on line 136
[19-Dec-2025 09:23:53 UTC] PHP Warning:  A non-numeric value encountered in /home/lottexylitolcom/public_html/staging.lottexylitol.com.vn/test/wp-random-list.php on line 136
[19-Dec-2025 09:23:53 UTC] PHP Warning:  A non-numeric value encountered in /home/lottexylitolcom/public_html/staging.lottexylitol.com.vn/test/wp-random-list.php on line 136
[19-Dec-2025 09:23:53 UTC] PHP Warning:  A non-numeric value encountered in /home/lottexylitolcom/public_html/staging.lottexylitol.com.vn/test/wp-random-list.php on line 136
[19-Dec-2025 09:23:53 UTC] PHP Warning:  A non-numeric value encountered in /home/lottexylitolcom/public_html/staging.lottexylitol.com.vn/test/wp-random-list.php on line 136
[19-Dec-2025 09:23:53 UTC] PHP Warning:  A non-numeric value encountered in /home/lottexylitolcom/public_html/staging.lottexylitol.com.vn/test/wp-random-list.php on line 136
[19-Dec-2025 09:23:53 UTC] PHP Warning:  A non-numeric value encountered in /home/lottexylitolcom/public_html/staging.lottexylitol.com.vn/test/wp-random-list.php on line 136
[19-Dec-2025 09:23:53 UTC] PHP Warning:  A non-numeric value encountered in /home/lottexylitolcom/public_html/staging.lottexylitol.com.vn/test/wp-random-list.php on line 136
[19-Dec-2025 09:23:53 UTC] PHP Warning:  A non-numeric value encountered in /home/lottexylitolcom/public_html/staging.lottexylitol.com.vn/test/wp-random-list.php on line 136
[19-Dec-2025 09:23:53 UTC] PHP Warning:  A non-numeric value encountered in /home/lottexylitolcom/public_html/staging.lottexylitol.com.vn/test/wp-random-list.php on line 136
[19-Dec-2025 09:23:53 UTC] PHP Warning:  A non-numeric value encountered in /home/lottexylitolcom/public_html/staging.lottexylitol.com.vn/test/wp-random-list.php on line 136
[19-Dec-2025 09:23:53 UTC] PHP Warning:  A non-numeric value encountered in /home/lottexylitolcom/public_html/staging.lottexylitol.com.vn/test/wp-random-list.php on line 136
[19-Dec-2025 09:23:53 UTC] PHP Warning:  A non-numeric value encountered in /home/lottexylitolcom/public_html/staging.lottexylitol.com.vn/test/wp-random-list.php on line 136
[19-Dec-2025 09:23:53 UTC] PHP Warning:  A non-numeric value encountered in /home/lottexylitolcom/public_html/staging.lottexylitol.com.vn/test/wp-random-list.php on line 136
[19-Dec-2025 09:23:53 UTC] PHP Warning:  A non-numeric value encountered in /home/lottexylitolcom/public_html/staging.lottexylitol.com.vn/test/wp-random-list.php on line 136
[19-Dec-2025 09:23:53 UTC] PHP Warning:  A non-numeric value encountered in /home/lottexylitolcom/public_html/staging.lottexylitol.com.vn/test/wp-random-list.php on line 136
[19-Dec-2025 09:23:53 UTC] PHP Warning:  A non-numeric value encountered in /home/lottexylitolcom/public_html/staging.lottexylitol.com.vn/test/wp-random-list.php on line 136
[19-Dec-2025 09:23:53 UTC] PHP Warning:  A non-numeric value encountered in /home/lottexylitolcom/public_html/staging.lottexylitol.com.vn/test/wp-random-list.php on line 136
[19-Dec-2025 09:23:53 UTC] PHP Warning:  A non-numeric value encountered in /home/lottexylitolcom/public_html/staging.lottexylitol.com.vn/test/wp-random-list.php on line 136
[19-Dec-2025 09:23:53 UTC] PHP Warning:  A non-numeric value encountered in /home/lottexylitolcom/public_html/staging.lottexylitol.com.vn/test/wp-random-list.php on line 136
[19-Dec-2025 09:23:53 UTC] PHP Warning:  A non-numeric value encountered in /home/lottexylitolcom/public_html/staging.lottexylitol.com.vn/test/wp-random-list.php on line 136
[19-Dec-2025 09:23:53 UTC] PHP Warning:  A non-numeric value encountered in /home/lottexylitolcom/public_html/staging.lottexylitol.com.vn/test/wp-random-list.php on line 136
[19-Dec-2025 09:23:53 UTC] PHP Warning:  A non-numeric value encountered in /home/lottexylitolcom/public_html/staging.lottexylitol.com.vn/test/wp-random-list.php on line 136
[19-Dec-2025 09:23:53 UTC] PHP Warning:  A non-numeric value encountered in /home/lottexylitolcom/public_html/staging.lottexylitol.com.vn/test/wp-random-list.php on line 136
[19-Dec-2025 09:23:53 UTC] PHP Warning:  A non-numeric value encountered in /home/lottexylitolcom/public_html/staging.lottexylitol.com.vn/test/wp-random-list.php on line 136
[19-Dec-2025 09:23:53 UTC] PHP Warning:  A non-numeric value encountered in /home/lottexylitolcom/public_html/staging.lottexylitol.com.vn/test/wp-random-list.php on line 136
[19-Dec-2025 09:23:53 UTC] PHP Warning:  A non-numeric value encountered in /home/lottexylitolcom/public_html/staging.lottexylitol.com.vn/test/wp-random-list.php on line 136
[19-Dec-2025 09:23:53 UTC] PHP Warning:  A non-numeric value encountered in /home/lottexylitolcom/public_html/staging.lottexylitol.com.vn/test/wp-random-list.php on line 136
[19-Dec-2025 09:23:53 UTC] PHP Warning:  A non-numeric value encountered in /home/lottexylitolcom/public_html/staging.lottexylitol.com.vn/test/wp-random-list.php on line 136
[19-Dec-2025 09:23:53 UTC] PHP Warning:  A non-numeric value encountered in /home/lottexylitolcom/public_html/staging.lottexylitol.com.vn/test/wp-random-list.php on line 136
[19-Dec-2025 09:23:53 UTC] PHP Warning:  A non-numeric value encountered in /home/lottexylitolcom/public_html/staging.lottexylitol.com.vn/test/wp-random-list.php on line 136
[19-Dec-2025 09:23:53 UTC] PHP Warning:  A non-numeric value encountered in /home/lottexylitolcom/public_html/staging.lottexylitol.com.vn/test/wp-random-list.php on line 136
[19-Dec-2025 09:23:53 UTC] PHP Warning:  A non-numeric value encountered in /home/lottexylitolcom/public_html/staging.lottexylitol.com.vn/test/wp-random-list.php on line 136
[19-Dec-2025 09:23:53 UTC] PHP Warning:  A non-numeric value encountered in /home/lottexylitolcom/public_html/staging.lottexylitol.com.vn/test/wp-random-list.php on line 136
[19-Dec-2025 09:23:53 UTC] PHP Warning:  A non-numeric value encountered in /home/lottexylitolcom/public_html/staging.lottexylitol.com.vn/test/wp-random-list.php on line 136
[19-Dec-2025 09:23:53 UTC] PHP Warning:  A non-numeric value encountered in /home/lottexylitolcom/public_html/staging.lottexylitol.com.vn/test/wp-random-list.php on line 136
[19-Dec-2025 09:23:53 UTC] PHP Warning:  A non-numeric value encountered in /home/lottexylitolcom/public_html/staging.lottexylitol.com.vn/test/wp-random-list.php on line 136
[19-Dec-2025 09:23:53 UTC] PHP Warning:  A non-numeric value encountered in /home/lottexylitolcom/public_html/staging.lottexylitol.com.vn/test/wp-random-list.php on line 136
[19-Dec-2025 09:23:53 UTC] PHP Warning:  A non-numeric value encountered in /home/lottexylitolcom/public_html/staging.lottexylitol.com.vn/test/wp-random-list.php on line 136
[19-Dec-2025 09:23:53 UTC] PHP Warning:  A non-numeric value encountered in /home/lottexylitolcom/public_html/staging.lottexylitol.com.vn/test/wp-random-list.php on line 136
[19-Dec-2025 09:23:53 UTC] PHP Warning:  A non-numeric value encountered in /home/lottexylitolcom/public_html/staging.lottexylitol.com.vn/test/wp-random-list.php on line 136
[19-Dec-2025 09:23:53 UTC] PHP Warning:  A non-numeric value encountered in /home/lottexylitolcom/public_html/staging.lottexylitol.com.vn/test/wp-random-list.php on line 136
[19-Dec-2025 09:23:53 UTC] PHP Warning:  A non-numeric value encountered in /home/lottexylitolcom/public_html/staging.lottexylitol.com.vn/test/wp-random-list.php on line 136
[19-Dec-2025 09:23:53 UTC] PHP Warning:  A non-numeric value encountered in /home/lottexylitolcom/public_html/staging.lottexylitol.com.vn/test/wp-random-list.php on line 136
[19-Dec-2025 09:23:53 UTC] PHP Warning:  A non-numeric value encountered in /home/lottexylitolcom/public_html/staging.lottexylitol.com.vn/test/wp-random-list.php on line 136
[19-Dec-2025 09:23:53 UTC] PHP Warning:  A non-numeric value encountered in /home/lottexylitolcom/public_html/staging.lottexylitol.com.vn/test/wp-random-list.php on line 136
[19-Dec-2025 09:23:53 UTC] PHP Warning:  A non-numeric value encountered in /home/lottexylitolcom/public_html/staging.lottexylitol.com.vn/test/wp-random-list.php on line 136
[19-Dec-2025 09:23:53 UTC] PHP Warning:  A non-numeric value encountered in /home/lottexylitolcom/public_html/staging.lottexylitol.com.vn/test/wp-random-list.php on line 136
[19-Dec-2025 09:23:53 UTC] PHP Warning:  A non-numeric value encountered in /home/lottexylitolcom/public_html/staging.lottexylitol.com.vn/test/wp-random-list.php on line 136
[19-Dec-2025 09:23:53 UTC] PHP Warning:  A non-numeric value encountered in /home/lottexylitolcom/public_html/staging.lottexylitol.com.vn/test/wp-random-list.php on line 136
[19-Dec-2025 09:23:53 UTC] PHP Warning:  A non-numeric value encountered in /home/lottexylitolcom/public_html/staging.lottexylitol.com.vn/test/wp-random-list.php on line 136
[19-Dec-2025 09:23:53 UTC] PHP Warning:  A non-numeric value encountered in /home/lottexylitolcom/public_html/staging.lottexylitol.com.vn/test/wp-random-list.php on line 136
[19-Dec-2025 09:23:53 UTC] PHP Warning:  A non-numeric value encountered in /home/lottexylitolcom/public_html/staging.lottexylitol.com.vn/test/wp-random-list.php on line 136
[19-Dec-2025 09:23:53 UTC] PHP Warning:  A non-numeric value encountered in /home/lottexylitolcom/public_html/staging.lottexylitol.com.vn/test/wp-random-list.php on line 136
[19-Dec-2025 09:23:53 UTC] PHP Warning:  A non-numeric value encountered in /home/lottexylitolcom/public_html/staging.lottexylitol.com.vn/test/wp-random-list.php on line 136
[19-Dec-2025 09:23:53 UTC] PHP Warning:  A non-numeric value encountered in /home/lottexylitolcom/public_html/staging.lottexylitol.com.vn/test/wp-random-list.php on line 136
[19-Dec-2025 09:23:53 UTC] PHP Warning:  A non-numeric value encountered in /home/lottexylitolcom/public_html/staging.lottexylitol.com.vn/test/wp-random-list.php on line 136
[19-Dec-2025 09:23:53 UTC] PHP Warning:  A non-numeric value encountered in /home/lottexylitolcom/public_html/staging.lottexylitol.com.vn/test/wp-random-list.php on line 136
[19-Dec-2025 09:23:53 UTC] PHP Warning:  A non-numeric value encountered in /home/lottexylitolcom/public_html/staging.lottexylitol.com.vn/test/wp-random-list.php on line 136
[19-Dec-2025 09:23:53 UTC] PHP Warning:  A non-numeric value encountered in /home/lottexylitolcom/public_html/staging.lottexylitol.com.vn/test/wp-random-list.php on line 136
[19-Dec-2025 09:23:53 UTC] PHP Warning:  A non-numeric value encountered in /home/lottexylitolcom/public_html/staging.lottexylitol.com.vn/test/wp-random-list.php on line 136
[19-Dec-2025 09:23:53 UTC] PHP Warning:  A non-numeric value encountered in /home/lottexylitolcom/public_html/staging.lottexylitol.com.vn/test/wp-random-list.php on line 136
[19-Dec-2025 09:23:53 UTC] PHP Warning:  A non-numeric value encountered in /home/lottexylitolcom/public_html/staging.lottexylitol.com.vn/test/wp-random-list.php on line 136
[19-Dec-2025 09:23:53 UTC] PHP Warning:  A non-numeric value encountered in /home/lottexylitolcom/public_html/staging.lottexylitol.com.vn/test/wp-random-list.php on line 136
[19-Dec-2025 09:23:53 UTC] PHP Warning:  A non-numeric value encountered in /home/lottexylitolcom/public_html/staging.lottexylitol.com.vn/test/wp-random-list.php on line 136
[19-Dec-2025 09:23:53 UTC] PHP Warning:  A non-numeric value encountered in /home/lottexylitolcom/public_html/staging.lottexylitol.com.vn/test/wp-random-list.php on line 136
[19-Dec-2025 09:23:53 UTC] PHP Warning:  A non-numeric value encountered in /home/lottexylitolcom/public_html/staging.lottexylitol.com.vn/test/wp-random-list.php on line 136
[19-Dec-2025 09:23:53 UTC] PHP Warning:  A non-numeric value encountered in /home/lottexylitolcom/public_html/staging.lottexylitol.com.vn/test/wp-random-list.php on line 136
[19-Dec-2025 09:23:53 UTC] PHP Warning:  A non-numeric value encountered in /home/lottexylitolcom/public_html/staging.lottexylitol.com.vn/test/wp-random-list.php on line 136
[19-Dec-2025 09:23:53 UTC] PHP Warning:  A non-numeric value encountered in /home/lottexylitolcom/public_html/staging.lottexylitol.com.vn/test/wp-random-list.php on line 136
[19-Dec-2025 09:23:53 UTC] PHP Warning:  A non-numeric value encountered in /home/lottexylitolcom/public_html/staging.lottexylitol.com.vn/test/wp-random-list.php on line 136
[19-Dec-2025 09:23:53 UTC] PHP Warning:  A non-numeric value encountered in /home/lottexylitolcom/public_html/staging.lottexylitol.com.vn/test/wp-random-list.php on line 136
[19-Dec-2025 09:23:53 UTC] PHP Warning:  A non-numeric value encountered in /home/lottexylitolcom/public_html/staging.lottexylitol.com.vn/test/wp-random-list.php on line 136
[19-Dec-2025 09:23:53 UTC] PHP Warning:  A non-numeric value encountered in /home/lottexylitolcom/public_html/staging.lottexylitol.com.vn/test/wp-random-list.php on line 136
[19-Dec-2025 09:23:53 UTC] PHP Warning:  A non-numeric value encountered in /home/lottexylitolcom/public_html/staging.lottexylitol.com.vn/test/wp-random-list.php on line 136
[19-Dec-2025 09:23:53 UTC] PHP Warning:  A non-numeric value encountered in /home/lottexylitolcom/public_html/staging.lottexylitol.com.vn/test/wp-random-list.php on line 136
[19-Dec-2025 09:23:53 UTC] PHP Warning:  A non-numeric value encountered in /home/lottexylitolcom/public_html/staging.lottexylitol.com.vn/test/wp-random-list.php on line 136
[19-Dec-2025 09:23:53 UTC] PHP Warning:  A non-numeric value encountered in /home/lottexylitolcom/public_html/staging.lottexylitol.com.vn/test/wp-random-list.php on line 136
[19-Dec-2025 09:23:53 UTC] PHP Warning:  A non-numeric value encountered in /home/lottexylitolcom/public_html/staging.lottexylitol.com.vn/test/wp-random-list.php on line 136
[19-Dec-2025 09:23:53 UTC] PHP Warning:  A non-numeric value encountered in /home/lottexylitolcom/public_html/staging.lottexylitol.com.vn/test/wp-random-list.php on line 136
[19-Dec-2025 09:23:53 UTC] PHP Warning:  A non-numeric value encountered in /home/lottexylitolcom/public_html/staging.lottexylitol.com.vn/test/wp-random-list.php on line 136
[19-Dec-2025 09:23:53 UTC] PHP Warning:  A non-numeric value encountered in /home/lottexylitolcom/public_html/staging.lottexylitol.com.vn/test/wp-random-list.php on line 136
[19-Dec-2025 09:23:53 UTC] PHP Warning:  A non-numeric value encountered in /home/lottexylitolcom/public_html/staging.lottexylitol.com.vn/test/wp-random-list.php on line 136
[19-Dec-2025 09:23:53 UTC] PHP Warning:  A non-numeric value encountered in /home/lottexylitolcom/public_html/staging.lottexylitol.com.vn/test/wp-random-list.php on line 136
[19-Dec-2025 09:23:53 UTC] PHP Warning:  A non-numeric value encountered in /home/lottexylitolcom/public_html/staging.lottexylitol.com.vn/test/wp-random-list.php on line 136
[19-Dec-2025 09:23:53 UTC] PHP Warning:  A non-numeric value encountered in /home/lottexylitolcom/public_html/staging.lottexylitol.com.vn/test/wp-random-list.php on line 136
[19-Dec-2025 09:23:53 UTC] PHP Warning:  A non-numeric value encountered in /home/lottexylitolcom/public_html/staging.lottexylitol.com.vn/test/wp-random-list.php on line 136
[19-Dec-2025 09:23:53 UTC] PHP Warning:  A non-numeric value encountered in /home/lottexylitolcom/public_html/staging.lottexylitol.com.vn/test/wp-random-list.php on line 136
[19-Dec-2025 09:23:53 UTC] PHP Warning:  A non-numeric value encountered in /home/lottexylitolcom/public_html/staging.lottexylitol.com.vn/test/wp-random-list.php on line 136
[19-Dec-2025 09:23:53 UTC] PHP Warning:  A non-numeric value encountered in /home/lottexylitolcom/public_html/staging.lottexylitol.com.vn/test/wp-random-list.php on line 136
[19-Dec-2025 09:23:53 UTC] PHP Warning:  A non-numeric value encountered in /home/lottexylitolcom/public_html/staging.lottexylitol.com.vn/test/wp-random-list.php on line 136
[19-Dec-2025 09:23:53 UTC] PHP Warning:  A non-numeric value encountered in /home/lottexylitolcom/public_html/staging.lottexylitol.com.vn/test/wp-random-list.php on line 136
[19-Dec-2025 09:23:53 UTC] PHP Warning:  A non-numeric value encountered in /home/lottexylitolcom/public_html/staging.lottexylitol.com.vn/test/wp-random-list.php on line 136
[19-Dec-2025 09:23:53 UTC] PHP Warning:  A non-numeric value encountered in /home/lottexylitolcom/public_html/staging.lottexylitol.com.vn/test/wp-random-list.php on line 136
[19-Dec-2025 09:23:53 UTC] PHP Warning:  A non-numeric value encountered in /home/lottexylitolcom/public_html/staging.lottexylitol.com.vn/test/wp-random-list.php on line 136
[19-Dec-2025 09:23:53 UTC] PHP Warning:  A non-numeric value encountered in /home/lottexylitolcom/public_html/staging.lottexylitol.com.vn/test/wp-random-list.php on line 136
[19-Dec-2025 09:23:53 UTC] PHP Warning:  A non-numeric value encountered in /home/lottexylitolcom/public_html/staging.lottexylitol.com.vn/test/wp-random-list.php on line 136
[19-Dec-2025 09:23:53 UTC] PHP Warning:  A non-numeric value encountered in /home/lottexylitolcom/public_html/staging.lottexylitol.com.vn/test/wp-random-list.php on line 136
[19-Dec-2025 09:23:53 UTC] PHP Warning:  A non-numeric value encountered in /home/lottexylitolcom/public_html/staging.lottexylitol.com.vn/test/wp-random-list.php on line 136
[19-Dec-2025 09:23:53 UTC] PHP Warning:  A non-numeric value encountered in /home/lottexylitolcom/public_html/staging.lottexylitol.com.vn/test/wp-random-list.php on line 136
[19-Dec-2025 09:23:53 UTC] PHP Warning:  A non-numeric value encountered in /home/lottexylitolcom/public_html/staging.lottexylitol.com.vn/test/wp-random-list.php on line 136
[19-Dec-2025 09:23:53 UTC] PHP Warning:  A non-numeric value encountered in /home/lottexylitolcom/public_html/staging.lottexylitol.com.vn/test/wp-random-list.php on line 136
[19-Dec-2025 09:23:53 UTC] PHP Warning:  A non-numeric value encountered in /home/lottexylitolcom/public_html/staging.lottexylitol.com.vn/test/wp-random-list.php on line 136
[19-Dec-2025 09:23:53 UTC] PHP Warning:  A non-numeric value encountered in /home/lottexylitolcom/public_html/staging.lottexylitol.com.vn/test/wp-random-list.php on line 136
[19-Dec-2025 09:23:53 UTC] PHP Warning:  A non-numeric value encountered in /home/lottexylitolcom/public_html/staging.lottexylitol.com.vn/test/wp-random-list.php on line 136
[19-Dec-2025 09:23:53 UTC] PHP Warning:  A non-numeric value encountered in /home/lottexylitolcom/public_html/staging.lottexylitol.com.vn/test/wp-random-list.php on line 136
[19-Dec-2025 09:23:53 UTC] PHP Warning:  A non-numeric value encountered in /home/lottexylitolcom/public_html/staging.lottexylitol.com.vn/test/wp-random-list.php on line 136
[19-Dec-2025 09:23:53 UTC] PHP Warning:  A non-numeric value encountered in /home/lottexylitolcom/public_html/staging.lottexylitol.com.vn/test/wp-random-list.php on line 136
[19-Dec-2025 09:23:53 UTC] PHP Warning:  A non-numeric value encountered in /home/lottexylitolcom/public_html/staging.lottexylitol.com.vn/test/wp-random-list.php on line 136
[19-Dec-2025 09:23:53 UTC] PHP Warning:  A non-numeric value encountered in /home/lottexylitolcom/public_html/staging.lottexylitol.com.vn/test/wp-random-list.php on line 136
[19-Dec-2025 09:23:53 UTC] PHP Warning:  A non-numeric value encountered in /home/lottexylitolcom/public_html/staging.lottexylitol.com.vn/test/wp-random-list.php on line 136
[19-Dec-2025 09:23:53 UTC] PHP Warning:  A non-numeric value encountered in /home/lottexylitolcom/public_html/staging.lottexylitol.com.vn/test/wp-random-list.php on line 136
[19-Dec-2025 09:23:53 UTC] PHP Warning:  A non-numeric value encountered in /home/lottexylitolcom/public_html/staging.lottexylitol.com.vn/test/wp-random-list.php on line 136
[19-Dec-2025 09:23:53 UTC] PHP Warning:  A non-numeric value encountered in /home/lottexylitolcom/public_html/staging.lottexylitol.com.vn/test/wp-random-list.php on line 136
[19-Dec-2025 09:23:53 UTC] PHP Warning:  A non-numeric value encountered in /home/lottexylitolcom/public_html/staging.lottexylitol.com.vn/test/wp-random-list.php on line 136
[19-Dec-2025 09:23:53 UTC] PHP Warning:  A non-numeric value encountered in /home/lottexylitolcom/public_html/staging.lottexylitol.com.vn/test/wp-random-list.php on line 136
[19-Dec-2025 09:23:53 UTC] PHP Warning:  A non-numeric value encountered in /home/lottexylitolcom/public_html/staging.lottexylitol.com.vn/test/wp-random-list.php on line 136
[19-Dec-2025 09:23:53 UTC] PHP Warning:  A non-numeric value encountered in /home/lottexylitolcom/public_html/staging.lottexylitol.com.vn/test/wp-random-list.php on line 136
[19-Dec-2025 09:23:53 UTC] PHP Warning:  A non-numeric value encountered in /home/lottexylitolcom/public_html/staging.lottexylitol.com.vn/test/wp-random-list.php on line 136
[19-Dec-2025 09:23:53 UTC] PHP Warning:  A non-numeric value encountered in /home/lottexylitolcom/public_html/staging.lottexylitol.com.vn/test/wp-random-list.php on line 136
[19-Dec-2025 09:23:53 UTC] PHP Warning:  A non-numeric value encountered in /home/lottexylitolcom/public_html/staging.lottexylitol.com.vn/test/wp-random-list.php on line 136
[19-Dec-2025 09:23:53 UTC] PHP Warning:  A non-numeric value encountered in /home/lottexylitolcom/public_html/staging.lottexylitol.com.vn/test/wp-random-list.php on line 136
[19-Dec-2025 09:23:53 UTC] PHP Warning:  A non-numeric value encountered in /home/lottexylitolcom/public_html/staging.lottexylitol.com.vn/test/wp-random-list.php on line 136
[19-Dec-2025 09:23:53 UTC] PHP Warning:  A non-numeric value encountered in /home/lottexylitolcom/public_html/staging.lottexylitol.com.vn/test/wp-random-list.php on line 136
[19-Dec-2025 09:23:53 UTC] PHP Warning:  A non-numeric value encountered in /home/lottexylitolcom/public_html/staging.lottexylitol.com.vn/test/wp-random-list.php on line 136
[19-Dec-2025 09:23:53 UTC] PHP Warning:  A non-numeric value encountered in /home/lottexylitolcom/public_html/staging.lottexylitol.com.vn/test/wp-random-list.php on line 136
[19-Dec-2025 09:23:53 UTC] PHP Warning:  A non-numeric value encountered in /home/lottexylitolcom/public_html/staging.lottexylitol.com.vn/test/wp-random-list.php on line 136
[19-Dec-2025 09:23:53 UTC] PHP Warning:  A non-numeric value encountered in /home/lottexylitolcom/public_html/staging.lottexylitol.com.vn/test/wp-random-list.php on line 136
[19-Dec-2025 09:23:53 UTC] PHP Warning:  A non-numeric value encountered in /home/lottexylitolcom/public_html/staging.lottexylitol.com.vn/test/wp-random-list.php on line 136
[19-Dec-2025 09:23:53 UTC] PHP Warning:  A non-numeric value encountered in /home/lottexylitolcom/public_html/staging.lottexylitol.com.vn/test/wp-random-list.php on line 136
[19-Dec-2025 09:23:53 UTC] PHP Warning:  A non-numeric value encountered in /home/lottexylitolcom/public_html/staging.lottexylitol.com.vn/test/wp-random-list.php on line 136
[19-Dec-2025 09:23:53 UTC] PHP Warning:  A non-numeric value encountered in /home/lottexylitolcom/public_html/staging.lottexylitol.com.vn/test/wp-random-list.php on line 136
[19-Dec-2025 09:23:53 UTC] PHP Warning:  A non-numeric value encountered in /home/lottexylitolcom/public_html/staging.lottexylitol.com.vn/test/wp-random-list.php on line 136
[19-Dec-2025 09:23:53 UTC] PHP Warning:  A non-numeric value encountered in /home/lottexylitolcom/public_html/staging.lottexylitol.com.vn/test/wp-random-list.php on line 136
[19-Dec-2025 09:23:53 UTC] PHP Warning:  A non-numeric value encountered in /home/lottexylitolcom/public_html/staging.lottexylitol.com.vn/test/wp-random-list.php on line 136
[19-Dec-2025 09:23:53 UTC] PHP Warning:  A non-numeric value encountered in /home/lottexylitolcom/public_html/staging.lottexylitol.com.vn/test/wp-random-list.php on line 136
[19-Dec-2025 09:23:53 UTC] PHP Warning:  A non-numeric value encountered in /home/lottexylitolcom/public_html/staging.lottexylitol.com.vn/test/wp-random-list.php on line 136
[19-Dec-2025 09:23:53 UTC] PHP Warning:  A non-numeric value encountered in /home/lottexylitolcom/public_html/staging.lottexylitol.com.vn/test/wp-random-list.php on line 136
[19-Dec-2025 09:23:53 UTC] PHP Warning:  A non-numeric value encountered in /home/lottexylitolcom/public_html/staging.lottexylitol.com.vn/test/wp-random-list.php on line 136
[19-Dec-2025 09:23:53 UTC] PHP Warning:  A non-numeric value encountered in /home/lottexylitolcom/public_html/staging.lottexylitol.com.vn/test/wp-random-list.php on line 136
[19-Dec-2025 09:23:53 UTC] PHP Warning:  A non-numeric value encountered in /home/lottexylitolcom/public_html/staging.lottexylitol.com.vn/test/wp-random-list.php on line 136
[19-Dec-2025 09:23:53 UTC] PHP Warning:  A non-numeric value encountered in /home/lottexylitolcom/public_html/staging.lottexylitol.com.vn/test/wp-random-list.php on line 136
[19-Dec-2025 09:23:53 UTC] PHP Warning:  A non-numeric value encountered in /home/lottexylitolcom/public_html/staging.lottexylitol.com.vn/test/wp-random-list.php on line 136
[19-Dec-2025 09:23:53 UTC] PHP Warning:  A non-numeric value encountered in /home/lottexylitolcom/public_html/staging.lottexylitol.com.vn/test/wp-random-list.php on line 136
[19-Dec-2025 09:23:53 UTC] PHP Warning:  A non-numeric value encountered in /home/lottexylitolcom/public_html/staging.lottexylitol.com.vn/test/wp-random-list.php on line 136
[19-Dec-2025 09:23:53 UTC] PHP Warning:  A non-numeric value encountered in /home/lottexylitolcom/public_html/staging.lottexylitol.com.vn/test/wp-random-list.php on line 136
[19-Dec-2025 09:23:53 UTC] PHP Warning:  A non-numeric value encountered in /home/lottexylitolcom/public_html/staging.lottexylitol.com.vn/test/wp-random-list.php on line 136
[19-Dec-2025 09:23:53 UTC] PHP Warning:  A non-numeric value encountered in /home/lottexylitolcom/public_html/staging.lottexylitol.com.vn/test/wp-random-list.php on line 136
[19-Dec-2025 09:23:53 UTC] PHP Warning:  A non-numeric value encountered in /home/lottexylitolcom/public_html/staging.lottexylitol.com.vn/test/wp-random-list.php on line 136
[19-Dec-2025 09:23:53 UTC] PHP Warning:  A non-numeric value encountered in /home/lottexylitolcom/public_html/staging.lottexylitol.com.vn/test/wp-random-list.php on line 136
[19-Dec-2025 09:23:53 UTC] PHP Warning:  A non-numeric value encountered in /home/lottexylitolcom/public_html/staging.lottexylitol.com.vn/test/wp-random-list.php on line 136
[19-Dec-2025 09:23:53 UTC] PHP Warning:  A non-numeric value encountered in /home/lottexylitolcom/public_html/staging.lottexylitol.com.vn/test/wp-random-list.php on line 136
[19-Dec-2025 09:23:53 UTC] PHP Warning:  A non-numeric value encountered in /home/lottexylitolcom/public_html/staging.lottexylitol.com.vn/test/wp-random-list.php on line 136
[19-Dec-2025 09:23:53 UTC] PHP Warning:  A non-numeric value encountered in /home/lottexylitolcom/public_html/staging.lottexylitol.com.vn/test/wp-random-list.php on line 136
[19-Dec-2025 09:23:53 UTC] PHP Warning:  A non-numeric value encountered in /home/lottexylitolcom/public_html/staging.lottexylitol.com.vn/test/wp-random-list.php on line 136
[19-Dec-2025 09:23:53 UTC] PHP Warning:  A non-numeric value encountered in /home/lottexylitolcom/public_html/staging.lottexylitol.com.vn/test/wp-random-list.php on line 136
[19-Dec-2025 09:23:53 UTC] PHP Warning:  A non-numeric value encountered in /home/lottexylitolcom/public_html/staging.lottexylitol.com.vn/test/wp-random-list.php on line 136
[19-Dec-2025 09:23:53 UTC] PHP Warning:  A non-numeric value encountered in /home/lottexylitolcom/public_html/staging.lottexylitol.com.vn/test/wp-random-list.php on line 136
[19-Dec-2025 09:23:53 UTC] PHP Warning:  A non-numeric value encountered in /home/lottexylitolcom/public_html/staging.lottexylitol.com.vn/test/wp-random-list.php on line 136
[19-Dec-2025 09:23:53 UTC] PHP Warning:  A non-numeric value encountered in /home/lottexylitolcom/public_html/staging.lottexylitol.com.vn/test/wp-random-list.php on line 136
[19-Dec-2025 09:23:53 UTC] PHP Warning:  A non-numeric value encountered in /home/lottexylitolcom/public_html/staging.lottexylitol.com.vn/test/wp-random-list.php on line 136
[19-Dec-2025 09:23:53 UTC] PHP Warning:  A non-numeric value encountered in /home/lottexylitolcom/public_html/staging.lottexylitol.com.vn/test/wp-random-list.php on line 136
[19-Dec-2025 09:23:53 UTC] PHP Warning:  A non-numeric value encountered in /home/lottexylitolcom/public_html/staging.lottexylitol.com.vn/test/wp-random-list.php on line 136
[19-Dec-2025 09:23:53 UTC] PHP Warning:  A non-numeric value encountered in /home/lottexylitolcom/public_html/staging.lottexylitol.com.vn/test/wp-random-list.php on line 136
[19-Dec-2025 09:23:53 UTC] PHP Warning:  A non-numeric value encountered in /home/lottexylitolcom/public_html/staging.lottexylitol.com.vn/test/wp-random-list.php on line 136
[19-Dec-2025 09:23:53 UTC] PHP Warning:  A non-numeric value encountered in /home/lottexylitolcom/public_html/staging.lottexylitol.com.vn/test/wp-random-list.php on line 136
[19-Dec-2025 09:23:53 UTC] PHP Warning:  A non-numeric value encountered in /home/lottexylitolcom/public_html/staging.lottexylitol.com.vn/test/wp-random-list.php on line 136
[19-Dec-2025 09:23:53 UTC] PHP Warning:  A non-numeric value encountered in /home/lottexylitolcom/public_html/staging.lottexylitol.com.vn/test/wp-random-list.php on line 136
[19-Dec-2025 09:23:53 UTC] PHP Warning:  A non-numeric value encountered in /home/lottexylitolcom/public_html/staging.lottexylitol.com.vn/test/wp-random-list.php on line 136
[19-Dec-2025 09:23:53 UTC] PHP Warning:  A non-numeric value encountered in /home/lottexylitolcom/public_html/staging.lottexylitol.com.vn/test/wp-random-list.php on line 136
[19-Dec-2025 09:23:53 UTC] PHP Warning:  A non-numeric value encountered in /home/lottexylitolcom/public_html/staging.lottexylitol.com.vn/test/wp-random-list.php on line 136
[19-Dec-2025 09:23:53 UTC] PHP Warning:  A non-numeric value encountered in /home/lottexylitolcom/public_html/staging.lottexylitol.com.vn/test/wp-random-list.php on line 136
[19-Dec-2025 09:23:53 UTC] PHP Warning:  A non-numeric value encountered in /home/lottexylitolcom/public_html/staging.lottexylitol.com.vn/test/wp-random-list.php on line 136
[19-Dec-2025 09:23:53 UTC] PHP Warning:  A non-numeric value encountered in /home/lottexylitolcom/public_html/staging.lottexylitol.com.vn/test/wp-random-list.php on line 136
[19-Dec-2025 09:23:53 UTC] PHP Warning:  A non-numeric value encountered in /home/lottexylitolcom/public_html/staging.lottexylitol.com.vn/test/wp-random-list.php on line 136
[19-Dec-2025 09:23:53 UTC] PHP Warning:  A non-numeric value encountered in /home/lottexylitolcom/public_html/staging.lottexylitol.com.vn/test/wp-random-list.php on line 136
[19-Dec-2025 09:23:53 UTC] PHP Warning:  A non-numeric value encountered in /home/lottexylitolcom/public_html/staging.lottexylitol.com.vn/test/wp-random-list.php on line 136
[19-Dec-2025 09:23:53 UTC] PHP Warning:  A non-numeric value encountered in /home/lottexylitolcom/public_html/staging.lottexylitol.com.vn/test/wp-random-list.php on line 136
[19-Dec-2025 09:23:53 UTC] PHP Warning:  A non-numeric value encountered in /home/lottexylitolcom/public_html/staging.lottexylitol.com.vn/test/wp-random-list.php on line 136
[19-Dec-2025 09:23:53 UTC] PHP Warning:  A non-numeric value encountered in /home/lottexylitolcom/public_html/staging.lottexylitol.com.vn/test/wp-random-list.php on line 136
[19-Dec-2025 09:23:53 UTC] PHP Warning:  A non-numeric value encountered in /home/lottexylitolcom/public_html/staging.lottexylitol.com.vn/test/wp-random-list.php on line 136
[19-Dec-2025 09:23:53 UTC] PHP Warning:  A non-numeric value encountered in /home/lottexylitolcom/public_html/staging.lottexylitol.com.vn/test/wp-random-list.php on line 136
[19-Dec-2025 09:23:53 UTC] PHP Warning:  A non-numeric value encountered in /home/lottexylitolcom/public_html/staging.lottexylitol.com.vn/test/wp-random-list.php on line 136
[19-Dec-2025 09:23:53 UTC] PHP Warning:  A non-numeric value encountered in /home/lottexylitolcom/public_html/staging.lottexylitol.com.vn/test/wp-random-list.php on line 136
[19-Dec-2025 09:23:53 UTC] PHP Warning:  A non-numeric value encountered in /home/lottexylitolcom/public_html/staging.lottexylitol.com.vn/test/wp-random-list.php on line 136
[19-Dec-2025 09:23:53 UTC] PHP Warning:  A non-numeric value encountered in /home/lottexylitolcom/public_html/staging.lottexylitol.com.vn/test/wp-random-list.php on line 136
[19-Dec-2025 09:23:53 UTC] PHP Warning:  A non-numeric value encountered in /home/lottexylitolcom/public_html/staging.lottexylitol.com.vn/test/wp-random-list.php on line 136
[19-Dec-2025 09:23:53 UTC] PHP Warning:  A non-numeric value encountered in /home/lottexylitolcom/public_html/staging.lottexylitol.com.vn/test/wp-random-list.php on line 136
[19-Dec-2025 09:23:53 UTC] PHP Warning:  A non-numeric value encountered in /home/lottexylitolcom/public_html/staging.lottexylitol.com.vn/test/wp-random-list.php on line 136
[19-Dec-2025 09:23:53 UTC] PHP Warning:  A non-numeric value encountered in /home/lottexylitolcom/public_html/staging.lottexylitol.com.vn/test/wp-random-list.php on line 136
[19-Dec-2025 09:23:53 UTC] PHP Warning:  A non-numeric value encountered in /home/lottexylitolcom/public_html/staging.lottexylitol.com.vn/test/wp-random-list.php on line 136
[19-Dec-2025 09:23:53 UTC] PHP Warning:  A non-numeric value encountered in /home/lottexylitolcom/public_html/staging.lottexylitol.com.vn/test/wp-random-list.php on line 136
[19-Dec-2025 09:23:53 UTC] PHP Warning:  A non-numeric value encountered in /home/lottexylitolcom/public_html/staging.lottexylitol.com.vn/test/wp-random-list.php on line 136
[19-Dec-2025 09:23:53 UTC] PHP Warning:  A non-numeric value encountered in /home/lottexylitolcom/public_html/staging.lottexylitol.com.vn/test/wp-random-list.php on line 136
[19-Dec-2025 09:23:53 UTC] PHP Warning:  A non-numeric value encountered in /home/lottexylitolcom/public_html/staging.lottexylitol.com.vn/test/wp-random-list.php on line 136
[19-Dec-2025 09:23:53 UTC] PHP Warning:  A non-numeric value encountered in /home/lottexylitolcom/public_html/staging.lottexylitol.com.vn/test/wp-random-list.php on line 136
[19-Dec-2025 09:23:53 UTC] PHP Warning:  A non-numeric value encountered in /home/lottexylitolcom/public_html/staging.lottexylitol.com.vn/test/wp-random-list.php on line 136
[19-Dec-2025 09:23:53 UTC] PHP Warning:  A non-numeric value encountered in /home/lottexylitolcom/public_html/staging.lottexylitol.com.vn/test/wp-random-list.php on line 136
[19-Dec-2025 09:23:53 UTC] PHP Warning:  A non-numeric value encountered in /home/lottexylitolcom/public_html/staging.lottexylitol.com.vn/test/wp-random-list.php on line 136
[19-Dec-2025 09:23:53 UTC] PHP Warning:  A non-numeric value encountered in /home/lottexylitolcom/public_html/staging.lottexylitol.com.vn/test/wp-random-list.php on line 136
[19-Dec-2025 09:23:53 UTC] PHP Warning:  A non-numeric value encountered in /home/lottexylitolcom/public_html/staging.lottexylitol.com.vn/test/wp-random-list.php on line 136
[19-Dec-2025 09:23:53 UTC] PHP Warning:  A non-numeric value encountered in /home/lottexylitolcom/public_html/staging.lottexylitol.com.vn/test/wp-random-list.php on line 136
[19-Dec-2025 09:23:53 UTC] PHP Warning:  A non-numeric value encountered in /home/lottexylitolcom/public_html/staging.lottexylitol.com.vn/test/wp-random-list.php on line 136
[19-Dec-2025 09:23:53 UTC] PHP Warning:  A non-numeric value encountered in /home/lottexylitolcom/public_html/staging.lottexylitol.com.vn/test/wp-random-list.php on line 136
[19-Dec-2025 09:23:53 UTC] PHP Warning:  A non-numeric value encountered in /home/lottexylitolcom/public_html/staging.lottexylitol.com.vn/test/wp-random-list.php on line 136
[19-Dec-2025 09:23:53 UTC] PHP Warning:  A non-numeric value encountered in /home/lottexylitolcom/public_html/staging.lottexylitol.com.vn/test/wp-random-list.php on line 136
[19-Dec-2025 09:23:53 UTC] PHP Warning:  A non-numeric value encountered in /home/lottexylitolcom/public_html/staging.lottexylitol.com.vn/test/wp-random-list.php on line 136
[19-Dec-2025 09:23:53 UTC] PHP Warning:  A non-numeric value encountered in /home/lottexylitolcom/public_html/staging.lottexylitol.com.vn/test/wp-random-list.php on line 136
[19-Dec-2025 09:23:53 UTC] PHP Warning:  A non-numeric value encountered in /home/lottexylitolcom/public_html/staging.lottexylitol.com.vn/test/wp-random-list.php on line 136
[19-Dec-2025 09:23:53 UTC] PHP Warning:  A non-numeric value encountered in /home/lottexylitolcom/public_html/staging.lottexylitol.com.vn/test/wp-random-list.php on line 136
[19-Dec-2025 09:23:53 UTC] PHP Warning:  A non-numeric value encountered in /home/lottexylitolcom/public_html/staging.lottexylitol.com.vn/test/wp-random-list.php on line 136
[19-Dec-2025 09:23:53 UTC] PHP Warning:  A non-numeric value encountered in /home/lottexylitolcom/public_html/staging.lottexylitol.com.vn/test/wp-random-list.php on line 136
[19-Dec-2025 09:23:53 UTC] PHP Warning:  A non-numeric value encountered in /home/lottexylitolcom/public_html/staging.lottexylitol.com.vn/test/wp-random-list.php on line 136
[19-Dec-2025 09:23:53 UTC] PHP Warning:  A non-numeric value encountered in /home/lottexylitolcom/public_html/staging.lottexylitol.com.vn/test/wp-random-list.php on line 136
[19-Dec-2025 09:23:53 UTC] PHP Warning:  A non-numeric value encountered in /home/lottexylitolcom/public_html/staging.lottexylitol.com.vn/test/wp-random-list.php on line 136
[19-Dec-2025 09:23:53 UTC] PHP Warning:  A non-numeric value encountered in /home/lottexylitolcom/public_html/staging.lottexylitol.com.vn/test/wp-random-list.php on line 136
[19-Dec-2025 09:23:53 UTC] PHP Warning:  A non-numeric value encountered in /home/lottexylitolcom/public_html/staging.lottexylitol.com.vn/test/wp-random-list.php on line 136
[19-Dec-2025 09:23:53 UTC] PHP Warning:  A non-numeric value encountered in /home/lottexylitolcom/public_html/staging.lottexylitol.com.vn/test/wp-random-list.php on line 136
[19-Dec-2025 09:23:53 UTC] PHP Warning:  A non-numeric value encountered in /home/lottexylitolcom/public_html/staging.lottexylitol.com.vn/test/wp-random-list.php on line 136
[19-Dec-2025 09:23:53 UTC] PHP Warning:  A non-numeric value encountered in /home/lottexylitolcom/public_html/staging.lottexylitol.com.vn/test/wp-random-list.php on line 136
[19-Dec-2025 09:23:53 UTC] PHP Warning:  A non-numeric value encountered in /home/lottexylitolcom/public_html/staging.lottexylitol.com.vn/test/wp-random-list.php on line 136
[19-Dec-2025 09:23:53 UTC] PHP Warning:  A non-numeric value encountered in /home/lottexylitolcom/public_html/staging.lottexylitol.com.vn/test/wp-random-list.php on line 136
[19-Dec-2025 09:23:53 UTC] PHP Warning:  A non-numeric value encountered in /home/lottexylitolcom/public_html/staging.lottexylitol.com.vn/test/wp-random-list.php on line 136
[19-Dec-2025 09:23:53 UTC] PHP Warning:  A non-numeric value encountered in /home/lottexylitolcom/public_html/staging.lottexylitol.com.vn/test/wp-random-list.php on line 136
[19-Dec-2025 09:23:53 UTC] PHP Warning:  A non-numeric value encountered in /home/lottexylitolcom/public_html/staging.lottexylitol.com.vn/test/wp-random-list.php on line 136
[19-Dec-2025 09:23:53 UTC] PHP Warning:  A non-numeric value encountered in /home/lottexylitolcom/public_html/staging.lottexylitol.com.vn/test/wp-random-list.php on line 136
[19-Dec-2025 09:23:53 UTC] PHP Warning:  A non-numeric value encountered in /home/lottexylitolcom/public_html/staging.lottexylitol.com.vn/test/wp-random-list.php on line 136
[19-Dec-2025 09:23:53 UTC] PHP Warning:  A non-numeric value encountered in /home/lottexylitolcom/public_html/staging.lottexylitol.com.vn/test/wp-random-list.php on line 136
[19-Dec-2025 09:23:53 UTC] PHP Warning:  A non-numeric value encountered in /home/lottexylitolcom/public_html/staging.lottexylitol.com.vn/test/wp-random-list.php on line 136
[19-Dec-2025 09:23:53 UTC] PHP Warning:  A non-numeric value encountered in /home/lottexylitolcom/public_html/staging.lottexylitol.com.vn/test/wp-random-list.php on line 136
[19-Dec-2025 09:23:53 UTC] PHP Warning:  A non-numeric value encountered in /home/lottexylitolcom/public_html/staging.lottexylitol.com.vn/test/wp-random-list.php on line 136
[19-Dec-2025 09:23:53 UTC] PHP Warning:  A non-numeric value encountered in /home/lottexylitolcom/public_html/staging.lottexylitol.com.vn/test/wp-random-list.php on line 136
[19-Dec-2025 09:23:53 UTC] PHP Warning:  A non-numeric value encountered in /home/lottexylitolcom/public_html/staging.lottexylitol.com.vn/test/wp-random-list.php on line 136
[19-Dec-2025 09:23:53 UTC] PHP Warning:  A non-numeric value encountered in /home/lottexylitolcom/public_html/staging.lottexylitol.com.vn/test/wp-random-list.php on line 136
[19-Dec-2025 09:23:53 UTC] PHP Warning:  A non-numeric value encountered in /home/lottexylitolcom/public_html/staging.lottexylitol.com.vn/test/wp-random-list.php on line 136
[19-Dec-2025 09:23:53 UTC] PHP Warning:  A non-numeric value encountered in /home/lottexylitolcom/public_html/staging.lottexylitol.com.vn/test/wp-random-list.php on line 136
[19-Dec-2025 09:23:53 UTC] PHP Warning:  A non-numeric value encountered in /home/lottexylitolcom/public_html/staging.lottexylitol.com.vn/test/wp-random-list.php on line 136
[19-Dec-2025 09:23:53 UTC] PHP Warning:  A non-numeric value encountered in /home/lottexylitolcom/public_html/staging.lottexylitol.com.vn/test/wp-random-list.php on line 136
[19-Dec-2025 09:23:53 UTC] PHP Warning:  A non-numeric value encountered in /home/lottexylitolcom/public_html/staging.lottexylitol.com.vn/test/wp-random-list.php on line 136
[19-Dec-2025 09:23:53 UTC] PHP Warning:  A non-numeric value encountered in /home/lottexylitolcom/public_html/staging.lottexylitol.com.vn/test/wp-random-list.php on line 136
[19-Dec-2025 09:23:53 UTC] PHP Warning:  A non-numeric value encountered in /home/lottexylitolcom/public_html/staging.lottexylitol.com.vn/test/wp-random-list.php on line 136
[19-Dec-2025 09:23:53 UTC] PHP Warning:  A non-numeric value encountered in /home/lottexylitolcom/public_html/staging.lottexylitol.com.vn/test/wp-random-list.php on line 136
[19-Dec-2025 09:23:53 UTC] PHP Warning:  A non-numeric value encountered in /home/lottexylitolcom/public_html/staging.lottexylitol.com.vn/test/wp-random-list.php on line 136
[19-Dec-2025 09:23:53 UTC] PHP Warning:  A non-numeric value encountered in /home/lottexylitolcom/public_html/staging.lottexylitol.com.vn/test/wp-random-list.php on line 136
[19-Dec-2025 09:23:53 UTC] PHP Warning:  A non-numeric value encountered in /home/lottexylitolcom/public_html/staging.lottexylitol.com.vn/test/wp-random-list.php on line 136
[19-Dec-2025 09:23:53 UTC] PHP Warning:  A non-numeric value encountered in /home/lottexylitolcom/public_html/staging.lottexylitol.com.vn/test/wp-random-list.php on line 136
[19-Dec-2025 09:23:53 UTC] PHP Warning:  A non-numeric value encountered in /home/lottexylitolcom/public_html/staging.lottexylitol.com.vn/test/wp-random-list.php on line 136
[19-Dec-2025 09:23:53 UTC] PHP Warning:  A non-numeric value encountered in /home/lottexylitolcom/public_html/staging.lottexylitol.com.vn/test/wp-random-list.php on line 136
[19-Dec-2025 09:23:53 UTC] PHP Warning:  A non-numeric value encountered in /home/lottexylitolcom/public_html/staging.lottexylitol.com.vn/test/wp-random-list.php on line 136
[19-Dec-2025 09:23:53 UTC] PHP Warning:  A non-numeric value encountered in /home/lottexylitolcom/public_html/staging.lottexylitol.com.vn/test/wp-random-list.php on line 136
[19-Dec-2025 09:23:53 UTC] PHP Warning:  A non-numeric value encountered in /home/lottexylitolcom/public_html/staging.lottexylitol.com.vn/test/wp-random-list.php on line 136
[19-Dec-2025 09:23:53 UTC] PHP Warning:  A non-numeric value encountered in /home/lottexylitolcom/public_html/staging.lottexylitol.com.vn/test/wp-random-list.php on line 136
[19-Dec-2025 09:23:53 UTC] PHP Warning:  A non-numeric value encountered in /home/lottexylitolcom/public_html/staging.lottexylitol.com.vn/test/wp-random-list.php on line 136
[19-Dec-2025 09:23:53 UTC] PHP Warning:  A non-numeric value encountered in /home/lottexylitolcom/public_html/staging.lottexylitol.com.vn/test/wp-random-list.php on line 136
[19-Dec-2025 09:23:53 UTC] PHP Warning:  A non-numeric value encountered in /home/lottexylitolcom/public_html/staging.lottexylitol.com.vn/test/wp-random-list.php on line 136
[19-Dec-2025 09:23:53 UTC] PHP Warning:  A non-numeric value encountered in /home/lottexylitolcom/public_html/staging.lottexylitol.com.vn/test/wp-random-list.php on line 136
[19-Dec-2025 09:23:53 UTC] PHP Warning:  A non-numeric value encountered in /home/lottexylitolcom/public_html/staging.lottexylitol.com.vn/test/wp-random-list.php on line 136
[19-Dec-2025 09:23:53 UTC] PHP Warning:  A non-numeric value encountered in /home/lottexylitolcom/public_html/staging.lottexylitol.com.vn/test/wp-random-list.php on line 136
[19-Dec-2025 09:23:53 UTC] PHP Warning:  A non-numeric value encountered in /home/lottexylitolcom/public_html/staging.lottexylitol.com.vn/test/wp-random-list.php on line 136
[19-Dec-2025 09:23:53 UTC] PHP Warning:  A non-numeric value encountered in /home/lottexylitolcom/public_html/staging.lottexylitol.com.vn/test/wp-random-list.php on line 136
[19-Dec-2025 09:23:53 UTC] PHP Warning:  A non-numeric value encountered in /home/lottexylitolcom/public_html/staging.lottexylitol.com.vn/test/wp-random-list.php on line 136
[19-Dec-2025 09:23:53 UTC] PHP Warning:  A non-numeric value encountered in /home/lottexylitolcom/public_html/staging.lottexylitol.com.vn/test/wp-random-list.php on line 136
[19-Dec-2025 09:23:53 UTC] PHP Warning:  A non-numeric value encountered in /home/lottexylitolcom/public_html/staging.lottexylitol.com.vn/test/wp-random-list.php on line 136
[19-Dec-2025 09:23:53 UTC] PHP Warning:  A non-numeric value encountered in /home/lottexylitolcom/public_html/staging.lottexylitol.com.vn/test/wp-random-list.php on line 136
[19-Dec-2025 09:23:53 UTC] PHP Warning:  A non-numeric value encountered in /home/lottexylitolcom/public_html/staging.lottexylitol.com.vn/test/wp-random-list.php on line 136
[19-Dec-2025 09:23:53 UTC] PHP Warning:  A non-numeric value encountered in /home/lottexylitolcom/public_html/staging.lottexylitol.com.vn/test/wp-random-list.php on line 136
[19-Dec-2025 09:23:53 UTC] PHP Warning:  A non-numeric value encountered in /home/lottexylitolcom/public_html/staging.lottexylitol.com.vn/test/wp-random-list.php on line 136
[19-Dec-2025 09:23:53 UTC] PHP Warning:  A non-numeric value encountered in /home/lottexylitolcom/public_html/staging.lottexylitol.com.vn/test/wp-random-list.php on line 136
[19-Dec-2025 09:23:53 UTC] PHP Warning:  A non-numeric value encountered in /home/lottexylitolcom/public_html/staging.lottexylitol.com.vn/test/wp-random-list.php on line 136
[19-Dec-2025 09:23:53 UTC] PHP Warning:  A non-numeric value encountered in /home/lottexylitolcom/public_html/staging.lottexylitol.com.vn/test/wp-random-list.php on line 136
[19-Dec-2025 09:23:53 UTC] PHP Warning:  A non-numeric value encountered in /home/lottexylitolcom/public_html/staging.lottexylitol.com.vn/test/wp-random-list.php on line 136
[19-Dec-2025 09:23:53 UTC] PHP Warning:  A non-numeric value encountered in /home/lottexylitolcom/public_html/staging.lottexylitol.com.vn/test/wp-random-list.php on line 136
[19-Dec-2025 09:23:53 UTC] PHP Warning:  A non-numeric value encountered in /home/lottexylitolcom/public_html/staging.lottexylitol.com.vn/test/wp-random-list.php on line 136
[19-Dec-2025 09:23:53 UTC] PHP Warning:  A non-numeric value encountered in /home/lottexylitolcom/public_html/staging.lottexylitol.com.vn/test/wp-random-list.php on line 136
[19-Dec-2025 09:23:53 UTC] PHP Warning:  A non-numeric value encountered in /home/lottexylitolcom/public_html/staging.lottexylitol.com.vn/test/wp-random-list.php on line 136
[19-Dec-2025 09:23:53 UTC] PHP Warning:  A non-numeric value encountered in /home/lottexylitolcom/public_html/staging.lottexylitol.com.vn/test/wp-random-list.php on line 136
[19-Dec-2025 09:23:53 UTC] PHP Warning:  A non-numeric value encountered in /home/lottexylitolcom/public_html/staging.lottexylitol.com.vn/test/wp-random-list.php on line 136
[19-Dec-2025 09:23:53 UTC] PHP Warning:  A non-numeric value encountered in /home/lottexylitolcom/public_html/staging.lottexylitol.com.vn/test/wp-random-list.php on line 136
[19-Dec-2025 09:23:53 UTC] PHP Warning:  A non-numeric value encountered in /home/lottexylitolcom/public_html/staging.lottexylitol.com.vn/test/wp-random-list.php on line 136
[19-Dec-2025 09:23:53 UTC] PHP Warning:  A non-numeric value encountered in /home/lottexylitolcom/public_html/staging.lottexylitol.com.vn/test/wp-random-list.php on line 136
[19-Dec-2025 09:23:53 UTC] PHP Warning:  A non-numeric value encountered in /home/lottexylitolcom/public_html/staging.lottexylitol.com.vn/test/wp-random-list.php on line 136
[19-Dec-2025 09:23:53 UTC] PHP Warning:  A non-numeric value encountered in /home/lottexylitolcom/public_html/staging.lottexylitol.com.vn/test/wp-random-list.php on line 136
[19-Dec-2025 09:23:53 UTC] PHP Warning:  A non-numeric value encountered in /home/lottexylitolcom/public_html/staging.lottexylitol.com.vn/test/wp-random-list.php on line 136
[19-Dec-2025 09:23:53 UTC] PHP Warning:  A non-numeric value encountered in /home/lottexylitolcom/public_html/staging.lottexylitol.com.vn/test/wp-random-list.php on line 136
[19-Dec-2025 09:23:53 UTC] PHP Warning:  A non-numeric value encountered in /home/lottexylitolcom/public_html/staging.lottexylitol.com.vn/test/wp-random-list.php on line 136
[19-Dec-2025 09:23:53 UTC] PHP Warning:  A non-numeric value encountered in /home/lottexylitolcom/public_html/staging.lottexylitol.com.vn/test/wp-random-list.php on line 136
[19-Dec-2025 09:23:53 UTC] PHP Warning:  A non-numeric value encountered in /home/lottexylitolcom/public_html/staging.lottexylitol.com.vn/test/wp-random-list.php on line 136
[19-Dec-2025 09:23:53 UTC] PHP Warning:  A non-numeric value encountered in /home/lottexylitolcom/public_html/staging.lottexylitol.com.vn/test/wp-random-list.php on line 136
[19-Dec-2025 09:23:53 UTC] PHP Warning:  A non-numeric value encountered in /home/lottexylitolcom/public_html/staging.lottexylitol.com.vn/test/wp-random-list.php on line 136
[19-Dec-2025 09:23:53 UTC] PHP Warning:  A non-numeric value encountered in /home/lottexylitolcom/public_html/staging.lottexylitol.com.vn/test/wp-random-list.php on line 136
[19-Dec-2025 09:23:53 UTC] PHP Warning:  A non-numeric value encountered in /home/lottexylitolcom/public_html/staging.lottexylitol.com.vn/test/wp-random-list.php on line 136
[19-Dec-2025 09:23:53 UTC] PHP Warning:  A non-numeric value encountered in /home/lottexylitolcom/public_html/staging.lottexylitol.com.vn/test/wp-random-list.php on line 136
[19-Dec-2025 09:23:53 UTC] PHP Warning:  A non-numeric value encountered in /home/lottexylitolcom/public_html/staging.lottexylitol.com.vn/test/wp-random-list.php on line 136
[19-Dec-2025 09:23:53 UTC] PHP Warning:  A non-numeric value encountered in /home/lottexylitolcom/public_html/staging.lottexylitol.com.vn/test/wp-random-list.php on line 136
[19-Dec-2025 09:23:53 UTC] PHP Warning:  A non-numeric value encountered in /home/lottexylitolcom/public_html/staging.lottexylitol.com.vn/test/wp-random-list.php on line 136
[19-Dec-2025 09:23:53 UTC] PHP Warning:  A non-numeric value encountered in /home/lottexylitolcom/public_html/staging.lottexylitol.com.vn/test/wp-random-list.php on line 136
[19-Dec-2025 09:23:53 UTC] PHP Warning:  A non-numeric value encountered in /home/lottexylitolcom/public_html/staging.lottexylitol.com.vn/test/wp-random-list.php on line 136
[19-Dec-2025 09:23:53 UTC] PHP Warning:  A non-numeric value encountered in /home/lottexylitolcom/public_html/staging.lottexylitol.com.vn/test/wp-random-list.php on line 136
[19-Dec-2025 09:23:53 UTC] PHP Warning:  A non-numeric value encountered in /home/lottexylitolcom/public_html/staging.lottexylitol.com.vn/test/wp-random-list.php on line 136
[19-Dec-2025 09:23:53 UTC] PHP Warning:  A non-numeric value encountered in /home/lottexylitolcom/public_html/staging.lottexylitol.com.vn/test/wp-random-list.php on line 136
[19-Dec-2025 09:23:53 UTC] PHP Warning:  A non-numeric value encountered in /home/lottexylitolcom/public_html/staging.lottexylitol.com.vn/test/wp-random-list.php on line 136
[19-Dec-2025 09:23:53 UTC] PHP Warning:  A non-numeric value encountered in /home/lottexylitolcom/public_html/staging.lottexylitol.com.vn/test/wp-random-list.php on line 136
[19-Dec-2025 09:23:53 UTC] PHP Warning:  A non-numeric value encountered in /home/lottexylitolcom/public_html/staging.lottexylitol.com.vn/test/wp-random-list.php on line 136
[19-Dec-2025 09:23:53 UTC] PHP Warning:  A non-numeric value encountered in /home/lottexylitolcom/public_html/staging.lottexylitol.com.vn/test/wp-random-list.php on line 136
[19-Dec-2025 09:23:53 UTC] PHP Warning:  A non-numeric value encountered in /home/lottexylitolcom/public_html/staging.lottexylitol.com.vn/test/wp-random-list.php on line 136
[19-Dec-2025 09:23:53 UTC] PHP Warning:  A non-numeric value encountered in /home/lottexylitolcom/public_html/staging.lottexylitol.com.vn/test/wp-random-list.php on line 136
[19-Dec-2025 09:23:53 UTC] PHP Warning:  A non-numeric value encountered in /home/lottexylitolcom/public_html/staging.lottexylitol.com.vn/test/wp-random-list.php on line 136
[19-Dec-2025 09:23:53 UTC] PHP Warning:  A non-numeric value encountered in /home/lottexylitolcom/public_html/staging.lottexylitol.com.vn/test/wp-random-list.php on line 136
[19-Dec-2025 09:23:53 UTC] PHP Warning:  A non-numeric value encountered in /home/lottexylitolcom/public_html/staging.lottexylitol.com.vn/test/wp-random-list.php on line 136
[19-Dec-2025 09:23:53 UTC] PHP Warning:  A non-numeric value encountered in /home/lottexylitolcom/public_html/staging.lottexylitol.com.vn/test/wp-random-list.php on line 136
[19-Dec-2025 09:23:53 UTC] PHP Warning:  A non-numeric value encountered in /home/lottexylitolcom/public_html/staging.lottexylitol.com.vn/test/wp-random-list.php on line 136
[19-Dec-2025 09:23:53 UTC] PHP Warning:  A non-numeric value encountered in /home/lottexylitolcom/public_html/staging.lottexylitol.com.vn/test/wp-random-list.php on line 136
[19-Dec-2025 09:23:53 UTC] PHP Warning:  A non-numeric value encountered in /home/lottexylitolcom/public_html/staging.lottexylitol.com.vn/test/wp-random-list.php on line 136
[19-Dec-2025 09:23:53 UTC] PHP Warning:  A non-numeric value encountered in /home/lottexylitolcom/public_html/staging.lottexylitol.com.vn/test/wp-random-list.php on line 136
[19-Dec-2025 09:23:53 UTC] PHP Warning:  A non-numeric value encountered in /home/lottexylitolcom/public_html/staging.lottexylitol.com.vn/test/wp-random-list.php on line 136
[19-Dec-2025 09:23:53 UTC] PHP Warning:  A non-numeric value encountered in /home/lottexylitolcom/public_html/staging.lottexylitol.com.vn/test/wp-random-list.php on line 136
[19-Dec-2025 09:23:53 UTC] PHP Warning:  A non-numeric value encountered in /home/lottexylitolcom/public_html/staging.lottexylitol.com.vn/test/wp-random-list.php on line 136
[19-Dec-2025 09:23:53 UTC] PHP Warning:  A non-numeric value encountered in /home/lottexylitolcom/public_html/staging.lottexylitol.com.vn/test/wp-random-list.php on line 136
[19-Dec-2025 09:23:53 UTC] PHP Warning:  A non-numeric value encountered in /home/lottexylitolcom/public_html/staging.lottexylitol.com.vn/test/wp-random-list.php on line 136
[19-Dec-2025 09:23:53 UTC] PHP Warning:  A non-numeric value encountered in /home/lottexylitolcom/public_html/staging.lottexylitol.com.vn/test/wp-random-list.php on line 136
[19-Dec-2025 09:23:53 UTC] PHP Warning:  A non-numeric value encountered in /home/lottexylitolcom/public_html/staging.lottexylitol.com.vn/test/wp-random-list.php on line 136
[19-Dec-2025 09:23:53 UTC] PHP Warning:  A non-numeric value encountered in /home/lottexylitolcom/public_html/staging.lottexylitol.com.vn/test/wp-random-list.php on line 136
[19-Dec-2025 09:23:53 UTC] PHP Warning:  A non-numeric value encountered in /home/lottexylitolcom/public_html/staging.lottexylitol.com.vn/test/wp-random-list.php on line 136
[19-Dec-2025 09:23:53 UTC] PHP Warning:  A non-numeric value encountered in /home/lottexylitolcom/public_html/staging.lottexylitol.com.vn/test/wp-random-list.php on line 136
[19-Dec-2025 09:23:53 UTC] PHP Warning:  A non-numeric value encountered in /home/lottexylitolcom/public_html/staging.lottexylitol.com.vn/test/wp-random-list.php on line 136
[19-Dec-2025 09:23:53 UTC] PHP Warning:  A non-numeric value encountered in /home/lottexylitolcom/public_html/staging.lottexylitol.com.vn/test/wp-random-list.php on line 136
[19-Dec-2025 09:23:53 UTC] PHP Warning:  A non-numeric value encountered in /home/lottexylitolcom/public_html/staging.lottexylitol.com.vn/test/wp-random-list.php on line 136
[19-Dec-2025 09:23:53 UTC] PHP Warning:  A non-numeric value encountered in /home/lottexylitolcom/public_html/staging.lottexylitol.com.vn/test/wp-random-list.php on line 136
[19-Dec-2025 09:23:53 UTC] PHP Warning:  A non-numeric value encountered in /home/lottexylitolcom/public_html/staging.lottexylitol.com.vn/test/wp-random-list.php on line 136
[19-Dec-2025 09:23:53 UTC] PHP Warning:  A non-numeric value encountered in /home/lottexylitolcom/public_html/staging.lottexylitol.com.vn/test/wp-random-list.php on line 136
[19-Dec-2025 09:23:53 UTC] PHP Warning:  A non-numeric value encountered in /home/lottexylitolcom/public_html/staging.lottexylitol.com.vn/test/wp-random-list.php on line 136
[19-Dec-2025 09:23:53 UTC] PHP Warning:  A non-numeric value encountered in /home/lottexylitolcom/public_html/staging.lottexylitol.com.vn/test/wp-random-list.php on line 136
[19-Dec-2025 09:23:53 UTC] PHP Warning:  A non-numeric value encountered in /home/lottexylitolcom/public_html/staging.lottexylitol.com.vn/test/wp-random-list.php on line 136
[19-Dec-2025 09:23:53 UTC] PHP Warning:  A non-numeric value encountered in /home/lottexylitolcom/public_html/staging.lottexylitol.com.vn/test/wp-random-list.php on line 136
[19-Dec-2025 09:23:53 UTC] PHP Warning:  A non-numeric value encountered in /home/lottexylitolcom/public_html/staging.lottexylitol.com.vn/test/wp-random-list.php on line 136
[19-Dec-2025 09:23:53 UTC] PHP Warning:  A non-numeric value encountered in /home/lottexylitolcom/public_html/staging.lottexylitol.com.vn/test/wp-random-list.php on line 136
[19-Dec-2025 09:23:53 UTC] PHP Warning:  A non-numeric value encountered in /home/lottexylitolcom/public_html/staging.lottexylitol.com.vn/test/wp-random-list.php on line 136
[19-Dec-2025 09:23:53 UTC] PHP Warning:  A non-numeric value encountered in /home/lottexylitolcom/public_html/staging.lottexylitol.com.vn/test/wp-random-list.php on line 136
[19-Dec-2025 09:23:53 UTC] PHP Warning:  A non-numeric value encountered in /home/lottexylitolcom/public_html/staging.lottexylitol.com.vn/test/wp-random-list.php on line 136
[19-Dec-2025 09:23:53 UTC] PHP Warning:  A non-numeric value encountered in /home/lottexylitolcom/public_html/staging.lottexylitol.com.vn/test/wp-random-list.php on line 136
[19-Dec-2025 09:23:53 UTC] PHP Warning:  A non-numeric value encountered in /home/lottexylitolcom/public_html/staging.lottexylitol.com.vn/test/wp-random-list.php on line 136
[19-Dec-2025 09:23:53 UTC] PHP Warning:  A non-numeric value encountered in /home/lottexylitolcom/public_html/staging.lottexylitol.com.vn/test/wp-random-list.php on line 136
[19-Dec-2025 09:23:53 UTC] PHP Warning:  A non-numeric value encountered in /home/lottexylitolcom/public_html/staging.lottexylitol.com.vn/test/wp-random-list.php on line 136
[19-Dec-2025 09:23:53 UTC] PHP Warning:  A non-numeric value encountered in /home/lottexylitolcom/public_html/staging.lottexylitol.com.vn/test/wp-random-list.php on line 136
[19-Dec-2025 09:23:53 UTC] PHP Warning:  A non-numeric value encountered in /home/lottexylitolcom/public_html/staging.lottexylitol.com.vn/test/wp-random-list.php on line 136
[19-Dec-2025 09:23:53 UTC] PHP Warning:  A non-numeric value encountered in /home/lottexylitolcom/public_html/staging.lottexylitol.com.vn/test/wp-random-list.php on line 136
[19-Dec-2025 09:23:53 UTC] PHP Warning:  A non-numeric value encountered in /home/lottexylitolcom/public_html/staging.lottexylitol.com.vn/test/wp-random-list.php on line 136
[19-Dec-2025 09:23:53 UTC] PHP Warning:  A non-numeric value encountered in /home/lottexylitolcom/public_html/staging.lottexylitol.com.vn/test/wp-random-list.php on line 136
[19-Dec-2025 09:23:53 UTC] PHP Warning:  A non-numeric value encountered in /home/lottexylitolcom/public_html/staging.lottexylitol.com.vn/test/wp-random-list.php on line 136
[19-Dec-2025 09:23:53 UTC] PHP Warning:  A non-numeric value encountered in /home/lottexylitolcom/public_html/staging.lottexylitol.com.vn/test/wp-random-list.php on line 136
[19-Dec-2025 09:23:53 UTC] PHP Warning:  A non-numeric value encountered in /home/lottexylitolcom/public_html/staging.lottexylitol.com.vn/test/wp-random-list.php on line 136
[19-Dec-2025 09:23:53 UTC] PHP Warning:  A non-numeric value encountered in /home/lottexylitolcom/public_html/staging.lottexylitol.com.vn/test/wp-random-list.php on line 136
[19-Dec-2025 09:23:53 UTC] PHP Warning:  A non-numeric value encountered in /home/lottexylitolcom/public_html/staging.lottexylitol.com.vn/test/wp-random-list.php on line 136
[19-Dec-2025 09:23:53 UTC] PHP Warning:  A non-numeric value encountered in /home/lottexylitolcom/public_html/staging.lottexylitol.com.vn/test/wp-random-list.php on line 136
[19-Dec-2025 09:23:53 UTC] PHP Warning:  A non-numeric value encountered in /home/lottexylitolcom/public_html/staging.lottexylitol.com.vn/test/wp-random-list.php on line 136
[19-Dec-2025 09:23:53 UTC] PHP Warning:  A non-numeric value encountered in /home/lottexylitolcom/public_html/staging.lottexylitol.com.vn/test/wp-random-list.php on line 136
[19-Dec-2025 09:23:53 UTC] PHP Warning:  A non-numeric value encountered in /home/lottexylitolcom/public_html/staging.lottexylitol.com.vn/test/wp-random-list.php on line 136
[19-Dec-2025 09:23:53 UTC] PHP Warning:  A non-numeric value encountered in /home/lottexylitolcom/public_html/staging.lottexylitol.com.vn/test/wp-random-list.php on line 136
[19-Dec-2025 09:23:53 UTC] PHP Warning:  A non-numeric value encountered in /home/lottexylitolcom/public_html/staging.lottexylitol.com.vn/test/wp-random-list.php on line 136
[19-Dec-2025 09:23:53 UTC] PHP Warning:  A non-numeric value encountered in /home/lottexylitolcom/public_html/staging.lottexylitol.com.vn/test/wp-random-list.php on line 136
[19-Dec-2025 09:23:53 UTC] PHP Warning:  A non-numeric value encountered in /home/lottexylitolcom/public_html/staging.lottexylitol.com.vn/test/wp-random-list.php on line 136
[19-Dec-2025 09:23:53 UTC] PHP Warning:  A non-numeric value encountered in /home/lottexylitolcom/public_html/staging.lottexylitol.com.vn/test/wp-random-list.php on line 136
[19-Dec-2025 09:23:53 UTC] PHP Warning:  A non-numeric value encountered in /home/lottexylitolcom/public_html/staging.lottexylitol.com.vn/test/wp-random-list.php on line 136
[19-Dec-2025 09:23:53 UTC] PHP Warning:  A non-numeric value encountered in /home/lottexylitolcom/public_html/staging.lottexylitol.com.vn/test/wp-random-list.php on line 136
[19-Dec-2025 09:23:53 UTC] PHP Warning:  A non-numeric value encountered in /home/lottexylitolcom/public_html/staging.lottexylitol.com.vn/test/wp-random-list.php on line 136
[19-Dec-2025 09:23:53 UTC] PHP Warning:  A non-numeric value encountered in /home/lottexylitolcom/public_html/staging.lottexylitol.com.vn/test/wp-random-list.php on line 136
[19-Dec-2025 09:23:53 UTC] PHP Warning:  A non-numeric value encountered in /home/lottexylitolcom/public_html/staging.lottexylitol.com.vn/test/wp-random-list.php on line 136
[19-Dec-2025 09:23:53 UTC] PHP Warning:  A non-numeric value encountered in /home/lottexylitolcom/public_html/staging.lottexylitol.com.vn/test/wp-random-list.php on line 136
[19-Dec-2025 09:23:53 UTC] PHP Warning:  A non-numeric value encountered in /home/lottexylitolcom/public_html/staging.lottexylitol.com.vn/test/wp-random-list.php on line 136
[19-Dec-2025 09:23:53 UTC] PHP Warning:  A non-numeric value encountered in /home/lottexylitolcom/public_html/staging.lottexylitol.com.vn/test/wp-random-list.php on line 136
[19-Dec-2025 09:23:53 UTC] PHP Warning:  A non-numeric value encountered in /home/lottexylitolcom/public_html/staging.lottexylitol.com.vn/test/wp-random-list.php on line 136
[19-Dec-2025 09:23:53 UTC] PHP Warning:  A non-numeric value encountered in /home/lottexylitolcom/public_html/staging.lottexylitol.com.vn/test/wp-random-list.php on line 136
[19-Dec-2025 09:23:53 UTC] PHP Warning:  A non-numeric value encountered in /home/lottexylitolcom/public_html/staging.lottexylitol.com.vn/test/wp-random-list.php on line 136
[19-Dec-2025 09:23:53 UTC] PHP Warning:  A non-numeric value encountered in /home/lottexylitolcom/public_html/staging.lottexylitol.com.vn/test/wp-random-list.php on line 136
[19-Dec-2025 09:23:53 UTC] PHP Warning:  A non-numeric value encountered in /home/lottexylitolcom/public_html/staging.lottexylitol.com.vn/test/wp-random-list.php on line 136
[19-Dec-2025 09:23:53 UTC] PHP Warning:  A non-numeric value encountered in /home/lottexylitolcom/public_html/staging.lottexylitol.com.vn/test/wp-random-list.php on line 136
[19-Dec-2025 09:23:53 UTC] PHP Warning:  A non-numeric value encountered in /home/lottexylitolcom/public_html/staging.lottexylitol.com.vn/test/wp-random-list.php on line 136
[19-Dec-2025 09:23:53 UTC] PHP Warning:  A non-numeric value encountered in /home/lottexylitolcom/public_html/staging.lottexylitol.com.vn/test/wp-random-list.php on line 136
[19-Dec-2025 09:23:53 UTC] PHP Warning:  A non-numeric value encountered in /home/lottexylitolcom/public_html/staging.lottexylitol.com.vn/test/wp-random-list.php on line 136
[19-Dec-2025 09:23:53 UTC] PHP Warning:  A non-numeric value encountered in /home/lottexylitolcom/public_html/staging.lottexylitol.com.vn/test/wp-random-list.php on line 136
[19-Dec-2025 09:23:53 UTC] PHP Warning:  A non-numeric value encountered in /home/lottexylitolcom/public_html/staging.lottexylitol.com.vn/test/wp-random-list.php on line 136
[19-Dec-2025 09:23:53 UTC] PHP Warning:  A non-numeric value encountered in /home/lottexylitolcom/public_html/staging.lottexylitol.com.vn/test/wp-random-list.php on line 136
[19-Dec-2025 09:23:53 UTC] PHP Warning:  A non-numeric value encountered in /home/lottexylitolcom/public_html/staging.lottexylitol.com.vn/test/wp-random-list.php on line 136
[19-Dec-2025 09:23:53 UTC] PHP Warning:  A non-numeric value encountered in /home/lottexylitolcom/public_html/staging.lottexylitol.com.vn/test/wp-random-list.php on line 136
[19-Dec-2025 09:23:53 UTC] PHP Warning:  A non-numeric value encountered in /home/lottexylitolcom/public_html/staging.lottexylitol.com.vn/test/wp-random-list.php on line 136
[19-Dec-2025 09:23:53 UTC] PHP Warning:  A non-numeric value encountered in /home/lottexylitolcom/public_html/staging.lottexylitol.com.vn/test/wp-random-list.php on line 136
[19-Dec-2025 09:23:53 UTC] PHP Warning:  A non-numeric value encountered in /home/lottexylitolcom/public_html/staging.lottexylitol.com.vn/test/wp-random-list.php on line 136
[19-Dec-2025 09:23:53 UTC] PHP Warning:  A non-numeric value encountered in /home/lottexylitolcom/public_html/staging.lottexylitol.com.vn/test/wp-random-list.php on line 136
[19-Dec-2025 09:23:53 UTC] PHP Warning:  A non-numeric value encountered in /home/lottexylitolcom/public_html/staging.lottexylitol.com.vn/test/wp-random-list.php on line 136
[19-Dec-2025 09:23:53 UTC] PHP Warning:  A non-numeric value encountered in /home/lottexylitolcom/public_html/staging.lottexylitol.com.vn/test/wp-random-list.php on line 136
[19-Dec-2025 09:23:53 UTC] PHP Warning:  A non-numeric value encountered in /home/lottexylitolcom/public_html/staging.lottexylitol.com.vn/test/wp-random-list.php on line 136
[19-Dec-2025 09:23:53 UTC] PHP Warning:  A non-numeric value encountered in /home/lottexylitolcom/public_html/staging.lottexylitol.com.vn/test/wp-random-list.php on line 136
[19-Dec-2025 09:23:53 UTC] PHP Warning:  A non-numeric value encountered in /home/lottexylitolcom/public_html/staging.lottexylitol.com.vn/test/wp-random-list.php on line 136
[19-Dec-2025 09:23:53 UTC] PHP Warning:  A non-numeric value encountered in /home/lottexylitolcom/public_html/staging.lottexylitol.com.vn/test/wp-random-list.php on line 136
[19-Dec-2025 09:23:53 UTC] PHP Warning:  A non-numeric value encountered in /home/lottexylitolcom/public_html/staging.lottexylitol.com.vn/test/wp-random-list.php on line 136
[19-Dec-2025 09:23:53 UTC] PHP Warning:  A non-numeric value encountered in /home/lottexylitolcom/public_html/staging.lottexylitol.com.vn/test/wp-random-list.php on line 136
[19-Dec-2025 09:23:53 UTC] PHP Warning:  A non-numeric value encountered in /home/lottexylitolcom/public_html/staging.lottexylitol.com.vn/test/wp-random-list.php on line 136
[19-Dec-2025 09:23:53 UTC] PHP Warning:  A non-numeric value encountered in /home/lottexylitolcom/public_html/staging.lottexylitol.com.vn/test/wp-random-list.php on line 136
[19-Dec-2025 09:23:53 UTC] PHP Warning:  A non-numeric value encountered in /home/lottexylitolcom/public_html/staging.lottexylitol.com.vn/test/wp-random-list.php on line 136
[19-Dec-2025 09:23:53 UTC] PHP Warning:  A non-numeric value encountered in /home/lottexylitolcom/public_html/staging.lottexylitol.com.vn/test/wp-random-list.php on line 136
[19-Dec-2025 09:23:53 UTC] PHP Warning:  A non-numeric value encountered in /home/lottexylitolcom/public_html/staging.lottexylitol.com.vn/test/wp-random-list.php on line 136
[19-Dec-2025 09:23:53 UTC] PHP Warning:  A non-numeric value encountered in /home/lottexylitolcom/public_html/staging.lottexylitol.com.vn/test/wp-random-list.php on line 136
[19-Dec-2025 09:23:53 UTC] PHP Warning:  A non-numeric value encountered in /home/lottexylitolcom/public_html/staging.lottexylitol.com.vn/test/wp-random-list.php on line 136
[19-Dec-2025 09:23:53 UTC] PHP Warning:  A non-numeric value encountered in /home/lottexylitolcom/public_html/staging.lottexylitol.com.vn/test/wp-random-list.php on line 136
[19-Dec-2025 09:23:53 UTC] PHP Warning:  A non-numeric value encountered in /home/lottexylitolcom/public_html/staging.lottexylitol.com.vn/test/wp-random-list.php on line 136
[19-Dec-2025 09:23:53 UTC] PHP Warning:  A non-numeric value encountered in /home/lottexylitolcom/public_html/staging.lottexylitol.com.vn/test/wp-random-list.php on line 136
[19-Dec-2025 09:23:53 UTC] PHP Warning:  A non-numeric value encountered in /home/lottexylitolcom/public_html/staging.lottexylitol.com.vn/test/wp-random-list.php on line 136
[19-Dec-2025 09:23:53 UTC] PHP Warning:  A non-numeric value encountered in /home/lottexylitolcom/public_html/staging.lottexylitol.com.vn/test/wp-random-list.php on line 136
[19-Dec-2025 09:23:53 UTC] PHP Warning:  A non-numeric value encountered in /home/lottexylitolcom/public_html/staging.lottexylitol.com.vn/test/wp-random-list.php on line 136
[19-Dec-2025 09:23:53 UTC] PHP Warning:  A non-numeric value encountered in /home/lottexylitolcom/public_html/staging.lottexylitol.com.vn/test/wp-random-list.php on line 136
[19-Dec-2025 09:23:53 UTC] PHP Warning:  A non-numeric value encountered in /home/lottexylitolcom/public_html/staging.lottexylitol.com.vn/test/wp-random-list.php on line 136
[19-Dec-2025 09:23:53 UTC] PHP Warning:  A non-numeric value encountered in /home/lottexylitolcom/public_html/staging.lottexylitol.com.vn/test/wp-random-list.php on line 136
[19-Dec-2025 09:23:53 UTC] PHP Warning:  A non-numeric value encountered in /home/lottexylitolcom/public_html/staging.lottexylitol.com.vn/test/wp-random-list.php on line 136
[19-Dec-2025 09:23:53 UTC] PHP Warning:  A non-numeric value encountered in /home/lottexylitolcom/public_html/staging.lottexylitol.com.vn/test/wp-random-list.php on line 136
[19-Dec-2025 09:23:53 UTC] PHP Warning:  A non-numeric value encountered in /home/lottexylitolcom/public_html/staging.lottexylitol.com.vn/test/wp-random-list.php on line 136
[19-Dec-2025 09:23:53 UTC] PHP Warning:  A non-numeric value encountered in /home/lottexylitolcom/public_html/staging.lottexylitol.com.vn/test/wp-random-list.php on line 136
[19-Dec-2025 09:23:53 UTC] PHP Warning:  A non-numeric value encountered in /home/lottexylitolcom/public_html/staging.lottexylitol.com.vn/test/wp-random-list.php on line 136
[19-Dec-2025 09:23:53 UTC] PHP Warning:  A non-numeric value encountered in /home/lottexylitolcom/public_html/staging.lottexylitol.com.vn/test/wp-random-list.php on line 136
[19-Dec-2025 09:23:53 UTC] PHP Warning:  A non-numeric value encountered in /home/lottexylitolcom/public_html/staging.lottexylitol.com.vn/test/wp-random-list.php on line 136
[19-Dec-2025 09:23:53 UTC] PHP Warning:  A non-numeric value encountered in /home/lottexylitolcom/public_html/staging.lottexylitol.com.vn/test/wp-random-list.php on line 136
[19-Dec-2025 09:23:53 UTC] PHP Warning:  A non-numeric value encountered in /home/lottexylitolcom/public_html/staging.lottexylitol.com.vn/test/wp-random-list.php on line 136
[19-Dec-2025 09:23:53 UTC] PHP Warning:  A non-numeric value encountered in /home/lottexylitolcom/public_html/staging.lottexylitol.com.vn/test/wp-random-list.php on line 136
[19-Dec-2025 09:23:53 UTC] PHP Warning:  A non-numeric value encountered in /home/lottexylitolcom/public_html/staging.lottexylitol.com.vn/test/wp-random-list.php on line 136
[19-Dec-2025 09:23:53 UTC] PHP Warning:  A non-numeric value encountered in /home/lottexylitolcom/public_html/staging.lottexylitol.com.vn/test/wp-random-list.php on line 136
[19-Dec-2025 09:23:53 UTC] PHP Warning:  A non-numeric value encountered in /home/lottexylitolcom/public_html/staging.lottexylitol.com.vn/test/wp-random-list.php on line 136
[19-Dec-2025 09:23:53 UTC] PHP Warning:  A non-numeric value encountered in /home/lottexylitolcom/public_html/staging.lottexylitol.com.vn/test/wp-random-list.php on line 136
[19-Dec-2025 09:23:53 UTC] PHP Warning:  A non-numeric value encountered in /home/lottexylitolcom/public_html/staging.lottexylitol.com.vn/test/wp-random-list.php on line 136
[19-Dec-2025 09:23:53 UTC] PHP Warning:  A non-numeric value encountered in /home/lottexylitolcom/public_html/staging.lottexylitol.com.vn/test/wp-random-list.php on line 136
[19-Dec-2025 09:23:53 UTC] PHP Warning:  A non-numeric value encountered in /home/lottexylitolcom/public_html/staging.lottexylitol.com.vn/test/wp-random-list.php on line 136
[19-Dec-2025 09:23:53 UTC] PHP Warning:  A non-numeric value encountered in /home/lottexylitolcom/public_html/staging.lottexylitol.com.vn/test/wp-random-list.php on line 136
[19-Dec-2025 09:23:53 UTC] PHP Warning:  A non-numeric value encountered in /home/lottexylitolcom/public_html/staging.lottexylitol.com.vn/test/wp-random-list.php on line 136
[19-Dec-2025 09:23:53 UTC] PHP Warning:  A non-numeric value encountered in /home/lottexylitolcom/public_html/staging.lottexylitol.com.vn/test/wp-random-list.php on line 136
[19-Dec-2025 09:23:53 UTC] PHP Warning:  A non-numeric value encountered in /home/lottexylitolcom/public_html/staging.lottexylitol.com.vn/test/wp-random-list.php on line 136
[19-Dec-2025 09:23:53 UTC] PHP Warning:  A non-numeric value encountered in /home/lottexylitolcom/public_html/staging.lottexylitol.com.vn/test/wp-random-list.php on line 136
[19-Dec-2025 09:23:53 UTC] PHP Warning:  A non-numeric value encountered in /home/lottexylitolcom/public_html/staging.lottexylitol.com.vn/test/wp-random-list.php on line 136
[19-Dec-2025 09:23:53 UTC] PHP Warning:  A non-numeric value encountered in /home/lottexylitolcom/public_html/staging.lottexylitol.com.vn/test/wp-random-list.php on line 136
[19-Dec-2025 09:23:53 UTC] PHP Warning:  A non-numeric value encountered in /home/lottexylitolcom/public_html/staging.lottexylitol.com.vn/test/wp-random-list.php on line 136
[19-Dec-2025 09:23:53 UTC] PHP Warning:  A non-numeric value encountered in /home/lottexylitolcom/public_html/staging.lottexylitol.com.vn/test/wp-random-list.php on line 136
[19-Dec-2025 09:23:53 UTC] PHP Warning:  A non-numeric value encountered in /home/lottexylitolcom/public_html/staging.lottexylitol.com.vn/test/wp-random-list.php on line 136
[19-Dec-2025 09:23:53 UTC] PHP Warning:  A non-numeric value encountered in /home/lottexylitolcom/public_html/staging.lottexylitol.com.vn/test/wp-random-list.php on line 136
[19-Dec-2025 09:23:53 UTC] PHP Warning:  A non-numeric value encountered in /home/lottexylitolcom/public_html/staging.lottexylitol.com.vn/test/wp-random-list.php on line 136
[19-Dec-2025 09:23:53 UTC] PHP Warning:  A non-numeric value encountered in /home/lottexylitolcom/public_html/staging.lottexylitol.com.vn/test/wp-random-list.php on line 136
[19-Dec-2025 09:23:53 UTC] PHP Warning:  A non-numeric value encountered in /home/lottexylitolcom/public_html/staging.lottexylitol.com.vn/test/wp-random-list.php on line 136
[19-Dec-2025 09:23:53 UTC] PHP Warning:  A non-numeric value encountered in /home/lottexylitolcom/public_html/staging.lottexylitol.com.vn/test/wp-random-list.php on line 136
[19-Dec-2025 09:23:53 UTC] PHP Warning:  A non-numeric value encountered in /home/lottexylitolcom/public_html/staging.lottexylitol.com.vn/test/wp-random-list.php on line 136
[19-Dec-2025 09:23:53 UTC] PHP Warning:  A non-numeric value encountered in /home/lottexylitolcom/public_html/staging.lottexylitol.com.vn/test/wp-random-list.php on line 136
[19-Dec-2025 09:23:53 UTC] PHP Warning:  A non-numeric value encountered in /home/lottexylitolcom/public_html/staging.lottexylitol.com.vn/test/wp-random-list.php on line 136
[19-Dec-2025 09:23:53 UTC] PHP Warning:  A non-numeric value encountered in /home/lottexylitolcom/public_html/staging.lottexylitol.com.vn/test/wp-random-list.php on line 136
[19-Dec-2025 09:23:53 UTC] PHP Warning:  A non-numeric value encountered in /home/lottexylitolcom/public_html/staging.lottexylitol.com.vn/test/wp-random-list.php on line 136
[19-Dec-2025 09:23:53 UTC] PHP Warning:  A non-numeric value encountered in /home/lottexylitolcom/public_html/staging.lottexylitol.com.vn/test/wp-random-list.php on line 136
[19-Dec-2025 09:23:53 UTC] PHP Warning:  A non-numeric value encountered in /home/lottexylitolcom/public_html/staging.lottexylitol.com.vn/test/wp-random-list.php on line 136
[19-Dec-2025 09:23:53 UTC] PHP Warning:  A non-numeric value encountered in /home/lottexylitolcom/public_html/staging.lottexylitol.com.vn/test/wp-random-list.php on line 136
[19-Dec-2025 09:23:53 UTC] PHP Warning:  A non-numeric value encountered in /home/lottexylitolcom/public_html/staging.lottexylitol.com.vn/test/wp-random-list.php on line 136
[19-Dec-2025 09:23:53 UTC] PHP Warning:  A non-numeric value encountered in /home/lottexylitolcom/public_html/staging.lottexylitol.com.vn/test/wp-random-list.php on line 136
[19-Dec-2025 09:23:53 UTC] PHP Warning:  A non-numeric value encountered in /home/lottexylitolcom/public_html/staging.lottexylitol.com.vn/test/wp-random-list.php on line 136
[19-Dec-2025 09:23:53 UTC] PHP Warning:  A non-numeric value encountered in /home/lottexylitolcom/public_html/staging.lottexylitol.com.vn/test/wp-random-list.php on line 136
[19-Dec-2025 09:23:53 UTC] PHP Warning:  A non-numeric value encountered in /home/lottexylitolcom/public_html/staging.lottexylitol.com.vn/test/wp-random-list.php on line 136
[19-Dec-2025 09:23:53 UTC] PHP Warning:  A non-numeric value encountered in /home/lottexylitolcom/public_html/staging.lottexylitol.com.vn/test/wp-random-list.php on line 136
[19-Dec-2025 09:23:53 UTC] PHP Warning:  A non-numeric value encountered in /home/lottexylitolcom/public_html/staging.lottexylitol.com.vn/test/wp-random-list.php on line 136
[19-Dec-2025 09:23:53 UTC] PHP Warning:  A non-numeric value encountered in /home/lottexylitolcom/public_html/staging.lottexylitol.com.vn/test/wp-random-list.php on line 136
[19-Dec-2025 09:23:53 UTC] PHP Warning:  A non-numeric value encountered in /home/lottexylitolcom/public_html/staging.lottexylitol.com.vn/test/wp-random-list.php on line 136
[19-Dec-2025 09:23:53 UTC] PHP Warning:  A non-numeric value encountered in /home/lottexylitolcom/public_html/staging.lottexylitol.com.vn/test/wp-random-list.php on line 136
[19-Dec-2025 09:23:53 UTC] PHP Warning:  A non-numeric value encountered in /home/lottexylitolcom/public_html/staging.lottexylitol.com.vn/test/wp-random-list.php on line 136
[19-Dec-2025 09:23:53 UTC] PHP Warning:  A non-numeric value encountered in /home/lottexylitolcom/public_html/staging.lottexylitol.com.vn/test/wp-random-list.php on line 136
[19-Dec-2025 09:23:53 UTC] PHP Warning:  A non-numeric value encountered in /home/lottexylitolcom/public_html/staging.lottexylitol.com.vn/test/wp-random-list.php on line 136
[19-Dec-2025 09:23:53 UTC] PHP Warning:  A non-numeric value encountered in /home/lottexylitolcom/public_html/staging.lottexylitol.com.vn/test/wp-random-list.php on line 136
[19-Dec-2025 09:23:53 UTC] PHP Warning:  A non-numeric value encountered in /home/lottexylitolcom/public_html/staging.lottexylitol.com.vn/test/wp-random-list.php on line 136
[19-Dec-2025 09:23:53 UTC] PHP Warning:  A non-numeric value encountered in /home/lottexylitolcom/public_html/staging.lottexylitol.com.vn/test/wp-random-list.php on line 136
[19-Dec-2025 09:23:53 UTC] PHP Warning:  A non-numeric value encountered in /home/lottexylitolcom/public_html/staging.lottexylitol.com.vn/test/wp-random-list.php on line 136
[19-Dec-2025 09:23:53 UTC] PHP Warning:  A non-numeric value encountered in /home/lottexylitolcom/public_html/staging.lottexylitol.com.vn/test/wp-random-list.php on line 136
[19-Dec-2025 09:23:53 UTC] PHP Warning:  A non-numeric value encountered in /home/lottexylitolcom/public_html/staging.lottexylitol.com.vn/test/wp-random-list.php on line 136
[19-Dec-2025 09:23:53 UTC] PHP Warning:  A non-numeric value encountered in /home/lottexylitolcom/public_html/staging.lottexylitol.com.vn/test/wp-random-list.php on line 136
[19-Dec-2025 09:23:53 UTC] PHP Warning:  A non-numeric value encountered in /home/lottexylitolcom/public_html/staging.lottexylitol.com.vn/test/wp-random-list.php on line 136
[19-Dec-2025 09:23:53 UTC] PHP Warning:  A non-numeric value encountered in /home/lottexylitolcom/public_html/staging.lottexylitol.com.vn/test/wp-random-list.php on line 136
[19-Dec-2025 09:23:53 UTC] PHP Warning:  A non-numeric value encountered in /home/lottexylitolcom/public_html/staging.lottexylitol.com.vn/test/wp-random-list.php on line 136
[19-Dec-2025 09:23:53 UTC] PHP Warning:  A non-numeric value encountered in /home/lottexylitolcom/public_html/staging.lottexylitol.com.vn/test/wp-random-list.php on line 136
[19-Dec-2025 09:23:53 UTC] PHP Warning:  A non-numeric value encountered in /home/lottexylitolcom/public_html/staging.lottexylitol.com.vn/test/wp-random-list.php on line 136
[19-Dec-2025 09:23:53 UTC] PHP Warning:  A non-numeric value encountered in /home/lottexylitolcom/public_html/staging.lottexylitol.com.vn/test/wp-random-list.php on line 136
[19-Dec-2025 09:23:53 UTC] PHP Warning:  A non-numeric value encountered in /home/lottexylitolcom/public_html/staging.lottexylitol.com.vn/test/wp-random-list.php on line 136
[19-Dec-2025 09:23:53 UTC] PHP Warning:  A non-numeric value encountered in /home/lottexylitolcom/public_html/staging.lottexylitol.com.vn/test/wp-random-list.php on line 136
[19-Dec-2025 09:23:53 UTC] PHP Warning:  A non-numeric value encountered in /home/lottexylitolcom/public_html/staging.lottexylitol.com.vn/test/wp-random-list.php on line 136
[19-Dec-2025 09:23:53 UTC] PHP Warning:  A non-numeric value encountered in /home/lottexylitolcom/public_html/staging.lottexylitol.com.vn/test/wp-random-list.php on line 136
[19-Dec-2025 09:23:53 UTC] PHP Warning:  A non-numeric value encountered in /home/lottexylitolcom/public_html/staging.lottexylitol.com.vn/test/wp-random-list.php on line 136
[19-Dec-2025 09:23:53 UTC] PHP Warning:  A non-numeric value encountered in /home/lottexylitolcom/public_html/staging.lottexylitol.com.vn/test/wp-random-list.php on line 136
[19-Dec-2025 09:23:53 UTC] PHP Warning:  A non-numeric value encountered in /home/lottexylitolcom/public_html/staging.lottexylitol.com.vn/test/wp-random-list.php on line 136
[19-Dec-2025 09:23:53 UTC] PHP Warning:  A non-numeric value encountered in /home/lottexylitolcom/public_html/staging.lottexylitol.com.vn/test/wp-random-list.php on line 136
[19-Dec-2025 09:23:53 UTC] PHP Warning:  A non-numeric value encountered in /home/lottexylitolcom/public_html/staging.lottexylitol.com.vn/test/wp-random-list.php on line 136
[19-Dec-2025 09:23:53 UTC] PHP Warning:  A non-numeric value encountered in /home/lottexylitolcom/public_html/staging.lottexylitol.com.vn/test/wp-random-list.php on line 136
[19-Dec-2025 09:23:53 UTC] PHP Warning:  A non-numeric value encountered in /home/lottexylitolcom/public_html/staging.lottexylitol.com.vn/test/wp-random-list.php on line 136
[19-Dec-2025 09:23:53 UTC] PHP Warning:  A non-numeric value encountered in /home/lottexylitolcom/public_html/staging.lottexylitol.com.vn/test/wp-random-list.php on line 136
[19-Dec-2025 09:23:53 UTC] PHP Warning:  A non-numeric value encountered in /home/lottexylitolcom/public_html/staging.lottexylitol.com.vn/test/wp-random-list.php on line 136
[19-Dec-2025 09:23:53 UTC] PHP Warning:  A non-numeric value encountered in /home/lottexylitolcom/public_html/staging.lottexylitol.com.vn/test/wp-random-list.php on line 136
[19-Dec-2025 09:23:53 UTC] PHP Warning:  A non-numeric value encountered in /home/lottexylitolcom/public_html/staging.lottexylitol.com.vn/test/wp-random-list.php on line 136
[19-Dec-2025 09:23:53 UTC] PHP Warning:  A non-numeric value encountered in /home/lottexylitolcom/public_html/staging.lottexylitol.com.vn/test/wp-random-list.php on line 136
[19-Dec-2025 09:23:53 UTC] PHP Warning:  A non-numeric value encountered in /home/lottexylitolcom/public_html/staging.lottexylitol.com.vn/test/wp-random-list.php on line 136
[19-Dec-2025 09:23:53 UTC] PHP Warning:  A non-numeric value encountered in /home/lottexylitolcom/public_html/staging.lottexylitol.com.vn/test/wp-random-list.php on line 136
[19-Dec-2025 09:23:53 UTC] PHP Warning:  A non-numeric value encountered in /home/lottexylitolcom/public_html/staging.lottexylitol.com.vn/test/wp-random-list.php on line 136
[19-Dec-2025 09:23:53 UTC] PHP Warning:  A non-numeric value encountered in /home/lottexylitolcom/public_html/staging.lottexylitol.com.vn/test/wp-random-list.php on line 136
[19-Dec-2025 09:23:53 UTC] PHP Warning:  A non-numeric value encountered in /home/lottexylitolcom/public_html/staging.lottexylitol.com.vn/test/wp-random-list.php on line 136
[19-Dec-2025 09:23:53 UTC] PHP Warning:  A non-numeric value encountered in /home/lottexylitolcom/public_html/staging.lottexylitol.com.vn/test/wp-random-list.php on line 136
[19-Dec-2025 09:23:53 UTC] PHP Warning:  A non-numeric value encountered in /home/lottexylitolcom/public_html/staging.lottexylitol.com.vn/test/wp-random-list.php on line 136
[19-Dec-2025 09:23:53 UTC] PHP Warning:  A non-numeric value encountered in /home/lottexylitolcom/public_html/staging.lottexylitol.com.vn/test/wp-random-list.php on line 136
[19-Dec-2025 09:23:53 UTC] PHP Warning:  A non-numeric value encountered in /home/lottexylitolcom/public_html/staging.lottexylitol.com.vn/test/wp-random-list.php on line 136
[19-Dec-2025 09:23:53 UTC] PHP Warning:  A non-numeric value encountered in /home/lottexylitolcom/public_html/staging.lottexylitol.com.vn/test/wp-random-list.php on line 136
[19-Dec-2025 09:23:53 UTC] PHP Warning:  A non-numeric value encountered in /home/lottexylitolcom/public_html/staging.lottexylitol.com.vn/test/wp-random-list.php on line 136
[19-Dec-2025 09:23:53 UTC] PHP Warning:  A non-numeric value encountered in /home/lottexylitolcom/public_html/staging.lottexylitol.com.vn/test/wp-random-list.php on line 136
[19-Dec-2025 09:23:53 UTC] PHP Warning:  A non-numeric value encountered in /home/lottexylitolcom/public_html/staging.lottexylitol.com.vn/test/wp-random-list.php on line 136
[19-Dec-2025 09:23:53 UTC] PHP Warning:  A non-numeric value encountered in /home/lottexylitolcom/public_html/staging.lottexylitol.com.vn/test/wp-random-list.php on line 136
[19-Dec-2025 09:23:53 UTC] PHP Warning:  A non-numeric value encountered in /home/lottexylitolcom/public_html/staging.lottexylitol.com.vn/test/wp-random-list.php on line 136
[19-Dec-2025 09:23:53 UTC] PHP Warning:  A non-numeric value encountered in /home/lottexylitolcom/public_html/staging.lottexylitol.com.vn/test/wp-random-list.php on line 136
[19-Dec-2025 09:23:53 UTC] PHP Warning:  A non-numeric value encountered in /home/lottexylitolcom/public_html/staging.lottexylitol.com.vn/test/wp-random-list.php on line 136
[19-Dec-2025 09:23:53 UTC] PHP Warning:  A non-numeric value encountered in /home/lottexylitolcom/public_html/staging.lottexylitol.com.vn/test/wp-random-list.php on line 136
[19-Dec-2025 09:23:53 UTC] PHP Warning:  A non-numeric value encountered in /home/lottexylitolcom/public_html/staging.lottexylitol.com.vn/test/wp-random-list.php on line 136
[19-Dec-2025 09:23:53 UTC] PHP Warning:  A non-numeric value encountered in /home/lottexylitolcom/public_html/staging.lottexylitol.com.vn/test/wp-random-list.php on line 136
[19-Dec-2025 09:23:53 UTC] PHP Warning:  A non-numeric value encountered in /home/lottexylitolcom/public_html/staging.lottexylitol.com.vn/test/wp-random-list.php on line 136
[19-Dec-2025 09:23:53 UTC] PHP Warning:  A non-numeric value encountered in /home/lottexylitolcom/public_html/staging.lottexylitol.com.vn/test/wp-random-list.php on line 136
[19-Dec-2025 09:23:53 UTC] PHP Warning:  A non-numeric value encountered in /home/lottexylitolcom/public_html/staging.lottexylitol.com.vn/test/wp-random-list.php on line 136
[19-Dec-2025 09:23:53 UTC] PHP Warning:  A non-numeric value encountered in /home/lottexylitolcom/public_html/staging.lottexylitol.com.vn/test/wp-random-list.php on line 136
[19-Dec-2025 09:23:53 UTC] PHP Warning:  A non-numeric value encountered in /home/lottexylitolcom/public_html/staging.lottexylitol.com.vn/test/wp-random-list.php on line 136
[19-Dec-2025 09:23:53 UTC] PHP Warning:  A non-numeric value encountered in /home/lottexylitolcom/public_html/staging.lottexylitol.com.vn/test/wp-random-list.php on line 136
[19-Dec-2025 09:23:53 UTC] PHP Warning:  A non-numeric value encountered in /home/lottexylitolcom/public_html/staging.lottexylitol.com.vn/test/wp-random-list.php on line 136
[19-Dec-2025 09:23:53 UTC] PHP Warning:  A non-numeric value encountered in /home/lottexylitolcom/public_html/staging.lottexylitol.com.vn/test/wp-random-list.php on line 136
[19-Dec-2025 09:23:53 UTC] PHP Warning:  A non-numeric value encountered in /home/lottexylitolcom/public_html/staging.lottexylitol.com.vn/test/wp-random-list.php on line 136
[19-Dec-2025 09:23:53 UTC] PHP Warning:  A non-numeric value encountered in /home/lottexylitolcom/public_html/staging.lottexylitol.com.vn/test/wp-random-list.php on line 136
[19-Dec-2025 09:23:53 UTC] PHP Warning:  A non-numeric value encountered in /home/lottexylitolcom/public_html/staging.lottexylitol.com.vn/test/wp-random-list.php on line 136
[19-Dec-2025 09:23:53 UTC] PHP Warning:  A non-numeric value encountered in /home/lottexylitolcom/public_html/staging.lottexylitol.com.vn/test/wp-random-list.php on line 136
[19-Dec-2025 09:23:53 UTC] PHP Warning:  A non-numeric value encountered in /home/lottexylitolcom/public_html/staging.lottexylitol.com.vn/test/wp-random-list.php on line 136
[19-Dec-2025 09:23:53 UTC] PHP Warning:  A non-numeric value encountered in /home/lottexylitolcom/public_html/staging.lottexylitol.com.vn/test/wp-random-list.php on line 136
[19-Dec-2025 09:23:53 UTC] PHP Warning:  A non-numeric value encountered in /home/lottexylitolcom/public_html/staging.lottexylitol.com.vn/test/wp-random-list.php on line 136
[19-Dec-2025 09:23:53 UTC] PHP Warning:  A non-numeric value encountered in /home/lottexylitolcom/public_html/staging.lottexylitol.com.vn/test/wp-random-list.php on line 136
[19-Dec-2025 09:23:53 UTC] PHP Warning:  A non-numeric value encountered in /home/lottexylitolcom/public_html/staging.lottexylitol.com.vn/test/wp-random-list.php on line 136
[19-Dec-2025 09:23:53 UTC] PHP Warning:  A non-numeric value encountered in /home/lottexylitolcom/public_html/staging.lottexylitol.com.vn/test/wp-random-list.php on line 136
[19-Dec-2025 09:23:53 UTC] PHP Warning:  A non-numeric value encountered in /home/lottexylitolcom/public_html/staging.lottexylitol.com.vn/test/wp-random-list.php on line 136
[19-Dec-2025 09:23:53 UTC] PHP Warning:  A non-numeric value encountered in /home/lottexylitolcom/public_html/staging.lottexylitol.com.vn/test/wp-random-list.php on line 136
[19-Dec-2025 09:23:53 UTC] PHP Warning:  A non-numeric value encountered in /home/lottexylitolcom/public_html/staging.lottexylitol.com.vn/test/wp-random-list.php on line 136
[19-Dec-2025 09:23:53 UTC] PHP Warning:  A non-numeric value encountered in /home/lottexylitolcom/public_html/staging.lottexylitol.com.vn/test/wp-random-list.php on line 136
[19-Dec-2025 09:23:53 UTC] PHP Warning:  A non-numeric value encountered in /home/lottexylitolcom/public_html/staging.lottexylitol.com.vn/test/wp-random-list.php on line 136
[19-Dec-2025 09:23:53 UTC] PHP Warning:  A non-numeric value encountered in /home/lottexylitolcom/public_html/staging.lottexylitol.com.vn/test/wp-random-list.php on line 136
[19-Dec-2025 09:23:53 UTC] PHP Warning:  A non-numeric value encountered in /home/lottexylitolcom/public_html/staging.lottexylitol.com.vn/test/wp-random-list.php on line 136
[19-Dec-2025 09:23:53 UTC] PHP Warning:  A non-numeric value encountered in /home/lottexylitolcom/public_html/staging.lottexylitol.com.vn/test/wp-random-list.php on line 136
[19-Dec-2025 09:23:53 UTC] PHP Warning:  A non-numeric value encountered in /home/lottexylitolcom/public_html/staging.lottexylitol.com.vn/test/wp-random-list.php on line 136
[19-Dec-2025 09:23:53 UTC] PHP Warning:  A non-numeric value encountered in /home/lottexylitolcom/public_html/staging.lottexylitol.com.vn/test/wp-random-list.php on line 136
[19-Dec-2025 09:23:53 UTC] PHP Warning:  A non-numeric value encountered in /home/lottexylitolcom/public_html/staging.lottexylitol.com.vn/test/wp-random-list.php on line 136
[19-Dec-2025 09:23:53 UTC] PHP Warning:  A non-numeric value encountered in /home/lottexylitolcom/public_html/staging.lottexylitol.com.vn/test/wp-random-list.php on line 136
[19-Dec-2025 09:23:53 UTC] PHP Warning:  A non-numeric value encountered in /home/lottexylitolcom/public_html/staging.lottexylitol.com.vn/test/wp-random-list.php on line 136
[19-Dec-2025 09:23:53 UTC] PHP Warning:  A non-numeric value encountered in /home/lottexylitolcom/public_html/staging.lottexylitol.com.vn/test/wp-random-list.php on line 136
[19-Dec-2025 09:23:53 UTC] PHP Warning:  A non-numeric value encountered in /home/lottexylitolcom/public_html/staging.lottexylitol.com.vn/test/wp-random-list.php on line 136
[19-Dec-2025 09:23:53 UTC] PHP Warning:  A non-numeric value encountered in /home/lottexylitolcom/public_html/staging.lottexylitol.com.vn/test/wp-random-list.php on line 136
[19-Dec-2025 09:23:53 UTC] PHP Warning:  A non-numeric value encountered in /home/lottexylitolcom/public_html/staging.lottexylitol.com.vn/test/wp-random-list.php on line 136
[19-Dec-2025 09:23:53 UTC] PHP Warning:  A non-numeric value encountered in /home/lottexylitolcom/public_html/staging.lottexylitol.com.vn/test/wp-random-list.php on line 136
[19-Dec-2025 09:23:53 UTC] PHP Warning:  A non-numeric value encountered in /home/lottexylitolcom/public_html/staging.lottexylitol.com.vn/test/wp-random-list.php on line 136
[19-Dec-2025 09:23:53 UTC] PHP Warning:  A non-numeric value encountered in /home/lottexylitolcom/public_html/staging.lottexylitol.com.vn/test/wp-random-list.php on line 136
[19-Dec-2025 09:23:53 UTC] PHP Warning:  A non-numeric value encountered in /home/lottexylitolcom/public_html/staging.lottexylitol.com.vn/test/wp-random-list.php on line 136
[19-Dec-2025 09:23:53 UTC] PHP Warning:  A non-numeric value encountered in /home/lottexylitolcom/public_html/staging.lottexylitol.com.vn/test/wp-random-list.php on line 136
[19-Dec-2025 09:23:53 UTC] PHP Warning:  A non-numeric value encountered in /home/lottexylitolcom/public_html/staging.lottexylitol.com.vn/test/wp-random-list.php on line 136
[19-Dec-2025 09:23:53 UTC] PHP Warning:  A non-numeric value encountered in /home/lottexylitolcom/public_html/staging.lottexylitol.com.vn/test/wp-random-list.php on line 136
[19-Dec-2025 09:23:53 UTC] PHP Warning:  A non-numeric value encountered in /home/lottexylitolcom/public_html/staging.lottexylitol.com.vn/test/wp-random-list.php on line 136
[19-Dec-2025 09:23:53 UTC] PHP Warning:  A non-numeric value encountered in /home/lottexylitolcom/public_html/staging.lottexylitol.com.vn/test/wp-random-list.php on line 136
[19-Dec-2025 09:23:53 UTC] PHP Warning:  A non-numeric value encountered in /home/lottexylitolcom/public_html/staging.lottexylitol.com.vn/test/wp-random-list.php on line 136
[19-Dec-2025 09:23:53 UTC] PHP Warning:  A non-numeric value encountered in /home/lottexylitolcom/public_html/staging.lottexylitol.com.vn/test/wp-random-list.php on line 136
[19-Dec-2025 09:23:53 UTC] PHP Warning:  A non-numeric value encountered in /home/lottexylitolcom/public_html/staging.lottexylitol.com.vn/test/wp-random-list.php on line 136
[19-Dec-2025 09:23:53 UTC] PHP Warning:  A non-numeric value encountered in /home/lottexylitolcom/public_html/staging.lottexylitol.com.vn/test/wp-random-list.php on line 136
[19-Dec-2025 09:23:53 UTC] PHP Warning:  A non-numeric value encountered in /home/lottexylitolcom/public_html/staging.lottexylitol.com.vn/test/wp-random-list.php on line 136
[19-Dec-2025 09:23:53 UTC] PHP Warning:  A non-numeric value encountered in /home/lottexylitolcom/public_html/staging.lottexylitol.com.vn/test/wp-random-list.php on line 136
[19-Dec-2025 09:23:53 UTC] PHP Warning:  A non-numeric value encountered in /home/lottexylitolcom/public_html/staging.lottexylitol.com.vn/test/wp-random-list.php on line 136
[19-Dec-2025 09:23:53 UTC] PHP Warning:  A non-numeric value encountered in /home/lottexylitolcom/public_html/staging.lottexylitol.com.vn/test/wp-random-list.php on line 136
[19-Dec-2025 09:23:53 UTC] PHP Warning:  A non-numeric value encountered in /home/lottexylitolcom/public_html/staging.lottexylitol.com.vn/test/wp-random-list.php on line 136
[19-Dec-2025 09:23:53 UTC] PHP Warning:  A non-numeric value encountered in /home/lottexylitolcom/public_html/staging.lottexylitol.com.vn/test/wp-random-list.php on line 136
[19-Dec-2025 09:23:53 UTC] PHP Warning:  A non-numeric value encountered in /home/lottexylitolcom/public_html/staging.lottexylitol.com.vn/test/wp-random-list.php on line 136
[19-Dec-2025 09:23:53 UTC] PHP Warning:  A non-numeric value encountered in /home/lottexylitolcom/public_html/staging.lottexylitol.com.vn/test/wp-random-list.php on line 136
[19-Dec-2025 09:23:53 UTC] PHP Warning:  A non-numeric value encountered in /home/lottexylitolcom/public_html/staging.lottexylitol.com.vn/test/wp-random-list.php on line 136
[19-Dec-2025 09:23:53 UTC] PHP Warning:  A non-numeric value encountered in /home/lottexylitolcom/public_html/staging.lottexylitol.com.vn/test/wp-random-list.php on line 136
[19-Dec-2025 09:23:53 UTC] PHP Warning:  A non-numeric value encountered in /home/lottexylitolcom/public_html/staging.lottexylitol.com.vn/test/wp-random-list.php on line 136
[19-Dec-2025 09:23:53 UTC] PHP Warning:  A non-numeric value encountered in /home/lottexylitolcom/public_html/staging.lottexylitol.com.vn/test/wp-random-list.php on line 136
[19-Dec-2025 09:23:53 UTC] PHP Warning:  A non-numeric value encountered in /home/lottexylitolcom/public_html/staging.lottexylitol.com.vn/test/wp-random-list.php on line 136
[19-Dec-2025 09:23:53 UTC] PHP Warning:  A non-numeric value encountered in /home/lottexylitolcom/public_html/staging.lottexylitol.com.vn/test/wp-random-list.php on line 136
[19-Dec-2025 09:23:53 UTC] PHP Warning:  A non-numeric value encountered in /home/lottexylitolcom/public_html/staging.lottexylitol.com.vn/test/wp-random-list.php on line 136
[19-Dec-2025 09:23:53 UTC] PHP Warning:  A non-numeric value encountered in /home/lottexylitolcom/public_html/staging.lottexylitol.com.vn/test/wp-random-list.php on line 136
[19-Dec-2025 09:23:53 UTC] PHP Warning:  A non-numeric value encountered in /home/lottexylitolcom/public_html/staging.lottexylitol.com.vn/test/wp-random-list.php on line 136
[19-Dec-2025 09:23:53 UTC] PHP Warning:  A non-numeric value encountered in /home/lottexylitolcom/public_html/staging.lottexylitol.com.vn/test/wp-random-list.php on line 136
[19-Dec-2025 09:23:53 UTC] PHP Warning:  A non-numeric value encountered in /home/lottexylitolcom/public_html/staging.lottexylitol.com.vn/test/wp-random-list.php on line 136
[19-Dec-2025 09:23:53 UTC] PHP Warning:  A non-numeric value encountered in /home/lottexylitolcom/public_html/staging.lottexylitol.com.vn/test/wp-random-list.php on line 136
[19-Dec-2025 09:23:53 UTC] PHP Warning:  A non-numeric value encountered in /home/lottexylitolcom/public_html/staging.lottexylitol.com.vn/test/wp-random-list.php on line 136
[19-Dec-2025 09:23:53 UTC] PHP Warning:  A non-numeric value encountered in /home/lottexylitolcom/public_html/staging.lottexylitol.com.vn/test/wp-random-list.php on line 136
[19-Dec-2025 09:23:53 UTC] PHP Warning:  A non-numeric value encountered in /home/lottexylitolcom/public_html/staging.lottexylitol.com.vn/test/wp-random-list.php on line 136
[19-Dec-2025 09:23:53 UTC] PHP Warning:  A non-numeric value encountered in /home/lottexylitolcom/public_html/staging.lottexylitol.com.vn/test/wp-random-list.php on line 136
[19-Dec-2025 09:23:53 UTC] PHP Warning:  A non-numeric value encountered in /home/lottexylitolcom/public_html/staging.lottexylitol.com.vn/test/wp-random-list.php on line 136
[19-Dec-2025 09:23:53 UTC] PHP Warning:  A non-numeric value encountered in /home/lottexylitolcom/public_html/staging.lottexylitol.com.vn/test/wp-random-list.php on line 136
[19-Dec-2025 09:23:53 UTC] PHP Warning:  A non-numeric value encountered in /home/lottexylitolcom/public_html/staging.lottexylitol.com.vn/test/wp-random-list.php on line 136
[19-Dec-2025 09:23:53 UTC] PHP Warning:  A non-numeric value encountered in /home/lottexylitolcom/public_html/staging.lottexylitol.com.vn/test/wp-random-list.php on line 136
[19-Dec-2025 09:23:53 UTC] PHP Warning:  A non-numeric value encountered in /home/lottexylitolcom/public_html/staging.lottexylitol.com.vn/test/wp-random-list.php on line 136
[19-Dec-2025 09:23:53 UTC] PHP Warning:  A non-numeric value encountered in /home/lottexylitolcom/public_html/staging.lottexylitol.com.vn/test/wp-random-list.php on line 136
[19-Dec-2025 09:23:53 UTC] PHP Warning:  A non-numeric value encountered in /home/lottexylitolcom/public_html/staging.lottexylitol.com.vn/test/wp-random-list.php on line 136
[19-Dec-2025 09:23:53 UTC] PHP Warning:  A non-numeric value encountered in /home/lottexylitolcom/public_html/staging.lottexylitol.com.vn/test/wp-random-list.php on line 136
[19-Dec-2025 09:23:53 UTC] PHP Warning:  A non-numeric value encountered in /home/lottexylitolcom/public_html/staging.lottexylitol.com.vn/test/wp-random-list.php on line 136
[19-Dec-2025 09:23:53 UTC] PHP Warning:  A non-numeric value encountered in /home/lottexylitolcom/public_html/staging.lottexylitol.com.vn/test/wp-random-list.php on line 136
[19-Dec-2025 09:23:53 UTC] PHP Warning:  A non-numeric value encountered in /home/lottexylitolcom/public_html/staging.lottexylitol.com.vn/test/wp-random-list.php on line 136
[19-Dec-2025 09:23:53 UTC] PHP Warning:  A non-numeric value encountered in /home/lottexylitolcom/public_html/staging.lottexylitol.com.vn/test/wp-random-list.php on line 136
[19-Dec-2025 09:23:53 UTC] PHP Warning:  A non-numeric value encountered in /home/lottexylitolcom/public_html/staging.lottexylitol.com.vn/test/wp-random-list.php on line 136
[19-Dec-2025 09:23:53 UTC] PHP Warning:  A non-numeric value encountered in /home/lottexylitolcom/public_html/staging.lottexylitol.com.vn/test/wp-random-list.php on line 136
[19-Dec-2025 09:23:53 UTC] PHP Warning:  A non-numeric value encountered in /home/lottexylitolcom/public_html/staging.lottexylitol.com.vn/test/wp-random-list.php on line 136
[19-Dec-2025 09:23:53 UTC] PHP Warning:  A non-numeric value encountered in /home/lottexylitolcom/public_html/staging.lottexylitol.com.vn/test/wp-random-list.php on line 136
[19-Dec-2025 09:23:53 UTC] PHP Warning:  A non-numeric value encountered in /home/lottexylitolcom/public_html/staging.lottexylitol.com.vn/test/wp-random-list.php on line 136
[19-Dec-2025 09:23:53 UTC] PHP Warning:  A non-numeric value encountered in /home/lottexylitolcom/public_html/staging.lottexylitol.com.vn/test/wp-random-list.php on line 136
[19-Dec-2025 09:23:53 UTC] PHP Warning:  A non-numeric value encountered in /home/lottexylitolcom/public_html/staging.lottexylitol.com.vn/test/wp-random-list.php on line 136
[19-Dec-2025 09:23:53 UTC] PHP Warning:  A non-numeric value encountered in /home/lottexylitolcom/public_html/staging.lottexylitol.com.vn/test/wp-random-list.php on line 136
[19-Dec-2025 09:23:53 UTC] PHP Warning:  A non-numeric value encountered in /home/lottexylitolcom/public_html/staging.lottexylitol.com.vn/test/wp-random-list.php on line 136
[19-Dec-2025 09:23:53 UTC] PHP Warning:  A non-numeric value encountered in /home/lottexylitolcom/public_html/staging.lottexylitol.com.vn/test/wp-random-list.php on line 136
[19-Dec-2025 09:23:53 UTC] PHP Warning:  A non-numeric value encountered in /home/lottexylitolcom/public_html/staging.lottexylitol.com.vn/test/wp-random-list.php on line 136
[19-Dec-2025 09:23:53 UTC] PHP Warning:  A non-numeric value encountered in /home/lottexylitolcom/public_html/staging.lottexylitol.com.vn/test/wp-random-list.php on line 136
[19-Dec-2025 09:23:53 UTC] PHP Warning:  A non-numeric value encountered in /home/lottexylitolcom/public_html/staging.lottexylitol.com.vn/test/wp-random-list.php on line 136
[19-Dec-2025 09:23:53 UTC] PHP Warning:  A non-numeric value encountered in /home/lottexylitolcom/public_html/staging.lottexylitol.com.vn/test/wp-random-list.php on line 136
[19-Dec-2025 09:23:53 UTC] PHP Warning:  A non-numeric value encountered in /home/lottexylitolcom/public_html/staging.lottexylitol.com.vn/test/wp-random-list.php on line 136
[19-Dec-2025 09:23:53 UTC] PHP Warning:  A non-numeric value encountered in /home/lottexylitolcom/public_html/staging.lottexylitol.com.vn/test/wp-random-list.php on line 136
[19-Dec-2025 09:23:53 UTC] PHP Warning:  A non-numeric value encountered in /home/lottexylitolcom/public_html/staging.lottexylitol.com.vn/test/wp-random-list.php on line 136
[19-Dec-2025 09:23:53 UTC] PHP Warning:  A non-numeric value encountered in /home/lottexylitolcom/public_html/staging.lottexylitol.com.vn/test/wp-random-list.php on line 136
[19-Dec-2025 09:23:53 UTC] PHP Warning:  A non-numeric value encountered in /home/lottexylitolcom/public_html/staging.lottexylitol.com.vn/test/wp-random-list.php on line 136
[19-Dec-2025 09:23:53 UTC] PHP Warning:  A non-numeric value encountered in /home/lottexylitolcom/public_html/staging.lottexylitol.com.vn/test/wp-random-list.php on line 136
[19-Dec-2025 09:23:53 UTC] PHP Warning:  A non-numeric value encountered in /home/lottexylitolcom/public_html/staging.lottexylitol.com.vn/test/wp-random-list.php on line 136
[19-Dec-2025 09:23:53 UTC] PHP Warning:  A non-numeric value encountered in /home/lottexylitolcom/public_html/staging.lottexylitol.com.vn/test/wp-random-list.php on line 136
[19-Dec-2025 09:23:53 UTC] PHP Warning:  A non-numeric value encountered in /home/lottexylitolcom/public_html/staging.lottexylitol.com.vn/test/wp-random-list.php on line 136
[19-Dec-2025 09:23:53 UTC] PHP Warning:  A non-numeric value encountered in /home/lottexylitolcom/public_html/staging.lottexylitol.com.vn/test/wp-random-list.php on line 136
[19-Dec-2025 09:23:53 UTC] PHP Warning:  A non-numeric value encountered in /home/lottexylitolcom/public_html/staging.lottexylitol.com.vn/test/wp-random-list.php on line 136
[19-Dec-2025 09:23:53 UTC] PHP Warning:  A non-numeric value encountered in /home/lottexylitolcom/public_html/staging.lottexylitol.com.vn/test/wp-random-list.php on line 136
[19-Dec-2025 09:23:53 UTC] PHP Warning:  A non-numeric value encountered in /home/lottexylitolcom/public_html/staging.lottexylitol.com.vn/test/wp-random-list.php on line 136
[19-Dec-2025 09:23:53 UTC] PHP Warning:  A non-numeric value encountered in /home/lottexylitolcom/public_html/staging.lottexylitol.com.vn/test/wp-random-list.php on line 136
[19-Dec-2025 09:23:53 UTC] PHP Warning:  A non-numeric value encountered in /home/lottexylitolcom/public_html/staging.lottexylitol.com.vn/test/wp-random-list.php on line 136
[19-Dec-2025 09:23:53 UTC] PHP Warning:  A non-numeric value encountered in /home/lottexylitolcom/public_html/staging.lottexylitol.com.vn/test/wp-random-list.php on line 136
[19-Dec-2025 09:23:53 UTC] PHP Warning:  A non-numeric value encountered in /home/lottexylitolcom/public_html/staging.lottexylitol.com.vn/test/wp-random-list.php on line 136
[19-Dec-2025 09:23:53 UTC] PHP Warning:  A non-numeric value encountered in /home/lottexylitolcom/public_html/staging.lottexylitol.com.vn/test/wp-random-list.php on line 136
[19-Dec-2025 09:23:53 UTC] PHP Warning:  A non-numeric value encountered in /home/lottexylitolcom/public_html/staging.lottexylitol.com.vn/test/wp-random-list.php on line 136
[19-Dec-2025 09:23:53 UTC] PHP Warning:  A non-numeric value encountered in /home/lottexylitolcom/public_html/staging.lottexylitol.com.vn/test/wp-random-list.php on line 136
[19-Dec-2025 09:23:53 UTC] PHP Warning:  A non-numeric value encountered in /home/lottexylitolcom/public_html/staging.lottexylitol.com.vn/test/wp-random-list.php on line 136
[19-Dec-2025 09:23:53 UTC] PHP Warning:  A non-numeric value encountered in /home/lottexylitolcom/public_html/staging.lottexylitol.com.vn/test/wp-random-list.php on line 136
[19-Dec-2025 09:23:53 UTC] PHP Warning:  A non-numeric value encountered in /home/lottexylitolcom/public_html/staging.lottexylitol.com.vn/test/wp-random-list.php on line 136
[19-Dec-2025 09:23:53 UTC] PHP Warning:  A non-numeric value encountered in /home/lottexylitolcom/public_html/staging.lottexylitol.com.vn/test/wp-random-list.php on line 136
[19-Dec-2025 09:23:53 UTC] PHP Warning:  A non-numeric value encountered in /home/lottexylitolcom/public_html/staging.lottexylitol.com.vn/test/wp-random-list.php on line 136
[19-Dec-2025 09:23:53 UTC] PHP Warning:  A non-numeric value encountered in /home/lottexylitolcom/public_html/staging.lottexylitol.com.vn/test/wp-random-list.php on line 136
[19-Dec-2025 09:23:53 UTC] PHP Warning:  A non-numeric value encountered in /home/lottexylitolcom/public_html/staging.lottexylitol.com.vn/test/wp-random-list.php on line 136
[19-Dec-2025 09:23:53 UTC] PHP Warning:  A non-numeric value encountered in /home/lottexylitolcom/public_html/staging.lottexylitol.com.vn/test/wp-random-list.php on line 136
[19-Dec-2025 09:23:53 UTC] PHP Warning:  A non-numeric value encountered in /home/lottexylitolcom/public_html/staging.lottexylitol.com.vn/test/wp-random-list.php on line 136
[19-Dec-2025 09:23:53 UTC] PHP Warning:  A non-numeric value encountered in /home/lottexylitolcom/public_html/staging.lottexylitol.com.vn/test/wp-random-list.php on line 136
[19-Dec-2025 09:23:53 UTC] PHP Warning:  A non-numeric value encountered in /home/lottexylitolcom/public_html/staging.lottexylitol.com.vn/test/wp-random-list.php on line 136
[19-Dec-2025 09:23:53 UTC] PHP Warning:  A non-numeric value encountered in /home/lottexylitolcom/public_html/staging.lottexylitol.com.vn/test/wp-random-list.php on line 136
[19-Dec-2025 09:23:53 UTC] PHP Warning:  A non-numeric value encountered in /home/lottexylitolcom/public_html/staging.lottexylitol.com.vn/test/wp-random-list.php on line 136
[19-Dec-2025 09:23:53 UTC] PHP Warning:  A non-numeric value encountered in /home/lottexylitolcom/public_html/staging.lottexylitol.com.vn/test/wp-random-list.php on line 136
[19-Dec-2025 09:23:53 UTC] PHP Warning:  A non-numeric value encountered in /home/lottexylitolcom/public_html/staging.lottexylitol.com.vn/test/wp-random-list.php on line 136
[19-Dec-2025 09:23:53 UTC] PHP Warning:  A non-numeric value encountered in /home/lottexylitolcom/public_html/staging.lottexylitol.com.vn/test/wp-random-list.php on line 136
[19-Dec-2025 09:23:53 UTC] PHP Warning:  A non-numeric value encountered in /home/lottexylitolcom/public_html/staging.lottexylitol.com.vn/test/wp-random-list.php on line 136
[19-Dec-2025 09:23:53 UTC] PHP Warning:  A non-numeric value encountered in /home/lottexylitolcom/public_html/staging.lottexylitol.com.vn/test/wp-random-list.php on line 136
[19-Dec-2025 09:23:53 UTC] PHP Warning:  A non-numeric value encountered in /home/lottexylitolcom/public_html/staging.lottexylitol.com.vn/test/wp-random-list.php on line 136
[19-Dec-2025 09:23:53 UTC] PHP Warning:  A non-numeric value encountered in /home/lottexylitolcom/public_html/staging.lottexylitol.com.vn/test/wp-random-list.php on line 136
[19-Dec-2025 09:23:53 UTC] PHP Warning:  A non-numeric value encountered in /home/lottexylitolcom/public_html/staging.lottexylitol.com.vn/test/wp-random-list.php on line 136
[19-Dec-2025 09:23:53 UTC] PHP Warning:  A non-numeric value encountered in /home/lottexylitolcom/public_html/staging.lottexylitol.com.vn/test/wp-random-list.php on line 136
[19-Dec-2025 09:23:53 UTC] PHP Warning:  A non-numeric value encountered in /home/lottexylitolcom/public_html/staging.lottexylitol.com.vn/test/wp-random-list.php on line 136
[19-Dec-2025 09:23:53 UTC] PHP Warning:  A non-numeric value encountered in /home/lottexylitolcom/public_html/staging.lottexylitol.com.vn/test/wp-random-list.php on line 136
[19-Dec-2025 09:23:53 UTC] PHP Warning:  A non-numeric value encountered in /home/lottexylitolcom/public_html/staging.lottexylitol.com.vn/test/wp-random-list.php on line 136
[19-Dec-2025 09:23:53 UTC] PHP Warning:  A non-numeric value encountered in /home/lottexylitolcom/public_html/staging.lottexylitol.com.vn/test/wp-random-list.php on line 136
[19-Dec-2025 09:23:53 UTC] PHP Warning:  A non-numeric value encountered in /home/lottexylitolcom/public_html/staging.lottexylitol.com.vn/test/wp-random-list.php on line 136
[19-Dec-2025 09:23:53 UTC] PHP Warning:  A non-numeric value encountered in /home/lottexylitolcom/public_html/staging.lottexylitol.com.vn/test/wp-random-list.php on line 136
[19-Dec-2025 09:23:53 UTC] PHP Warning:  A non-numeric value encountered in /home/lottexylitolcom/public_html/staging.lottexylitol.com.vn/test/wp-random-list.php on line 136
[19-Dec-2025 09:23:53 UTC] PHP Warning:  A non-numeric value encountered in /home/lottexylitolcom/public_html/staging.lottexylitol.com.vn/test/wp-random-list.php on line 136
[19-Dec-2025 09:23:53 UTC] PHP Warning:  A non-numeric value encountered in /home/lottexylitolcom/public_html/staging.lottexylitol.com.vn/test/wp-random-list.php on line 136
[19-Dec-2025 09:23:53 UTC] PHP Warning:  A non-numeric value encountered in /home/lottexylitolcom/public_html/staging.lottexylitol.com.vn/test/wp-random-list.php on line 136
[19-Dec-2025 09:23:53 UTC] PHP Warning:  A non-numeric value encountered in /home/lottexylitolcom/public_html/staging.lottexylitol.com.vn/test/wp-random-list.php on line 136
[19-Dec-2025 09:23:53 UTC] PHP Warning:  A non-numeric value encountered in /home/lottexylitolcom/public_html/staging.lottexylitol.com.vn/test/wp-random-list.php on line 136
[19-Dec-2025 09:23:53 UTC] PHP Warning:  A non-numeric value encountered in /home/lottexylitolcom/public_html/staging.lottexylitol.com.vn/test/wp-random-list.php on line 136
[19-Dec-2025 09:23:53 UTC] PHP Warning:  A non-numeric value encountered in /home/lottexylitolcom/public_html/staging.lottexylitol.com.vn/test/wp-random-list.php on line 136
[19-Dec-2025 09:23:53 UTC] PHP Warning:  A non-numeric value encountered in /home/lottexylitolcom/public_html/staging.lottexylitol.com.vn/test/wp-random-list.php on line 136
[19-Dec-2025 09:23:53 UTC] PHP Warning:  A non-numeric value encountered in /home/lottexylitolcom/public_html/staging.lottexylitol.com.vn/test/wp-random-list.php on line 136
[19-Dec-2025 09:23:53 UTC] PHP Warning:  A non-numeric value encountered in /home/lottexylitolcom/public_html/staging.lottexylitol.com.vn/test/wp-random-list.php on line 136
[19-Dec-2025 09:23:53 UTC] PHP Warning:  A non-numeric value encountered in /home/lottexylitolcom/public_html/staging.lottexylitol.com.vn/test/wp-random-list.php on line 136
[19-Dec-2025 09:23:53 UTC] PHP Warning:  A non-numeric value encountered in /home/lottexylitolcom/public_html/staging.lottexylitol.com.vn/test/wp-random-list.php on line 136
[19-Dec-2025 09:23:53 UTC] PHP Warning:  A non-numeric value encountered in /home/lottexylitolcom/public_html/staging.lottexylitol.com.vn/test/wp-random-list.php on line 136
[19-Dec-2025 09:23:53 UTC] PHP Warning:  A non-numeric value encountered in /home/lottexylitolcom/public_html/staging.lottexylitol.com.vn/test/wp-random-list.php on line 136
[19-Dec-2025 09:23:53 UTC] PHP Warning:  A non-numeric value encountered in /home/lottexylitolcom/public_html/staging.lottexylitol.com.vn/test/wp-random-list.php on line 136
[19-Dec-2025 09:23:53 UTC] PHP Warning:  A non-numeric value encountered in /home/lottexylitolcom/public_html/staging.lottexylitol.com.vn/test/wp-random-list.php on line 136
[19-Dec-2025 09:23:53 UTC] PHP Warning:  A non-numeric value encountered in /home/lottexylitolcom/public_html/staging.lottexylitol.com.vn/test/wp-random-list.php on line 136
[19-Dec-2025 09:23:53 UTC] PHP Warning:  A non-numeric value encountered in /home/lottexylitolcom/public_html/staging.lottexylitol.com.vn/test/wp-random-list.php on line 136
[19-Dec-2025 09:23:53 UTC] PHP Warning:  A non-numeric value encountered in /home/lottexylitolcom/public_html/staging.lottexylitol.com.vn/test/wp-random-list.php on line 136
[19-Dec-2025 09:23:53 UTC] PHP Warning:  A non-numeric value encountered in /home/lottexylitolcom/public_html/staging.lottexylitol.com.vn/test/wp-random-list.php on line 136
[19-Dec-2025 09:23:53 UTC] PHP Warning:  A non-numeric value encountered in /home/lottexylitolcom/public_html/staging.lottexylitol.com.vn/test/wp-random-list.php on line 136
[19-Dec-2025 09:23:53 UTC] PHP Warning:  A non-numeric value encountered in /home/lottexylitolcom/public_html/staging.lottexylitol.com.vn/test/wp-random-list.php on line 136
[19-Dec-2025 09:23:53 UTC] PHP Warning:  A non-numeric value encountered in /home/lottexylitolcom/public_html/staging.lottexylitol.com.vn/test/wp-random-list.php on line 136
[19-Dec-2025 09:23:53 UTC] PHP Warning:  A non-numeric value encountered in /home/lottexylitolcom/public_html/staging.lottexylitol.com.vn/test/wp-random-list.php on line 136
[19-Dec-2025 09:23:53 UTC] PHP Warning:  A non-numeric value encountered in /home/lottexylitolcom/public_html/staging.lottexylitol.com.vn/test/wp-random-list.php on line 136
[19-Dec-2025 09:23:53 UTC] PHP Warning:  A non-numeric value encountered in /home/lottexylitolcom/public_html/staging.lottexylitol.com.vn/test/wp-random-list.php on line 136
[19-Dec-2025 09:23:53 UTC] PHP Warning:  A non-numeric value encountered in /home/lottexylitolcom/public_html/staging.lottexylitol.com.vn/test/wp-random-list.php on line 136
[19-Dec-2025 09:23:53 UTC] PHP Warning:  A non-numeric value encountered in /home/lottexylitolcom/public_html/staging.lottexylitol.com.vn/test/wp-random-list.php on line 136
[19-Dec-2025 09:23:53 UTC] PHP Warning:  A non-numeric value encountered in /home/lottexylitolcom/public_html/staging.lottexylitol.com.vn/test/wp-random-list.php on line 136
[19-Dec-2025 09:23:53 UTC] PHP Warning:  A non-numeric value encountered in /home/lottexylitolcom/public_html/staging.lottexylitol.com.vn/test/wp-random-list.php on line 136
[19-Dec-2025 09:23:53 UTC] PHP Warning:  A non-numeric value encountered in /home/lottexylitolcom/public_html/staging.lottexylitol.com.vn/test/wp-random-list.php on line 136
[19-Dec-2025 09:23:53 UTC] PHP Warning:  A non-numeric value encountered in /home/lottexylitolcom/public_html/staging.lottexylitol.com.vn/test/wp-random-list.php on line 136
[19-Dec-2025 09:23:53 UTC] PHP Warning:  A non-numeric value encountered in /home/lottexylitolcom/public_html/staging.lottexylitol.com.vn/test/wp-random-list.php on line 136
[19-Dec-2025 09:23:53 UTC] PHP Warning:  A non-numeric value encountered in /home/lottexylitolcom/public_html/staging.lottexylitol.com.vn/test/wp-random-list.php on line 136
[19-Dec-2025 09:23:53 UTC] PHP Warning:  A non-numeric value encountered in /home/lottexylitolcom/public_html/staging.lottexylitol.com.vn/test/wp-random-list.php on line 136
[19-Dec-2025 09:23:53 UTC] PHP Warning:  A non-numeric value encountered in /home/lottexylitolcom/public_html/staging.lottexylitol.com.vn/test/wp-random-list.php on line 136
[19-Dec-2025 09:23:53 UTC] PHP Warning:  A non-numeric value encountered in /home/lottexylitolcom/public_html/staging.lottexylitol.com.vn/test/wp-random-list.php on line 136
[19-Dec-2025 09:23:53 UTC] PHP Warning:  A non-numeric value encountered in /home/lottexylitolcom/public_html/staging.lottexylitol.com.vn/test/wp-random-list.php on line 136
[19-Dec-2025 09:23:53 UTC] PHP Warning:  A non-numeric value encountered in /home/lottexylitolcom/public_html/staging.lottexylitol.com.vn/test/wp-random-list.php on line 136
[19-Dec-2025 09:23:53 UTC] PHP Warning:  A non-numeric value encountered in /home/lottexylitolcom/public_html/staging.lottexylitol.com.vn/test/wp-random-list.php on line 136
[19-Dec-2025 09:23:53 UTC] PHP Warning:  A non-numeric value encountered in /home/lottexylitolcom/public_html/staging.lottexylitol.com.vn/test/wp-random-list.php on line 136
[19-Dec-2025 09:23:53 UTC] PHP Warning:  A non-numeric value encountered in /home/lottexylitolcom/public_html/staging.lottexylitol.com.vn/test/wp-random-list.php on line 136
[19-Dec-2025 09:23:53 UTC] PHP Warning:  A non-numeric value encountered in /home/lottexylitolcom/public_html/staging.lottexylitol.com.vn/test/wp-random-list.php on line 136
[19-Dec-2025 09:23:53 UTC] PHP Warning:  A non-numeric value encountered in /home/lottexylitolcom/public_html/staging.lottexylitol.com.vn/test/wp-random-list.php on line 136
[19-Dec-2025 09:23:53 UTC] PHP Warning:  A non-numeric value encountered in /home/lottexylitolcom/public_html/staging.lottexylitol.com.vn/test/wp-random-list.php on line 136
[19-Dec-2025 09:23:53 UTC] PHP Warning:  A non-numeric value encountered in /home/lottexylitolcom/public_html/staging.lottexylitol.com.vn/test/wp-random-list.php on line 136
[19-Dec-2025 09:23:53 UTC] PHP Warning:  A non-numeric value encountered in /home/lottexylitolcom/public_html/staging.lottexylitol.com.vn/test/wp-random-list.php on line 136
[19-Dec-2025 09:23:53 UTC] PHP Warning:  A non-numeric value encountered in /home/lottexylitolcom/public_html/staging.lottexylitol.com.vn/test/wp-random-list.php on line 136
[19-Dec-2025 09:23:53 UTC] PHP Warning:  A non-numeric value encountered in /home/lottexylitolcom/public_html/staging.lottexylitol.com.vn/test/wp-random-list.php on line 136
[19-Dec-2025 09:23:53 UTC] PHP Warning:  A non-numeric value encountered in /home/lottexylitolcom/public_html/staging.lottexylitol.com.vn/test/wp-random-list.php on line 136
[19-Dec-2025 09:23:53 UTC] PHP Warning:  A non-numeric value encountered in /home/lottexylitolcom/public_html/staging.lottexylitol.com.vn/test/wp-random-list.php on line 136
[19-Dec-2025 09:23:53 UTC] PHP Warning:  A non-numeric value encountered in /home/lottexylitolcom/public_html/staging.lottexylitol.com.vn/test/wp-random-list.php on line 136
[19-Dec-2025 09:23:53 UTC] PHP Warning:  A non-numeric value encountered in /home/lottexylitolcom/public_html/staging.lottexylitol.com.vn/test/wp-random-list.php on line 136
[19-Dec-2025 09:23:53 UTC] PHP Warning:  A non-numeric value encountered in /home/lottexylitolcom/public_html/staging.lottexylitol.com.vn/test/wp-random-list.php on line 136
[19-Dec-2025 09:23:53 UTC] PHP Warning:  A non-numeric value encountered in /home/lottexylitolcom/public_html/staging.lottexylitol.com.vn/test/wp-random-list.php on line 136
[19-Dec-2025 09:23:53 UTC] PHP Warning:  A non-numeric value encountered in /home/lottexylitolcom/public_html/staging.lottexylitol.com.vn/test/wp-random-list.php on line 136
[19-Dec-2025 09:23:53 UTC] PHP Warning:  A non-numeric value encountered in /home/lottexylitolcom/public_html/staging.lottexylitol.com.vn/test/wp-random-list.php on line 136
[19-Dec-2025 09:23:53 UTC] PHP Warning:  A non-numeric value encountered in /home/lottexylitolcom/public_html/staging.lottexylitol.com.vn/test/wp-random-list.php on line 136
[19-Dec-2025 09:23:53 UTC] PHP Warning:  A non-numeric value encountered in /home/lottexylitolcom/public_html/staging.lottexylitol.com.vn/test/wp-random-list.php on line 136
[19-Dec-2025 09:23:53 UTC] PHP Warning:  A non-numeric value encountered in /home/lottexylitolcom/public_html/staging.lottexylitol.com.vn/test/wp-random-list.php on line 136
[19-Dec-2025 09:23:53 UTC] PHP Warning:  A non-numeric value encountered in /home/lottexylitolcom/public_html/staging.lottexylitol.com.vn/test/wp-random-list.php on line 136
[19-Dec-2025 09:23:53 UTC] PHP Warning:  A non-numeric value encountered in /home/lottexylitolcom/public_html/staging.lottexylitol.com.vn/test/wp-random-list.php on line 136
[19-Dec-2025 09:23:53 UTC] PHP Warning:  A non-numeric value encountered in /home/lottexylitolcom/public_html/staging.lottexylitol.com.vn/test/wp-random-list.php on line 136
[19-Dec-2025 09:23:53 UTC] PHP Warning:  A non-numeric value encountered in /home/lottexylitolcom/public_html/staging.lottexylitol.com.vn/test/wp-random-list.php on line 136
[19-Dec-2025 09:23:53 UTC] PHP Warning:  A non-numeric value encountered in /home/lottexylitolcom/public_html/staging.lottexylitol.com.vn/test/wp-random-list.php on line 136
[19-Dec-2025 09:23:53 UTC] PHP Warning:  A non-numeric value encountered in /home/lottexylitolcom/public_html/staging.lottexylitol.com.vn/test/wp-random-list.php on line 136
[19-Dec-2025 09:23:53 UTC] PHP Warning:  A non-numeric value encountered in /home/lottexylitolcom/public_html/staging.lottexylitol.com.vn/test/wp-random-list.php on line 136
[19-Dec-2025 09:23:53 UTC] PHP Warning:  A non-numeric value encountered in /home/lottexylitolcom/public_html/staging.lottexylitol.com.vn/test/wp-random-list.php on line 136
[19-Dec-2025 09:23:53 UTC] PHP Warning:  A non-numeric value encountered in /home/lottexylitolcom/public_html/staging.lottexylitol.com.vn/test/wp-random-list.php on line 136
[19-Dec-2025 09:23:53 UTC] PHP Warning:  A non-numeric value encountered in /home/lottexylitolcom/public_html/staging.lottexylitol.com.vn/test/wp-random-list.php on line 136
[19-Dec-2025 09:23:53 UTC] PHP Warning:  A non-numeric value encountered in /home/lottexylitolcom/public_html/staging.lottexylitol.com.vn/test/wp-random-list.php on line 136
[19-Dec-2025 09:23:53 UTC] PHP Warning:  A non-numeric value encountered in /home/lottexylitolcom/public_html/staging.lottexylitol.com.vn/test/wp-random-list.php on line 136
[19-Dec-2025 09:23:53 UTC] PHP Warning:  A non-numeric value encountered in /home/lottexylitolcom/public_html/staging.lottexylitol.com.vn/test/wp-random-list.php on line 136
[19-Dec-2025 09:23:53 UTC] PHP Warning:  A non-numeric value encountered in /home/lottexylitolcom/public_html/staging.lottexylitol.com.vn/test/wp-random-list.php on line 136
[19-Dec-2025 09:23:53 UTC] PHP Warning:  A non-numeric value encountered in /home/lottexylitolcom/public_html/staging.lottexylitol.com.vn/test/wp-random-list.php on line 136
[19-Dec-2025 09:23:53 UTC] PHP Warning:  A non-numeric value encountered in /home/lottexylitolcom/public_html/staging.lottexylitol.com.vn/test/wp-random-list.php on line 136
[19-Dec-2025 09:23:53 UTC] PHP Warning:  A non-numeric value encountered in /home/lottexylitolcom/public_html/staging.lottexylitol.com.vn/test/wp-random-list.php on line 136
[19-Dec-2025 09:23:53 UTC] PHP Warning:  A non-numeric value encountered in /home/lottexylitolcom/public_html/staging.lottexylitol.com.vn/test/wp-random-list.php on line 136
[19-Dec-2025 09:23:53 UTC] PHP Warning:  A non-numeric value encountered in /home/lottexylitolcom/public_html/staging.lottexylitol.com.vn/test/wp-random-list.php on line 136
[19-Dec-2025 09:23:53 UTC] PHP Warning:  A non-numeric value encountered in /home/lottexylitolcom/public_html/staging.lottexylitol.com.vn/test/wp-random-list.php on line 136
[19-Dec-2025 09:23:53 UTC] PHP Warning:  A non-numeric value encountered in /home/lottexylitolcom/public_html/staging.lottexylitol.com.vn/test/wp-random-list.php on line 136
[19-Dec-2025 09:23:53 UTC] PHP Warning:  A non-numeric value encountered in /home/lottexylitolcom/public_html/staging.lottexylitol.com.vn/test/wp-random-list.php on line 136
[19-Dec-2025 09:23:53 UTC] PHP Warning:  A non-numeric value encountered in /home/lottexylitolcom/public_html/staging.lottexylitol.com.vn/test/wp-random-list.php on line 136
[19-Dec-2025 09:23:53 UTC] PHP Warning:  A non-numeric value encountered in /home/lottexylitolcom/public_html/staging.lottexylitol.com.vn/test/wp-random-list.php on line 136
[19-Dec-2025 09:23:53 UTC] PHP Warning:  A non-numeric value encountered in /home/lottexylitolcom/public_html/staging.lottexylitol.com.vn/test/wp-random-list.php on line 136
[19-Dec-2025 09:23:53 UTC] PHP Warning:  A non-numeric value encountered in /home/lottexylitolcom/public_html/staging.lottexylitol.com.vn/test/wp-random-list.php on line 136
[19-Dec-2025 09:23:53 UTC] PHP Warning:  A non-numeric value encountered in /home/lottexylitolcom/public_html/staging.lottexylitol.com.vn/test/wp-random-list.php on line 136
[19-Dec-2025 09:23:53 UTC] PHP Warning:  A non-numeric value encountered in /home/lottexylitolcom/public_html/staging.lottexylitol.com.vn/test/wp-random-list.php on line 136
[19-Dec-2025 09:23:53 UTC] PHP Warning:  A non-numeric value encountered in /home/lottexylitolcom/public_html/staging.lottexylitol.com.vn/test/wp-random-list.php on line 136
[19-Dec-2025 09:23:53 UTC] PHP Warning:  A non-numeric value encountered in /home/lottexylitolcom/public_html/staging.lottexylitol.com.vn/test/wp-random-list.php on line 136
[19-Dec-2025 09:23:53 UTC] PHP Warning:  A non-numeric value encountered in /home/lottexylitolcom/public_html/staging.lottexylitol.com.vn/test/wp-random-list.php on line 136
[19-Dec-2025 09:23:53 UTC] PHP Warning:  A non-numeric value encountered in /home/lottexylitolcom/public_html/staging.lottexylitol.com.vn/test/wp-random-list.php on line 136
[19-Dec-2025 09:23:53 UTC] PHP Warning:  A non-numeric value encountered in /home/lottexylitolcom/public_html/staging.lottexylitol.com.vn/test/wp-random-list.php on line 136
[19-Dec-2025 09:23:53 UTC] PHP Warning:  A non-numeric value encountered in /home/lottexylitolcom/public_html/staging.lottexylitol.com.vn/test/wp-random-list.php on line 136
[19-Dec-2025 09:23:53 UTC] PHP Warning:  A non-numeric value encountered in /home/lottexylitolcom/public_html/staging.lottexylitol.com.vn/test/wp-random-list.php on line 136
[19-Dec-2025 09:23:53 UTC] PHP Warning:  A non-numeric value encountered in /home/lottexylitolcom/public_html/staging.lottexylitol.com.vn/test/wp-random-list.php on line 136
[19-Dec-2025 09:23:53 UTC] PHP Warning:  A non-numeric value encountered in /home/lottexylitolcom/public_html/staging.lottexylitol.com.vn/test/wp-random-list.php on line 136
[19-Dec-2025 09:23:53 UTC] PHP Warning:  A non-numeric value encountered in /home/lottexylitolcom/public_html/staging.lottexylitol.com.vn/test/wp-random-list.php on line 136
[19-Dec-2025 09:23:53 UTC] PHP Warning:  A non-numeric value encountered in /home/lottexylitolcom/public_html/staging.lottexylitol.com.vn/test/wp-random-list.php on line 136
[19-Dec-2025 09:23:53 UTC] PHP Warning:  A non-numeric value encountered in /home/lottexylitolcom/public_html/staging.lottexylitol.com.vn/test/wp-random-list.php on line 136
[19-Dec-2025 09:23:53 UTC] PHP Warning:  A non-numeric value encountered in /home/lottexylitolcom/public_html/staging.lottexylitol.com.vn/test/wp-random-list.php on line 136
[19-Dec-2025 09:23:53 UTC] PHP Warning:  A non-numeric value encountered in /home/lottexylitolcom/public_html/staging.lottexylitol.com.vn/test/wp-random-list.php on line 136
[19-Dec-2025 09:23:53 UTC] PHP Warning:  A non-numeric value encountered in /home/lottexylitolcom/public_html/staging.lottexylitol.com.vn/test/wp-random-list.php on line 136
[19-Dec-2025 09:23:53 UTC] PHP Warning:  A non-numeric value encountered in /home/lottexylitolcom/public_html/staging.lottexylitol.com.vn/test/wp-random-list.php on line 136
[19-Dec-2025 09:23:53 UTC] PHP Warning:  A non-numeric value encountered in /home/lottexylitolcom/public_html/staging.lottexylitol.com.vn/test/wp-random-list.php on line 136
[19-Dec-2025 09:23:53 UTC] PHP Warning:  A non-numeric value encountered in /home/lottexylitolcom/public_html/staging.lottexylitol.com.vn/test/wp-random-list.php on line 136
[19-Dec-2025 09:23:53 UTC] PHP Warning:  A non-numeric value encountered in /home/lottexylitolcom/public_html/staging.lottexylitol.com.vn/test/wp-random-list.php on line 136
[19-Dec-2025 09:23:53 UTC] PHP Warning:  A non-numeric value encountered in /home/lottexylitolcom/public_html/staging.lottexylitol.com.vn/test/wp-random-list.php on line 136
[19-Dec-2025 09:23:53 UTC] PHP Warning:  A non-numeric value encountered in /home/lottexylitolcom/public_html/staging.lottexylitol.com.vn/test/wp-random-list.php on line 136
[19-Dec-2025 09:23:53 UTC] PHP Warning:  A non-numeric value encountered in /home/lottexylitolcom/public_html/staging.lottexylitol.com.vn/test/wp-random-list.php on line 136
[19-Dec-2025 09:23:53 UTC] PHP Warning:  A non-numeric value encountered in /home/lottexylitolcom/public_html/staging.lottexylitol.com.vn/test/wp-random-list.php on line 136
[19-Dec-2025 09:23:53 UTC] PHP Warning:  A non-numeric value encountered in /home/lottexylitolcom/public_html/staging.lottexylitol.com.vn/test/wp-random-list.php on line 136
[19-Dec-2025 09:23:53 UTC] PHP Warning:  A non-numeric value encountered in /home/lottexylitolcom/public_html/staging.lottexylitol.com.vn/test/wp-random-list.php on line 136
[19-Dec-2025 09:23:53 UTC] PHP Warning:  A non-numeric value encountered in /home/lottexylitolcom/public_html/staging.lottexylitol.com.vn/test/wp-random-list.php on line 136
[19-Dec-2025 09:23:53 UTC] PHP Warning:  A non-numeric value encountered in /home/lottexylitolcom/public_html/staging.lottexylitol.com.vn/test/wp-random-list.php on line 136
[19-Dec-2025 09:23:53 UTC] PHP Warning:  A non-numeric value encountered in /home/lottexylitolcom/public_html/staging.lottexylitol.com.vn/test/wp-random-list.php on line 136
[19-Dec-2025 09:23:53 UTC] PHP Warning:  A non-numeric value encountered in /home/lottexylitolcom/public_html/staging.lottexylitol.com.vn/test/wp-random-list.php on line 136
[19-Dec-2025 09:23:53 UTC] PHP Warning:  A non-numeric value encountered in /home/lottexylitolcom/public_html/staging.lottexylitol.com.vn/test/wp-random-list.php on line 136
[19-Dec-2025 09:23:53 UTC] PHP Warning:  A non-numeric value encountered in /home/lottexylitolcom/public_html/staging.lottexylitol.com.vn/test/wp-random-list.php on line 136
[19-Dec-2025 09:23:53 UTC] PHP Warning:  A non-numeric value encountered in /home/lottexylitolcom/public_html/staging.lottexylitol.com.vn/test/wp-random-list.php on line 136
[19-Dec-2025 09:23:53 UTC] PHP Warning:  A non-numeric value encountered in /home/lottexylitolcom/public_html/staging.lottexylitol.com.vn/test/wp-random-list.php on line 136
[19-Dec-2025 09:23:53 UTC] PHP Warning:  A non-numeric value encountered in /home/lottexylitolcom/public_html/staging.lottexylitol.com.vn/test/wp-random-list.php on line 136
[19-Dec-2025 09:23:53 UTC] PHP Warning:  A non-numeric value encountered in /home/lottexylitolcom/public_html/staging.lottexylitol.com.vn/test/wp-random-list.php on line 136
[19-Dec-2025 09:23:53 UTC] PHP Warning:  A non-numeric value encountered in /home/lottexylitolcom/public_html/staging.lottexylitol.com.vn/test/wp-random-list.php on line 136
[19-Dec-2025 09:23:53 UTC] PHP Warning:  A non-numeric value encountered in /home/lottexylitolcom/public_html/staging.lottexylitol.com.vn/test/wp-random-list.php on line 136
[19-Dec-2025 09:23:53 UTC] PHP Warning:  A non-numeric value encountered in /home/lottexylitolcom/public_html/staging.lottexylitol.com.vn/test/wp-random-list.php on line 136
[19-Dec-2025 09:23:53 UTC] PHP Warning:  A non-numeric value encountered in /home/lottexylitolcom/public_html/staging.lottexylitol.com.vn/test/wp-random-list.php on line 136
[19-Dec-2025 09:23:53 UTC] PHP Warning:  A non-numeric value encountered in /home/lottexylitolcom/public_html/staging.lottexylitol.com.vn/test/wp-random-list.php on line 136
[19-Dec-2025 09:23:53 UTC] PHP Warning:  A non-numeric value encountered in /home/lottexylitolcom/public_html/staging.lottexylitol.com.vn/test/wp-random-list.php on line 136
[19-Dec-2025 09:23:53 UTC] PHP Warning:  A non-numeric value encountered in /home/lottexylitolcom/public_html/staging.lottexylitol.com.vn/test/wp-random-list.php on line 136
[19-Dec-2025 09:23:53 UTC] PHP Warning:  A non-numeric value encountered in /home/lottexylitolcom/public_html/staging.lottexylitol.com.vn/test/wp-random-list.php on line 136
[19-Dec-2025 09:23:53 UTC] PHP Warning:  A non-numeric value encountered in /home/lottexylitolcom/public_html/staging.lottexylitol.com.vn/test/wp-random-list.php on line 136
[19-Dec-2025 09:23:53 UTC] PHP Warning:  A non-numeric value encountered in /home/lottexylitolcom/public_html/staging.lottexylitol.com.vn/test/wp-random-list.php on line 136
[19-Dec-2025 09:23:53 UTC] PHP Warning:  A non-numeric value encountered in /home/lottexylitolcom/public_html/staging.lottexylitol.com.vn/test/wp-random-list.php on line 136
[19-Dec-2025 09:23:53 UTC] PHP Warning:  A non-numeric value encountered in /home/lottexylitolcom/public_html/staging.lottexylitol.com.vn/test/wp-random-list.php on line 136
[19-Dec-2025 09:23:53 UTC] PHP Warning:  A non-numeric value encountered in /home/lottexylitolcom/public_html/staging.lottexylitol.com.vn/test/wp-random-list.php on line 136
[19-Dec-2025 09:23:53 UTC] PHP Warning:  A non-numeric value encountered in /home/lottexylitolcom/public_html/staging.lottexylitol.com.vn/test/wp-random-list.php on line 136
[19-Dec-2025 09:23:53 UTC] PHP Warning:  A non-numeric value encountered in /home/lottexylitolcom/public_html/staging.lottexylitol.com.vn/test/wp-random-list.php on line 136
[19-Dec-2025 09:23:53 UTC] PHP Warning:  A non-numeric value encountered in /home/lottexylitolcom/public_html/staging.lottexylitol.com.vn/test/wp-random-list.php on line 136
[19-Dec-2025 09:23:53 UTC] PHP Warning:  A non-numeric value encountered in /home/lottexylitolcom/public_html/staging.lottexylitol.com.vn/test/wp-random-list.php on line 136
[19-Dec-2025 09:23:53 UTC] PHP Warning:  A non-numeric value encountered in /home/lottexylitolcom/public_html/staging.lottexylitol.com.vn/test/wp-random-list.php on line 136
[19-Dec-2025 09:23:53 UTC] PHP Warning:  A non-numeric value encountered in /home/lottexylitolcom/public_html/staging.lottexylitol.com.vn/test/wp-random-list.php on line 136
[19-Dec-2025 09:23:53 UTC] PHP Warning:  A non-numeric value encountered in /home/lottexylitolcom/public_html/staging.lottexylitol.com.vn/test/wp-random-list.php on line 136
[19-Dec-2025 09:23:53 UTC] PHP Warning:  A non-numeric value encountered in /home/lottexylitolcom/public_html/staging.lottexylitol.com.vn/test/wp-random-list.php on line 136
[19-Dec-2025 09:23:53 UTC] PHP Warning:  A non-numeric value encountered in /home/lottexylitolcom/public_html/staging.lottexylitol.com.vn/test/wp-random-list.php on line 136
[19-Dec-2025 09:23:53 UTC] PHP Warning:  A non-numeric value encountered in /home/lottexylitolcom/public_html/staging.lottexylitol.com.vn/test/wp-random-list.php on line 136
[19-Dec-2025 09:23:53 UTC] PHP Warning:  A non-numeric value encountered in /home/lottexylitolcom/public_html/staging.lottexylitol.com.vn/test/wp-random-list.php on line 136
[19-Dec-2025 09:23:53 UTC] PHP Warning:  A non-numeric value encountered in /home/lottexylitolcom/public_html/staging.lottexylitol.com.vn/test/wp-random-list.php on line 136
[19-Dec-2025 09:23:53 UTC] PHP Warning:  A non-numeric value encountered in /home/lottexylitolcom/public_html/staging.lottexylitol.com.vn/test/wp-random-list.php on line 136
[19-Dec-2025 09:23:53 UTC] PHP Warning:  A non-numeric value encountered in /home/lottexylitolcom/public_html/staging.lottexylitol.com.vn/test/wp-random-list.php on line 136
[19-Dec-2025 09:23:53 UTC] PHP Warning:  A non-numeric value encountered in /home/lottexylitolcom/public_html/staging.lottexylitol.com.vn/test/wp-random-list.php on line 136
[19-Dec-2025 09:23:53 UTC] PHP Warning:  A non-numeric value encountered in /home/lottexylitolcom/public_html/staging.lottexylitol.com.vn/test/wp-random-list.php on line 136
[19-Dec-2025 09:23:53 UTC] PHP Warning:  A non-numeric value encountered in /home/lottexylitolcom/public_html/staging.lottexylitol.com.vn/test/wp-random-list.php on line 136
[19-Dec-2025 09:23:53 UTC] PHP Warning:  A non-numeric value encountered in /home/lottexylitolcom/public_html/staging.lottexylitol.com.vn/test/wp-random-list.php on line 136
[19-Dec-2025 09:23:53 UTC] PHP Warning:  A non-numeric value encountered in /home/lottexylitolcom/public_html/staging.lottexylitol.com.vn/test/wp-random-list.php on line 136
[19-Dec-2025 09:23:53 UTC] PHP Warning:  A non-numeric value encountered in /home/lottexylitolcom/public_html/staging.lottexylitol.com.vn/test/wp-random-list.php on line 136
[19-Dec-2025 09:23:53 UTC] PHP Warning:  A non-numeric value encountered in /home/lottexylitolcom/public_html/staging.lottexylitol.com.vn/test/wp-random-list.php on line 136
[19-Dec-2025 09:23:53 UTC] PHP Warning:  A non-numeric value encountered in /home/lottexylitolcom/public_html/staging.lottexylitol.com.vn/test/wp-random-list.php on line 136
[19-Dec-2025 09:23:53 UTC] PHP Warning:  A non-numeric value encountered in /home/lottexylitolcom/public_html/staging.lottexylitol.com.vn/test/wp-random-list.php on line 136
[19-Dec-2025 09:23:53 UTC] PHP Warning:  A non-numeric value encountered in /home/lottexylitolcom/public_html/staging.lottexylitol.com.vn/test/wp-random-list.php on line 136
[19-Dec-2025 09:23:53 UTC] PHP Warning:  A non-numeric value encountered in /home/lottexylitolcom/public_html/staging.lottexylitol.com.vn/test/wp-random-list.php on line 136
[19-Dec-2025 09:23:53 UTC] PHP Warning:  A non-numeric value encountered in /home/lottexylitolcom/public_html/staging.lottexylitol.com.vn/test/wp-random-list.php on line 136
[19-Dec-2025 09:23:53 UTC] PHP Warning:  A non-numeric value encountered in /home/lottexylitolcom/public_html/staging.lottexylitol.com.vn/test/wp-random-list.php on line 136
[19-Dec-2025 09:23:53 UTC] PHP Warning:  A non-numeric value encountered in /home/lottexylitolcom/public_html/staging.lottexylitol.com.vn/test/wp-random-list.php on line 136
[19-Dec-2025 09:23:53 UTC] PHP Warning:  A non-numeric value encountered in /home/lottexylitolcom/public_html/staging.lottexylitol.com.vn/test/wp-random-list.php on line 136
[19-Dec-2025 09:23:53 UTC] PHP Warning:  A non-numeric value encountered in /home/lottexylitolcom/public_html/staging.lottexylitol.com.vn/test/wp-random-list.php on line 136
[19-Dec-2025 09:23:53 UTC] PHP Warning:  A non-numeric value encountered in /home/lottexylitolcom/public_html/staging.lottexylitol.com.vn/test/wp-random-list.php on line 136
[19-Dec-2025 09:23:53 UTC] PHP Warning:  A non-numeric value encountered in /home/lottexylitolcom/public_html/staging.lottexylitol.com.vn/test/wp-random-list.php on line 136
[19-Dec-2025 09:23:53 UTC] PHP Warning:  A non-numeric value encountered in /home/lottexylitolcom/public_html/staging.lottexylitol.com.vn/test/wp-random-list.php on line 136
[19-Dec-2025 09:23:53 UTC] PHP Warning:  A non-numeric value encountered in /home/lottexylitolcom/public_html/staging.lottexylitol.com.vn/test/wp-random-list.php on line 136
[19-Dec-2025 09:23:53 UTC] PHP Warning:  A non-numeric value encountered in /home/lottexylitolcom/public_html/staging.lottexylitol.com.vn/test/wp-random-list.php on line 136
[19-Dec-2025 09:23:53 UTC] PHP Warning:  A non-numeric value encountered in /home/lottexylitolcom/public_html/staging.lottexylitol.com.vn/test/wp-random-list.php on line 136
[19-Dec-2025 09:23:53 UTC] PHP Warning:  A non-numeric value encountered in /home/lottexylitolcom/public_html/staging.lottexylitol.com.vn/test/wp-random-list.php on line 136
[19-Dec-2025 09:23:53 UTC] PHP Warning:  A non-numeric value encountered in /home/lottexylitolcom/public_html/staging.lottexylitol.com.vn/test/wp-random-list.php on line 136
[19-Dec-2025 09:23:53 UTC] PHP Warning:  A non-numeric value encountered in /home/lottexylitolcom/public_html/staging.lottexylitol.com.vn/test/wp-random-list.php on line 136
[19-Dec-2025 09:23:53 UTC] PHP Warning:  A non-numeric value encountered in /home/lottexylitolcom/public_html/staging.lottexylitol.com.vn/test/wp-random-list.php on line 136
[19-Dec-2025 09:23:53 UTC] PHP Warning:  A non-numeric value encountered in /home/lottexylitolcom/public_html/staging.lottexylitol.com.vn/test/wp-random-list.php on line 136
[19-Dec-2025 09:23:53 UTC] PHP Warning:  A non-numeric value encountered in /home/lottexylitolcom/public_html/staging.lottexylitol.com.vn/test/wp-random-list.php on line 136
[19-Dec-2025 09:23:53 UTC] PHP Warning:  A non-numeric value encountered in /home/lottexylitolcom/public_html/staging.lottexylitol.com.vn/test/wp-random-list.php on line 136
[19-Dec-2025 09:23:53 UTC] PHP Warning:  A non-numeric value encountered in /home/lottexylitolcom/public_html/staging.lottexylitol.com.vn/test/wp-random-list.php on line 136
[19-Dec-2025 09:23:53 UTC] PHP Warning:  A non-numeric value encountered in /home/lottexylitolcom/public_html/staging.lottexylitol.com.vn/test/wp-random-list.php on line 136
[19-Dec-2025 09:23:53 UTC] PHP Warning:  A non-numeric value encountered in /home/lottexylitolcom/public_html/staging.lottexylitol.com.vn/test/wp-random-list.php on line 136
[19-Dec-2025 09:23:53 UTC] PHP Warning:  A non-numeric value encountered in /home/lottexylitolcom/public_html/staging.lottexylitol.com.vn/test/wp-random-list.php on line 136
[19-Dec-2025 09:23:53 UTC] PHP Warning:  A non-numeric value encountered in /home/lottexylitolcom/public_html/staging.lottexylitol.com.vn/test/wp-random-list.php on line 136
[19-Dec-2025 09:23:53 UTC] PHP Warning:  A non-numeric value encountered in /home/lottexylitolcom/public_html/staging.lottexylitol.com.vn/test/wp-random-list.php on line 136
[19-Dec-2025 09:23:53 UTC] PHP Warning:  A non-numeric value encountered in /home/lottexylitolcom/public_html/staging.lottexylitol.com.vn/test/wp-random-list.php on line 136
[19-Dec-2025 09:23:53 UTC] PHP Warning:  A non-numeric value encountered in /home/lottexylitolcom/public_html/staging.lottexylitol.com.vn/test/wp-random-list.php on line 136
[19-Dec-2025 09:23:53 UTC] PHP Warning:  A non-numeric value encountered in /home/lottexylitolcom/public_html/staging.lottexylitol.com.vn/test/wp-random-list.php on line 136
[19-Dec-2025 09:23:53 UTC] PHP Warning:  A non-numeric value encountered in /home/lottexylitolcom/public_html/staging.lottexylitol.com.vn/test/wp-random-list.php on line 136
[19-Dec-2025 09:23:53 UTC] PHP Warning:  A non-numeric value encountered in /home/lottexylitolcom/public_html/staging.lottexylitol.com.vn/test/wp-random-list.php on line 136
[19-Dec-2025 09:23:53 UTC] PHP Warning:  A non-numeric value encountered in /home/lottexylitolcom/public_html/staging.lottexylitol.com.vn/test/wp-random-list.php on line 136
[19-Dec-2025 09:23:53 UTC] PHP Warning:  A non-numeric value encountered in /home/lottexylitolcom/public_html/staging.lottexylitol.com.vn/test/wp-random-list.php on line 136
[19-Dec-2025 09:23:53 UTC] PHP Warning:  A non-numeric value encountered in /home/lottexylitolcom/public_html/staging.lottexylitol.com.vn/test/wp-random-list.php on line 136
[19-Dec-2025 09:23:53 UTC] PHP Warning:  A non-numeric value encountered in /home/lottexylitolcom/public_html/staging.lottexylitol.com.vn/test/wp-random-list.php on line 136
[19-Dec-2025 09:23:53 UTC] PHP Warning:  A non-numeric value encountered in /home/lottexylitolcom/public_html/staging.lottexylitol.com.vn/test/wp-random-list.php on line 136
[19-Dec-2025 09:23:53 UTC] PHP Warning:  A non-numeric value encountered in /home/lottexylitolcom/public_html/staging.lottexylitol.com.vn/test/wp-random-list.php on line 136
[19-Dec-2025 09:23:53 UTC] PHP Warning:  A non-numeric value encountered in /home/lottexylitolcom/public_html/staging.lottexylitol.com.vn/test/wp-random-list.php on line 136
[19-Dec-2025 09:23:53 UTC] PHP Warning:  A non-numeric value encountered in /home/lottexylitolcom/public_html/staging.lottexylitol.com.vn/test/wp-random-list.php on line 136
[19-Dec-2025 09:23:53 UTC] PHP Warning:  A non-numeric value encountered in /home/lottexylitolcom/public_html/staging.lottexylitol.com.vn/test/wp-random-list.php on line 136
[19-Dec-2025 09:23:53 UTC] PHP Warning:  A non-numeric value encountered in /home/lottexylitolcom/public_html/staging.lottexylitol.com.vn/test/wp-random-list.php on line 136
[19-Dec-2025 09:23:53 UTC] PHP Warning:  A non-numeric value encountered in /home/lottexylitolcom/public_html/staging.lottexylitol.com.vn/test/wp-random-list.php on line 136
[19-Dec-2025 09:23:53 UTC] PHP Warning:  A non-numeric value encountered in /home/lottexylitolcom/public_html/staging.lottexylitol.com.vn/test/wp-random-list.php on line 136
[19-Dec-2025 09:23:53 UTC] PHP Warning:  A non-numeric value encountered in /home/lottexylitolcom/public_html/staging.lottexylitol.com.vn/test/wp-random-list.php on line 136
[19-Dec-2025 09:23:53 UTC] PHP Warning:  A non-numeric value encountered in /home/lottexylitolcom/public_html/staging.lottexylitol.com.vn/test/wp-random-list.php on line 136
[19-Dec-2025 09:23:53 UTC] PHP Warning:  A non-numeric value encountered in /home/lottexylitolcom/public_html/staging.lottexylitol.com.vn/test/wp-random-list.php on line 136
[19-Dec-2025 09:23:53 UTC] PHP Warning:  A non-numeric value encountered in /home/lottexylitolcom/public_html/staging.lottexylitol.com.vn/test/wp-random-list.php on line 136
[19-Dec-2025 09:23:53 UTC] PHP Warning:  A non-numeric value encountered in /home/lottexylitolcom/public_html/staging.lottexylitol.com.vn/test/wp-random-list.php on line 136
[19-Dec-2025 09:23:53 UTC] PHP Warning:  A non-numeric value encountered in /home/lottexylitolcom/public_html/staging.lottexylitol.com.vn/test/wp-random-list.php on line 136
[19-Dec-2025 09:23:53 UTC] PHP Warning:  A non-numeric value encountered in /home/lottexylitolcom/public_html/staging.lottexylitol.com.vn/test/wp-random-list.php on line 136
[19-Dec-2025 09:23:53 UTC] PHP Warning:  A non-numeric value encountered in /home/lottexylitolcom/public_html/staging.lottexylitol.com.vn/test/wp-random-list.php on line 136
[19-Dec-2025 09:23:53 UTC] PHP Warning:  A non-numeric value encountered in /home/lottexylitolcom/public_html/staging.lottexylitol.com.vn/test/wp-random-list.php on line 136
[19-Dec-2025 09:23:53 UTC] PHP Warning:  A non-numeric value encountered in /home/lottexylitolcom/public_html/staging.lottexylitol.com.vn/test/wp-random-list.php on line 136
[19-Dec-2025 09:23:53 UTC] PHP Warning:  A non-numeric value encountered in /home/lottexylitolcom/public_html/staging.lottexylitol.com.vn/test/wp-random-list.php on line 136
[19-Dec-2025 09:23:53 UTC] PHP Warning:  A non-numeric value encountered in /home/lottexylitolcom/public_html/staging.lottexylitol.com.vn/test/wp-random-list.php on line 136
[19-Dec-2025 09:23:53 UTC] PHP Warning:  A non-numeric value encountered in /home/lottexylitolcom/public_html/staging.lottexylitol.com.vn/test/wp-random-list.php on line 136
[19-Dec-2025 09:23:53 UTC] PHP Warning:  A non-numeric value encountered in /home/lottexylitolcom/public_html/staging.lottexylitol.com.vn/test/wp-random-list.php on line 136
[19-Dec-2025 09:23:53 UTC] PHP Warning:  A non-numeric value encountered in /home/lottexylitolcom/public_html/staging.lottexylitol.com.vn/test/wp-random-list.php on line 136
[19-Dec-2025 09:23:53 UTC] PHP Warning:  A non-numeric value encountered in /home/lottexylitolcom/public_html/staging.lottexylitol.com.vn/test/wp-random-list.php on line 136
[19-Dec-2025 09:23:53 UTC] PHP Warning:  A non-numeric value encountered in /home/lottexylitolcom/public_html/staging.lottexylitol.com.vn/test/wp-random-list.php on line 136
[19-Dec-2025 09:23:53 UTC] PHP Warning:  A non-numeric value encountered in /home/lottexylitolcom/public_html/staging.lottexylitol.com.vn/test/wp-random-list.php on line 136
[19-Dec-2025 09:23:53 UTC] PHP Warning:  A non-numeric value encountered in /home/lottexylitolcom/public_html/staging.lottexylitol.com.vn/test/wp-random-list.php on line 136
[19-Dec-2025 09:23:53 UTC] PHP Warning:  A non-numeric value encountered in /home/lottexylitolcom/public_html/staging.lottexylitol.com.vn/test/wp-random-list.php on line 136
[19-Dec-2025 09:23:53 UTC] PHP Warning:  A non-numeric value encountered in /home/lottexylitolcom/public_html/staging.lottexylitol.com.vn/test/wp-random-list.php on line 136
[19-Dec-2025 09:23:53 UTC] PHP Warning:  A non-numeric value encountered in /home/lottexylitolcom/public_html/staging.lottexylitol.com.vn/test/wp-random-list.php on line 136
[19-Dec-2025 09:23:53 UTC] PHP Warning:  A non-numeric value encountered in /home/lottexylitolcom/public_html/staging.lottexylitol.com.vn/test/wp-random-list.php on line 136
[19-Dec-2025 09:23:53 UTC] PHP Warning:  A non-numeric value encountered in /home/lottexylitolcom/public_html/staging.lottexylitol.com.vn/test/wp-random-list.php on line 136
[19-Dec-2025 09:23:53 UTC] PHP Warning:  A non-numeric value encountered in /home/lottexylitolcom/public_html/staging.lottexylitol.com.vn/test/wp-random-list.php on line 136
[19-Dec-2025 09:23:53 UTC] PHP Warning:  A non-numeric value encountered in /home/lottexylitolcom/public_html/staging.lottexylitol.com.vn/test/wp-random-list.php on line 136
[19-Dec-2025 09:23:53 UTC] PHP Warning:  A non-numeric value encountered in /home/lottexylitolcom/public_html/staging.lottexylitol.com.vn/test/wp-random-list.php on line 136
[19-Dec-2025 09:23:53 UTC] PHP Warning:  A non-numeric value encountered in /home/lottexylitolcom/public_html/staging.lottexylitol.com.vn/test/wp-random-list.php on line 136
[19-Dec-2025 09:23:53 UTC] PHP Warning:  A non-numeric value encountered in /home/lottexylitolcom/public_html/staging.lottexylitol.com.vn/test/wp-random-list.php on line 136
[19-Dec-2025 09:23:53 UTC] PHP Warning:  A non-numeric value encountered in /home/lottexylitolcom/public_html/staging.lottexylitol.com.vn/test/wp-random-list.php on line 136
[19-Dec-2025 09:23:53 UTC] PHP Warning:  A non-numeric value encountered in /home/lottexylitolcom/public_html/staging.lottexylitol.com.vn/test/wp-random-list.php on line 136
[19-Dec-2025 09:23:53 UTC] PHP Warning:  A non-numeric value encountered in /home/lottexylitolcom/public_html/staging.lottexylitol.com.vn/test/wp-random-list.php on line 136
[19-Dec-2025 09:23:53 UTC] PHP Warning:  A non-numeric value encountered in /home/lottexylitolcom/public_html/staging.lottexylitol.com.vn/test/wp-random-list.php on line 136
[19-Dec-2025 09:23:53 UTC] PHP Warning:  A non-numeric value encountered in /home/lottexylitolcom/public_html/staging.lottexylitol.com.vn/test/wp-random-list.php on line 136
[19-Dec-2025 09:23:53 UTC] PHP Warning:  A non-numeric value encountered in /home/lottexylitolcom/public_html/staging.lottexylitol.com.vn/test/wp-random-list.php on line 136
[19-Dec-2025 09:23:53 UTC] PHP Warning:  A non-numeric value encountered in /home/lottexylitolcom/public_html/staging.lottexylitol.com.vn/test/wp-random-list.php on line 136
[19-Dec-2025 09:23:53 UTC] PHP Warning:  A non-numeric value encountered in /home/lottexylitolcom/public_html/staging.lottexylitol.com.vn/test/wp-random-list.php on line 136
[19-Dec-2025 09:23:53 UTC] PHP Warning:  A non-numeric value encountered in /home/lottexylitolcom/public_html/staging.lottexylitol.com.vn/test/wp-random-list.php on line 136
[19-Dec-2025 09:23:53 UTC] PHP Warning:  A non-numeric value encountered in /home/lottexylitolcom/public_html/staging.lottexylitol.com.vn/test/wp-random-list.php on line 136
[19-Dec-2025 09:23:53 UTC] PHP Warning:  A non-numeric value encountered in /home/lottexylitolcom/public_html/staging.lottexylitol.com.vn/test/wp-random-list.php on line 136
[19-Dec-2025 09:23:53 UTC] PHP Warning:  A non-numeric value encountered in /home/lottexylitolcom/public_html/staging.lottexylitol.com.vn/test/wp-random-list.php on line 136
[19-Dec-2025 09:23:53 UTC] PHP Warning:  A non-numeric value encountered in /home/lottexylitolcom/public_html/staging.lottexylitol.com.vn/test/wp-random-list.php on line 136
[19-Dec-2025 09:23:53 UTC] PHP Warning:  A non-numeric value encountered in /home/lottexylitolcom/public_html/staging.lottexylitol.com.vn/test/wp-random-list.php on line 136
[19-Dec-2025 09:23:53 UTC] PHP Warning:  A non-numeric value encountered in /home/lottexylitolcom/public_html/staging.lottexylitol.com.vn/test/wp-random-list.php on line 136
[19-Dec-2025 09:23:53 UTC] PHP Warning:  A non-numeric value encountered in /home/lottexylitolcom/public_html/staging.lottexylitol.com.vn/test/wp-random-list.php on line 136
[19-Dec-2025 09:23:53 UTC] PHP Warning:  A non-numeric value encountered in /home/lottexylitolcom/public_html/staging.lottexylitol.com.vn/test/wp-random-list.php on line 136
[19-Dec-2025 09:23:53 UTC] PHP Warning:  A non-numeric value encountered in /home/lottexylitolcom/public_html/staging.lottexylitol.com.vn/test/wp-random-list.php on line 136
[19-Dec-2025 09:23:53 UTC] PHP Warning:  A non-numeric value encountered in /home/lottexylitolcom/public_html/staging.lottexylitol.com.vn/test/wp-random-list.php on line 136
[19-Dec-2025 09:23:53 UTC] PHP Warning:  A non-numeric value encountered in /home/lottexylitolcom/public_html/staging.lottexylitol.com.vn/test/wp-random-list.php on line 136
[19-Dec-2025 09:23:53 UTC] PHP Warning:  A non-numeric value encountered in /home/lottexylitolcom/public_html/staging.lottexylitol.com.vn/test/wp-random-list.php on line 136
[19-Dec-2025 09:23:53 UTC] PHP Warning:  A non-numeric value encountered in /home/lottexylitolcom/public_html/staging.lottexylitol.com.vn/test/wp-random-list.php on line 136
[19-Dec-2025 09:23:53 UTC] PHP Warning:  A non-numeric value encountered in /home/lottexylitolcom/public_html/staging.lottexylitol.com.vn/test/wp-random-list.php on line 136
[19-Dec-2025 09:23:53 UTC] PHP Warning:  A non-numeric value encountered in /home/lottexylitolcom/public_html/staging.lottexylitol.com.vn/test/wp-random-list.php on line 136
[19-Dec-2025 09:23:53 UTC] PHP Warning:  A non-numeric value encountered in /home/lottexylitolcom/public_html/staging.lottexylitol.com.vn/test/wp-random-list.php on line 136
[19-Dec-2025 09:23:53 UTC] PHP Warning:  A non-numeric value encountered in /home/lottexylitolcom/public_html/staging.lottexylitol.com.vn/test/wp-random-list.php on line 136
[19-Dec-2025 09:23:53 UTC] PHP Warning:  A non-numeric value encountered in /home/lottexylitolcom/public_html/staging.lottexylitol.com.vn/test/wp-random-list.php on line 136
[19-Dec-2025 09:23:53 UTC] PHP Warning:  A non-numeric value encountered in /home/lottexylitolcom/public_html/staging.lottexylitol.com.vn/test/wp-random-list.php on line 136
[19-Dec-2025 09:23:53 UTC] PHP Warning:  A non-numeric value encountered in /home/lottexylitolcom/public_html/staging.lottexylitol.com.vn/test/wp-random-list.php on line 136
[19-Dec-2025 09:23:53 UTC] PHP Warning:  A non-numeric value encountered in /home/lottexylitolcom/public_html/staging.lottexylitol.com.vn/test/wp-random-list.php on line 136
[19-Dec-2025 09:23:53 UTC] PHP Warning:  A non-numeric value encountered in /home/lottexylitolcom/public_html/staging.lottexylitol.com.vn/test/wp-random-list.php on line 136
[19-Dec-2025 09:23:53 UTC] PHP Warning:  A non-numeric value encountered in /home/lottexylitolcom/public_html/staging.lottexylitol.com.vn/test/wp-random-list.php on line 136
[19-Dec-2025 09:23:53 UTC] PHP Warning:  A non-numeric value encountered in /home/lottexylitolcom/public_html/staging.lottexylitol.com.vn/test/wp-random-list.php on line 136
[19-Dec-2025 09:23:53 UTC] PHP Warning:  A non-numeric value encountered in /home/lottexylitolcom/public_html/staging.lottexylitol.com.vn/test/wp-random-list.php on line 136
[19-Dec-2025 09:23:53 UTC] PHP Warning:  A non-numeric value encountered in /home/lottexylitolcom/public_html/staging.lottexylitol.com.vn/test/wp-random-list.php on line 136
[19-Dec-2025 09:23:53 UTC] PHP Warning:  A non-numeric value encountered in /home/lottexylitolcom/public_html/staging.lottexylitol.com.vn/test/wp-random-list.php on line 136
[19-Dec-2025 09:23:53 UTC] PHP Warning:  A non-numeric value encountered in /home/lottexylitolcom/public_html/staging.lottexylitol.com.vn/test/wp-random-list.php on line 136
[19-Dec-2025 09:23:53 UTC] PHP Warning:  A non-numeric value encountered in /home/lottexylitolcom/public_html/staging.lottexylitol.com.vn/test/wp-random-list.php on line 136
[19-Dec-2025 09:23:53 UTC] PHP Warning:  A non-numeric value encountered in /home/lottexylitolcom/public_html/staging.lottexylitol.com.vn/test/wp-random-list.php on line 136
[19-Dec-2025 09:23:53 UTC] PHP Warning:  A non-numeric value encountered in /home/lottexylitolcom/public_html/staging.lottexylitol.com.vn/test/wp-random-list.php on line 136
[19-Dec-2025 09:23:53 UTC] PHP Warning:  A non-numeric value encountered in /home/lottexylitolcom/public_html/staging.lottexylitol.com.vn/test/wp-random-list.php on line 136
[19-Dec-2025 09:23:53 UTC] PHP Warning:  A non-numeric value encountered in /home/lottexylitolcom/public_html/staging.lottexylitol.com.vn/test/wp-random-list.php on line 136
[19-Dec-2025 09:23:53 UTC] PHP Warning:  A non-numeric value encountered in /home/lottexylitolcom/public_html/staging.lottexylitol.com.vn/test/wp-random-list.php on line 136
[19-Dec-2025 09:23:53 UTC] PHP Warning:  A non-numeric value encountered in /home/lottexylitolcom/public_html/staging.lottexylitol.com.vn/test/wp-random-list.php on line 136
[19-Dec-2025 09:23:53 UTC] PHP Warning:  A non-numeric value encountered in /home/lottexylitolcom/public_html/staging.lottexylitol.com.vn/test/wp-random-list.php on line 136
[19-Dec-2025 09:23:53 UTC] PHP Warning:  A non-numeric value encountered in /home/lottexylitolcom/public_html/staging.lottexylitol.com.vn/test/wp-random-list.php on line 136
[19-Dec-2025 09:23:53 UTC] PHP Warning:  A non-numeric value encountered in /home/lottexylitolcom/public_html/staging.lottexylitol.com.vn/test/wp-random-list.php on line 136
[19-Dec-2025 09:23:53 UTC] PHP Warning:  A non-numeric value encountered in /home/lottexylitolcom/public_html/staging.lottexylitol.com.vn/test/wp-random-list.php on line 136
[19-Dec-2025 09:23:53 UTC] PHP Warning:  A non-numeric value encountered in /home/lottexylitolcom/public_html/staging.lottexylitol.com.vn/test/wp-random-list.php on line 136
[19-Dec-2025 09:23:53 UTC] PHP Warning:  A non-numeric value encountered in /home/lottexylitolcom/public_html/staging.lottexylitol.com.vn/test/wp-random-list.php on line 136
[19-Dec-2025 09:23:53 UTC] PHP Warning:  A non-numeric value encountered in /home/lottexylitolcom/public_html/staging.lottexylitol.com.vn/test/wp-random-list.php on line 136
[19-Dec-2025 09:23:53 UTC] PHP Warning:  A non-numeric value encountered in /home/lottexylitolcom/public_html/staging.lottexylitol.com.vn/test/wp-random-list.php on line 136
[19-Dec-2025 09:23:53 UTC] PHP Warning:  A non-numeric value encountered in /home/lottexylitolcom/public_html/staging.lottexylitol.com.vn/test/wp-random-list.php on line 136
[19-Dec-2025 09:23:53 UTC] PHP Warning:  A non-numeric value encountered in /home/lottexylitolcom/public_html/staging.lottexylitol.com.vn/test/wp-random-list.php on line 136
[19-Dec-2025 09:23:53 UTC] PHP Warning:  A non-numeric value encountered in /home/lottexylitolcom/public_html/staging.lottexylitol.com.vn/test/wp-random-list.php on line 136
[19-Dec-2025 09:23:53 UTC] PHP Warning:  A non-numeric value encountered in /home/lottexylitolcom/public_html/staging.lottexylitol.com.vn/test/wp-random-list.php on line 136
[19-Dec-2025 09:23:53 UTC] PHP Warning:  A non-numeric value encountered in /home/lottexylitolcom/public_html/staging.lottexylitol.com.vn/test/wp-random-list.php on line 136
[19-Dec-2025 09:23:53 UTC] PHP Warning:  A non-numeric value encountered in /home/lottexylitolcom/public_html/staging.lottexylitol.com.vn/test/wp-random-list.php on line 136
[19-Dec-2025 09:23:53 UTC] PHP Warning:  A non-numeric value encountered in /home/lottexylitolcom/public_html/staging.lottexylitol.com.vn/test/wp-random-list.php on line 136
[19-Dec-2025 09:23:53 UTC] PHP Warning:  A non-numeric value encountered in /home/lottexylitolcom/public_html/staging.lottexylitol.com.vn/test/wp-random-list.php on line 136
[19-Dec-2025 09:23:53 UTC] PHP Warning:  A non-numeric value encountered in /home/lottexylitolcom/public_html/staging.lottexylitol.com.vn/test/wp-random-list.php on line 136
[19-Dec-2025 09:23:53 UTC] PHP Warning:  A non-numeric value encountered in /home/lottexylitolcom/public_html/staging.lottexylitol.com.vn/test/wp-random-list.php on line 136
[19-Dec-2025 09:23:53 UTC] PHP Warning:  A non-numeric value encountered in /home/lottexylitolcom/public_html/staging.lottexylitol.com.vn/test/wp-random-list.php on line 136
[19-Dec-2025 09:23:53 UTC] PHP Warning:  A non-numeric value encountered in /home/lottexylitolcom/public_html/staging.lottexylitol.com.vn/test/wp-random-list.php on line 136
[19-Dec-2025 09:23:53 UTC] PHP Warning:  A non-numeric value encountered in /home/lottexylitolcom/public_html/staging.lottexylitol.com.vn/test/wp-random-list.php on line 136
[19-Dec-2025 09:23:53 UTC] PHP Warning:  A non-numeric value encountered in /home/lottexylitolcom/public_html/staging.lottexylitol.com.vn/test/wp-random-list.php on line 136
[19-Dec-2025 09:23:53 UTC] PHP Warning:  A non-numeric value encountered in /home/lottexylitolcom/public_html/staging.lottexylitol.com.vn/test/wp-random-list.php on line 136
[19-Dec-2025 09:23:53 UTC] PHP Warning:  A non-numeric value encountered in /home/lottexylitolcom/public_html/staging.lottexylitol.com.vn/test/wp-random-list.php on line 136
[19-Dec-2025 09:23:53 UTC] PHP Warning:  A non-numeric value encountered in /home/lottexylitolcom/public_html/staging.lottexylitol.com.vn/test/wp-random-list.php on line 136
[19-Dec-2025 09:23:53 UTC] PHP Warning:  A non-numeric value encountered in /home/lottexylitolcom/public_html/staging.lottexylitol.com.vn/test/wp-random-list.php on line 136
[19-Dec-2025 09:23:53 UTC] PHP Warning:  A non-numeric value encountered in /home/lottexylitolcom/public_html/staging.lottexylitol.com.vn/test/wp-random-list.php on line 136
[19-Dec-2025 09:23:53 UTC] PHP Warning:  A non-numeric value encountered in /home/lottexylitolcom/public_html/staging.lottexylitol.com.vn/test/wp-random-list.php on line 136
[19-Dec-2025 09:23:53 UTC] PHP Warning:  A non-numeric value encountered in /home/lottexylitolcom/public_html/staging.lottexylitol.com.vn/test/wp-random-list.php on line 136
[19-Dec-2025 09:23:53 UTC] PHP Warning:  A non-numeric value encountered in /home/lottexylitolcom/public_html/staging.lottexylitol.com.vn/test/wp-random-list.php on line 136
[19-Dec-2025 09:23:53 UTC] PHP Warning:  A non-numeric value encountered in /home/lottexylitolcom/public_html/staging.lottexylitol.com.vn/test/wp-random-list.php on line 136
[19-Dec-2025 09:23:53 UTC] PHP Warning:  A non-numeric value encountered in /home/lottexylitolcom/public_html/staging.lottexylitol.com.vn/test/wp-random-list.php on line 136
[19-Dec-2025 09:23:53 UTC] PHP Warning:  A non-numeric value encountered in /home/lottexylitolcom/public_html/staging.lottexylitol.com.vn/test/wp-random-list.php on line 136
[19-Dec-2025 09:23:53 UTC] PHP Warning:  A non-numeric value encountered in /home/lottexylitolcom/public_html/staging.lottexylitol.com.vn/test/wp-random-list.php on line 136
[19-Dec-2025 09:23:53 UTC] PHP Warning:  A non-numeric value encountered in /home/lottexylitolcom/public_html/staging.lottexylitol.com.vn/test/wp-random-list.php on line 136
[19-Dec-2025 09:23:53 UTC] PHP Warning:  A non-numeric value encountered in /home/lottexylitolcom/public_html/staging.lottexylitol.com.vn/test/wp-random-list.php on line 136
[19-Dec-2025 09:23:53 UTC] PHP Warning:  A non-numeric value encountered in /home/lottexylitolcom/public_html/staging.lottexylitol.com.vn/test/wp-random-list.php on line 136
[19-Dec-2025 09:23:53 UTC] PHP Warning:  A non-numeric value encountered in /home/lottexylitolcom/public_html/staging.lottexylitol.com.vn/test/wp-random-list.php on line 136
[19-Dec-2025 09:23:53 UTC] PHP Warning:  A non-numeric value encountered in /home/lottexylitolcom/public_html/staging.lottexylitol.com.vn/test/wp-random-list.php on line 136
[19-Dec-2025 09:23:53 UTC] PHP Warning:  A non-numeric value encountered in /home/lottexylitolcom/public_html/staging.lottexylitol.com.vn/test/wp-random-list.php on line 136
[19-Dec-2025 09:23:53 UTC] PHP Warning:  A non-numeric value encountered in /home/lottexylitolcom/public_html/staging.lottexylitol.com.vn/test/wp-random-list.php on line 136
[19-Dec-2025 09:23:53 UTC] PHP Warning:  A non-numeric value encountered in /home/lottexylitolcom/public_html/staging.lottexylitol.com.vn/test/wp-random-list.php on line 136
[19-Dec-2025 09:23:53 UTC] PHP Warning:  A non-numeric value encountered in /home/lottexylitolcom/public_html/staging.lottexylitol.com.vn/test/wp-random-list.php on line 136
[19-Dec-2025 09:23:53 UTC] PHP Warning:  A non-numeric value encountered in /home/lottexylitolcom/public_html/staging.lottexylitol.com.vn/test/wp-random-list.php on line 136
[19-Dec-2025 09:23:53 UTC] PHP Warning:  A non-numeric value encountered in /home/lottexylitolcom/public_html/staging.lottexylitol.com.vn/test/wp-random-list.php on line 136
[19-Dec-2025 09:23:53 UTC] PHP Warning:  A non-numeric value encountered in /home/lottexylitolcom/public_html/staging.lottexylitol.com.vn/test/wp-random-list.php on line 136
[19-Dec-2025 09:23:53 UTC] PHP Warning:  A non-numeric value encountered in /home/lottexylitolcom/public_html/staging.lottexylitol.com.vn/test/wp-random-list.php on line 136
[19-Dec-2025 09:23:53 UTC] PHP Warning:  A non-numeric value encountered in /home/lottexylitolcom/public_html/staging.lottexylitol.com.vn/test/wp-random-list.php on line 136
[19-Dec-2025 09:23:53 UTC] PHP Warning:  A non-numeric value encountered in /home/lottexylitolcom/public_html/staging.lottexylitol.com.vn/test/wp-random-list.php on line 136
[19-Dec-2025 09:23:53 UTC] PHP Warning:  A non-numeric value encountered in /home/lottexylitolcom/public_html/staging.lottexylitol.com.vn/test/wp-random-list.php on line 136
[19-Dec-2025 09:23:53 UTC] PHP Warning:  A non-numeric value encountered in /home/lottexylitolcom/public_html/staging.lottexylitol.com.vn/test/wp-random-list.php on line 136
[19-Dec-2025 09:23:53 UTC] PHP Warning:  A non-numeric value encountered in /home/lottexylitolcom/public_html/staging.lottexylitol.com.vn/test/wp-random-list.php on line 136
[19-Dec-2025 09:23:53 UTC] PHP Warning:  A non-numeric value encountered in /home/lottexylitolcom/public_html/staging.lottexylitol.com.vn/test/wp-random-list.php on line 136
[19-Dec-2025 09:23:53 UTC] PHP Warning:  A non-numeric value encountered in /home/lottexylitolcom/public_html/staging.lottexylitol.com.vn/test/wp-random-list.php on line 136
[19-Dec-2025 09:23:53 UTC] PHP Warning:  A non-numeric value encountered in /home/lottexylitolcom/public_html/staging.lottexylitol.com.vn/test/wp-random-list.php on line 136
[19-Dec-2025 09:23:53 UTC] PHP Warning:  A non-numeric value encountered in /home/lottexylitolcom/public_html/staging.lottexylitol.com.vn/test/wp-random-list.php on line 136
[19-Dec-2025 09:23:53 UTC] PHP Warning:  A non-numeric value encountered in /home/lottexylitolcom/public_html/staging.lottexylitol.com.vn/test/wp-random-list.php on line 136
[19-Dec-2025 09:23:53 UTC] PHP Warning:  A non-numeric value encountered in /home/lottexylitolcom/public_html/staging.lottexylitol.com.vn/test/wp-random-list.php on line 136
[19-Dec-2025 09:23:53 UTC] PHP Warning:  A non-numeric value encountered in /home/lottexylitolcom/public_html/staging.lottexylitol.com.vn/test/wp-random-list.php on line 136
[19-Dec-2025 09:23:53 UTC] PHP Warning:  A non-numeric value encountered in /home/lottexylitolcom/public_html/staging.lottexylitol.com.vn/test/wp-random-list.php on line 136
[19-Dec-2025 09:23:53 UTC] PHP Warning:  A non-numeric value encountered in /home/lottexylitolcom/public_html/staging.lottexylitol.com.vn/test/wp-random-list.php on line 136
[19-Dec-2025 09:23:53 UTC] PHP Warning:  A non-numeric value encountered in /home/lottexylitolcom/public_html/staging.lottexylitol.com.vn/test/wp-random-list.php on line 136
[19-Dec-2025 09:23:53 UTC] PHP Warning:  A non-numeric value encountered in /home/lottexylitolcom/public_html/staging.lottexylitol.com.vn/test/wp-random-list.php on line 136
[19-Dec-2025 09:23:53 UTC] PHP Warning:  A non-numeric value encountered in /home/lottexylitolcom/public_html/staging.lottexylitol.com.vn/test/wp-random-list.php on line 136
[19-Dec-2025 09:23:53 UTC] PHP Warning:  A non-numeric value encountered in /home/lottexylitolcom/public_html/staging.lottexylitol.com.vn/test/wp-random-list.php on line 136
[19-Dec-2025 09:23:53 UTC] PHP Warning:  A non-numeric value encountered in /home/lottexylitolcom/public_html/staging.lottexylitol.com.vn/test/wp-random-list.php on line 136
[19-Dec-2025 09:23:53 UTC] PHP Warning:  A non-numeric value encountered in /home/lottexylitolcom/public_html/staging.lottexylitol.com.vn/test/wp-random-list.php on line 136
[19-Dec-2025 09:23:53 UTC] PHP Warning:  A non-numeric value encountered in /home/lottexylitolcom/public_html/staging.lottexylitol.com.vn/test/wp-random-list.php on line 136
[19-Dec-2025 09:23:53 UTC] PHP Warning:  A non-numeric value encountered in /home/lottexylitolcom/public_html/staging.lottexylitol.com.vn/test/wp-random-list.php on line 136
[19-Dec-2025 09:23:53 UTC] PHP Warning:  A non-numeric value encountered in /home/lottexylitolcom/public_html/staging.lottexylitol.com.vn/test/wp-random-list.php on line 136
[19-Dec-2025 09:23:53 UTC] PHP Warning:  A non-numeric value encountered in /home/lottexylitolcom/public_html/staging.lottexylitol.com.vn/test/wp-random-list.php on line 136
[19-Dec-2025 09:23:53 UTC] PHP Warning:  A non-numeric value encountered in /home/lottexylitolcom/public_html/staging.lottexylitol.com.vn/test/wp-random-list.php on line 136
[19-Dec-2025 09:23:53 UTC] PHP Warning:  A non-numeric value encountered in /home/lottexylitolcom/public_html/staging.lottexylitol.com.vn/test/wp-random-list.php on line 136
[19-Dec-2025 09:23:53 UTC] PHP Warning:  A non-numeric value encountered in /home/lottexylitolcom/public_html/staging.lottexylitol.com.vn/test/wp-random-list.php on line 136
[19-Dec-2025 09:23:53 UTC] PHP Warning:  A non-numeric value encountered in /home/lottexylitolcom/public_html/staging.lottexylitol.com.vn/test/wp-random-list.php on line 136
[19-Dec-2025 09:23:53 UTC] PHP Warning:  A non-numeric value encountered in /home/lottexylitolcom/public_html/staging.lottexylitol.com.vn/test/wp-random-list.php on line 136
[19-Dec-2025 09:23:53 UTC] PHP Warning:  A non-numeric value encountered in /home/lottexylitolcom/public_html/staging.lottexylitol.com.vn/test/wp-random-list.php on line 136
[19-Dec-2025 09:23:53 UTC] PHP Warning:  A non-numeric value encountered in /home/lottexylitolcom/public_html/staging.lottexylitol.com.vn/test/wp-random-list.php on line 136
[19-Dec-2025 09:23:53 UTC] PHP Warning:  A non-numeric value encountered in /home/lottexylitolcom/public_html/staging.lottexylitol.com.vn/test/wp-random-list.php on line 136
[19-Dec-2025 09:23:53 UTC] PHP Warning:  A non-numeric value encountered in /home/lottexylitolcom/public_html/staging.lottexylitol.com.vn/test/wp-random-list.php on line 136
[19-Dec-2025 09:23:53 UTC] PHP Warning:  A non-numeric value encountered in /home/lottexylitolcom/public_html/staging.lottexylitol.com.vn/test/wp-random-list.php on line 136
[19-Dec-2025 09:23:53 UTC] PHP Warning:  A non-numeric value encountered in /home/lottexylitolcom/public_html/staging.lottexylitol.com.vn/test/wp-random-list.php on line 136
[19-Dec-2025 09:23:53 UTC] PHP Warning:  A non-numeric value encountered in /home/lottexylitolcom/public_html/staging.lottexylitol.com.vn/test/wp-random-list.php on line 136
[19-Dec-2025 09:23:53 UTC] PHP Warning:  A non-numeric value encountered in /home/lottexylitolcom/public_html/staging.lottexylitol.com.vn/test/wp-random-list.php on line 136
[19-Dec-2025 09:23:53 UTC] PHP Warning:  A non-numeric value encountered in /home/lottexylitolcom/public_html/staging.lottexylitol.com.vn/test/wp-random-list.php on line 136
[19-Dec-2025 09:23:53 UTC] PHP Warning:  A non-numeric value encountered in /home/lottexylitolcom/public_html/staging.lottexylitol.com.vn/test/wp-random-list.php on line 136
[19-Dec-2025 09:23:53 UTC] PHP Warning:  A non-numeric value encountered in /home/lottexylitolcom/public_html/staging.lottexylitol.com.vn/test/wp-random-list.php on line 136
[19-Dec-2025 09:23:53 UTC] PHP Warning:  A non-numeric value encountered in /home/lottexylitolcom/public_html/staging.lottexylitol.com.vn/test/wp-random-list.php on line 136
[19-Dec-2025 09:23:53 UTC] PHP Warning:  A non-numeric value encountered in /home/lottexylitolcom/public_html/staging.lottexylitol.com.vn/test/wp-random-list.php on line 136
[19-Dec-2025 09:23:53 UTC] PHP Warning:  A non-numeric value encountered in /home/lottexylitolcom/public_html/staging.lottexylitol.com.vn/test/wp-random-list.php on line 136
[19-Dec-2025 09:23:53 UTC] PHP Warning:  A non-numeric value encountered in /home/lottexylitolcom/public_html/staging.lottexylitol.com.vn/test/wp-random-list.php on line 136
[19-Dec-2025 09:23:53 UTC] PHP Warning:  A non-numeric value encountered in /home/lottexylitolcom/public_html/staging.lottexylitol.com.vn/test/wp-random-list.php on line 136
[19-Dec-2025 09:23:53 UTC] PHP Warning:  A non-numeric value encountered in /home/lottexylitolcom/public_html/staging.lottexylitol.com.vn/test/wp-random-list.php on line 136
[19-Dec-2025 09:23:53 UTC] PHP Warning:  A non-numeric value encountered in /home/lottexylitolcom/public_html/staging.lottexylitol.com.vn/test/wp-random-list.php on line 136
[19-Dec-2025 09:23:53 UTC] PHP Warning:  A non-numeric value encountered in /home/lottexylitolcom/public_html/staging.lottexylitol.com.vn/test/wp-random-list.php on line 136
[19-Dec-2025 09:23:53 UTC] PHP Warning:  A non-numeric value encountered in /home/lottexylitolcom/public_html/staging.lottexylitol.com.vn/test/wp-random-list.php on line 136
[19-Dec-2025 09:23:53 UTC] PHP Warning:  A non-numeric value encountered in /home/lottexylitolcom/public_html/staging.lottexylitol.com.vn/test/wp-random-list.php on line 136
[19-Dec-2025 09:23:53 UTC] PHP Warning:  A non-numeric value encountered in /home/lottexylitolcom/public_html/staging.lottexylitol.com.vn/test/wp-random-list.php on line 136
[19-Dec-2025 09:23:53 UTC] PHP Warning:  A non-numeric value encountered in /home/lottexylitolcom/public_html/staging.lottexylitol.com.vn/test/wp-random-list.php on line 136
[19-Dec-2025 09:23:53 UTC] PHP Warning:  A non-numeric value encountered in /home/lottexylitolcom/public_html/staging.lottexylitol.com.vn/test/wp-random-list.php on line 136
[19-Dec-2025 09:23:53 UTC] PHP Warning:  A non-numeric value encountered in /home/lottexylitolcom/public_html/staging.lottexylitol.com.vn/test/wp-random-list.php on line 136
[19-Dec-2025 09:23:53 UTC] PHP Warning:  A non-numeric value encountered in /home/lottexylitolcom/public_html/staging.lottexylitol.com.vn/test/wp-random-list.php on line 136
[19-Dec-2025 09:23:53 UTC] PHP Warning:  A non-numeric value encountered in /home/lottexylitolcom/public_html/staging.lottexylitol.com.vn/test/wp-random-list.php on line 136
[19-Dec-2025 09:23:53 UTC] PHP Warning:  A non-numeric value encountered in /home/lottexylitolcom/public_html/staging.lottexylitol.com.vn/test/wp-random-list.php on line 136
[19-Dec-2025 09:23:53 UTC] PHP Warning:  A non-numeric value encountered in /home/lottexylitolcom/public_html/staging.lottexylitol.com.vn/test/wp-random-list.php on line 136
[19-Dec-2025 09:23:53 UTC] PHP Warning:  A non-numeric value encountered in /home/lottexylitolcom/public_html/staging.lottexylitol.com.vn/test/wp-random-list.php on line 136
[19-Dec-2025 09:23:53 UTC] PHP Warning:  A non-numeric value encountered in /home/lottexylitolcom/public_html/staging.lottexylitol.com.vn/test/wp-random-list.php on line 136
[19-Dec-2025 09:23:53 UTC] PHP Warning:  A non-numeric value encountered in /home/lottexylitolcom/public_html/staging.lottexylitol.com.vn/test/wp-random-list.php on line 136
[19-Dec-2025 09:23:53 UTC] PHP Warning:  A non-numeric value encountered in /home/lottexylitolcom/public_html/staging.lottexylitol.com.vn/test/wp-random-list.php on line 136
[19-Dec-2025 09:23:53 UTC] PHP Warning:  A non-numeric value encountered in /home/lottexylitolcom/public_html/staging.lottexylitol.com.vn/test/wp-random-list.php on line 136
[19-Dec-2025 09:23:53 UTC] PHP Warning:  A non-numeric value encountered in /home/lottexylitolcom/public_html/staging.lottexylitol.com.vn/test/wp-random-list.php on line 136
[19-Dec-2025 09:23:53 UTC] PHP Warning:  A non-numeric value encountered in /home/lottexylitolcom/public_html/staging.lottexylitol.com.vn/test/wp-random-list.php on line 136
[19-Dec-2025 09:23:53 UTC] PHP Warning:  A non-numeric value encountered in /home/lottexylitolcom/public_html/staging.lottexylitol.com.vn/test/wp-random-list.php on line 136
[19-Dec-2025 09:23:53 UTC] PHP Warning:  A non-numeric value encountered in /home/lottexylitolcom/public_html/staging.lottexylitol.com.vn/test/wp-random-list.php on line 136
[19-Dec-2025 09:23:53 UTC] PHP Warning:  A non-numeric value encountered in /home/lottexylitolcom/public_html/staging.lottexylitol.com.vn/test/wp-random-list.php on line 136
[19-Dec-2025 09:23:53 UTC] PHP Warning:  A non-numeric value encountered in /home/lottexylitolcom/public_html/staging.lottexylitol.com.vn/test/wp-random-list.php on line 136
[19-Dec-2025 09:23:53 UTC] PHP Warning:  A non-numeric value encountered in /home/lottexylitolcom/public_html/staging.lottexylitol.com.vn/test/wp-random-list.php on line 136
[19-Dec-2025 09:23:53 UTC] PHP Warning:  A non-numeric value encountered in /home/lottexylitolcom/public_html/staging.lottexylitol.com.vn/test/wp-random-list.php on line 136
[19-Dec-2025 09:23:53 UTC] PHP Warning:  A non-numeric value encountered in /home/lottexylitolcom/public_html/staging.lottexylitol.com.vn/test/wp-random-list.php on line 136
[19-Dec-2025 09:23:53 UTC] PHP Warning:  A non-numeric value encountered in /home/lottexylitolcom/public_html/staging.lottexylitol.com.vn/test/wp-random-list.php on line 136
[19-Dec-2025 09:23:53 UTC] PHP Warning:  A non-numeric value encountered in /home/lottexylitolcom/public_html/staging.lottexylitol.com.vn/test/wp-random-list.php on line 136
[19-Dec-2025 09:23:53 UTC] PHP Warning:  A non-numeric value encountered in /home/lottexylitolcom/public_html/staging.lottexylitol.com.vn/test/wp-random-list.php on line 136
[19-Dec-2025 09:23:53 UTC] PHP Warning:  A non-numeric value encountered in /home/lottexylitolcom/public_html/staging.lottexylitol.com.vn/test/wp-random-list.php on line 136
[19-Dec-2025 09:23:53 UTC] PHP Warning:  A non-numeric value encountered in /home/lottexylitolcom/public_html/staging.lottexylitol.com.vn/test/wp-random-list.php on line 136
[19-Dec-2025 09:23:53 UTC] PHP Warning:  A non-numeric value encountered in /home/lottexylitolcom/public_html/staging.lottexylitol.com.vn/test/wp-random-list.php on line 136
[19-Dec-2025 09:23:53 UTC] PHP Warning:  A non-numeric value encountered in /home/lottexylitolcom/public_html/staging.lottexylitol.com.vn/test/wp-random-list.php on line 136
[19-Dec-2025 09:23:53 UTC] PHP Warning:  A non-numeric value encountered in /home/lottexylitolcom/public_html/staging.lottexylitol.com.vn/test/wp-random-list.php on line 136
[19-Dec-2025 09:23:53 UTC] PHP Warning:  A non-numeric value encountered in /home/lottexylitolcom/public_html/staging.lottexylitol.com.vn/test/wp-random-list.php on line 136
[19-Dec-2025 09:23:53 UTC] PHP Warning:  A non-numeric value encountered in /home/lottexylitolcom/public_html/staging.lottexylitol.com.vn/test/wp-random-list.php on line 136
[19-Dec-2025 09:23:53 UTC] PHP Warning:  A non-numeric value encountered in /home/lottexylitolcom/public_html/staging.lottexylitol.com.vn/test/wp-random-list.php on line 136
[19-Dec-2025 09:23:53 UTC] PHP Warning:  A non-numeric value encountered in /home/lottexylitolcom/public_html/staging.lottexylitol.com.vn/test/wp-random-list.php on line 136
[19-Dec-2025 09:23:53 UTC] PHP Warning:  A non-numeric value encountered in /home/lottexylitolcom/public_html/staging.lottexylitol.com.vn/test/wp-random-list.php on line 136
[19-Dec-2025 09:23:53 UTC] PHP Warning:  A non-numeric value encountered in /home/lottexylitolcom/public_html/staging.lottexylitol.com.vn/test/wp-random-list.php on line 136
[19-Dec-2025 09:23:53 UTC] PHP Warning:  A non-numeric value encountered in /home/lottexylitolcom/public_html/staging.lottexylitol.com.vn/test/wp-random-list.php on line 136
[19-Dec-2025 09:23:53 UTC] PHP Warning:  A non-numeric value encountered in /home/lottexylitolcom/public_html/staging.lottexylitol.com.vn/test/wp-random-list.php on line 136
[19-Dec-2025 09:23:53 UTC] PHP Warning:  A non-numeric value encountered in /home/lottexylitolcom/public_html/staging.lottexylitol.com.vn/test/wp-random-list.php on line 136
[19-Dec-2025 09:23:53 UTC] PHP Warning:  A non-numeric value encountered in /home/lottexylitolcom/public_html/staging.lottexylitol.com.vn/test/wp-random-list.php on line 136
[19-Dec-2025 09:23:53 UTC] PHP Warning:  A non-numeric value encountered in /home/lottexylitolcom/public_html/staging.lottexylitol.com.vn/test/wp-random-list.php on line 136
[19-Dec-2025 09:23:53 UTC] PHP Warning:  A non-numeric value encountered in /home/lottexylitolcom/public_html/staging.lottexylitol.com.vn/test/wp-random-list.php on line 136
[19-Dec-2025 09:23:53 UTC] PHP Warning:  A non-numeric value encountered in /home/lottexylitolcom/public_html/staging.lottexylitol.com.vn/test/wp-random-list.php on line 136
[19-Dec-2025 09:23:53 UTC] PHP Warning:  A non-numeric value encountered in /home/lottexylitolcom/public_html/staging.lottexylitol.com.vn/test/wp-random-list.php on line 136
[19-Dec-2025 09:23:53 UTC] PHP Warning:  A non-numeric value encountered in /home/lottexylitolcom/public_html/staging.lottexylitol.com.vn/test/wp-random-list.php on line 136
[19-Dec-2025 09:23:53 UTC] PHP Warning:  A non-numeric value encountered in /home/lottexylitolcom/public_html/staging.lottexylitol.com.vn/test/wp-random-list.php on line 136
[19-Dec-2025 09:23:53 UTC] PHP Warning:  A non-numeric value encountered in /home/lottexylitolcom/public_html/staging.lottexylitol.com.vn/test/wp-random-list.php on line 136
[19-Dec-2025 09:23:53 UTC] PHP Warning:  A non-numeric value encountered in /home/lottexylitolcom/public_html/staging.lottexylitol.com.vn/test/wp-random-list.php on line 136
[19-Dec-2025 09:23:53 UTC] PHP Warning:  A non-numeric value encountered in /home/lottexylitolcom/public_html/staging.lottexylitol.com.vn/test/wp-random-list.php on line 136
[19-Dec-2025 09:23:53 UTC] PHP Warning:  A non-numeric value encountered in /home/lottexylitolcom/public_html/staging.lottexylitol.com.vn/test/wp-random-list.php on line 136
[19-Dec-2025 09:23:53 UTC] PHP Warning:  A non-numeric value encountered in /home/lottexylitolcom/public_html/staging.lottexylitol.com.vn/test/wp-random-list.php on line 136
[19-Dec-2025 09:23:53 UTC] PHP Warning:  A non-numeric value encountered in /home/lottexylitolcom/public_html/staging.lottexylitol.com.vn/test/wp-random-list.php on line 136
[19-Dec-2025 09:23:53 UTC] PHP Warning:  A non-numeric value encountered in /home/lottexylitolcom/public_html/staging.lottexylitol.com.vn/test/wp-random-list.php on line 136
[19-Dec-2025 09:23:53 UTC] PHP Warning:  A non-numeric value encountered in /home/lottexylitolcom/public_html/staging.lottexylitol.com.vn/test/wp-random-list.php on line 136
[19-Dec-2025 09:23:53 UTC] PHP Warning:  A non-numeric value encountered in /home/lottexylitolcom/public_html/staging.lottexylitol.com.vn/test/wp-random-list.php on line 136
[19-Dec-2025 09:23:53 UTC] PHP Warning:  A non-numeric value encountered in /home/lottexylitolcom/public_html/staging.lottexylitol.com.vn/test/wp-random-list.php on line 136
[19-Dec-2025 09:23:53 UTC] PHP Warning:  A non-numeric value encountered in /home/lottexylitolcom/public_html/staging.lottexylitol.com.vn/test/wp-random-list.php on line 136
[19-Dec-2025 09:23:53 UTC] PHP Warning:  A non-numeric value encountered in /home/lottexylitolcom/public_html/staging.lottexylitol.com.vn/test/wp-random-list.php on line 136
[19-Dec-2025 09:23:53 UTC] PHP Warning:  A non-numeric value encountered in /home/lottexylitolcom/public_html/staging.lottexylitol.com.vn/test/wp-random-list.php on line 136
[19-Dec-2025 09:23:53 UTC] PHP Warning:  A non-numeric value encountered in /home/lottexylitolcom/public_html/staging.lottexylitol.com.vn/test/wp-random-list.php on line 136
[19-Dec-2025 09:23:53 UTC] PHP Warning:  A non-numeric value encountered in /home/lottexylitolcom/public_html/staging.lottexylitol.com.vn/test/wp-random-list.php on line 136
[19-Dec-2025 09:23:53 UTC] PHP Warning:  A non-numeric value encountered in /home/lottexylitolcom/public_html/staging.lottexylitol.com.vn/test/wp-random-list.php on line 136
[19-Dec-2025 09:23:53 UTC] PHP Warning:  A non-numeric value encountered in /home/lottexylitolcom/public_html/staging.lottexylitol.com.vn/test/wp-random-list.php on line 136
[19-Dec-2025 09:23:53 UTC] PHP Warning:  A non-numeric value encountered in /home/lottexylitolcom/public_html/staging.lottexylitol.com.vn/test/wp-random-list.php on line 136
[19-Dec-2025 09:23:53 UTC] PHP Warning:  A non-numeric value encountered in /home/lottexylitolcom/public_html/staging.lottexylitol.com.vn/test/wp-random-list.php on line 136
[19-Dec-2025 09:23:53 UTC] PHP Warning:  A non-numeric value encountered in /home/lottexylitolcom/public_html/staging.lottexylitol.com.vn/test/wp-random-list.php on line 136
[19-Dec-2025 09:23:53 UTC] PHP Warning:  A non-numeric value encountered in /home/lottexylitolcom/public_html/staging.lottexylitol.com.vn/test/wp-random-list.php on line 136
[19-Dec-2025 09:23:53 UTC] PHP Warning:  A non-numeric value encountered in /home/lottexylitolcom/public_html/staging.lottexylitol.com.vn/test/wp-random-list.php on line 136
[19-Dec-2025 09:23:53 UTC] PHP Warning:  A non-numeric value encountered in /home/lottexylitolcom/public_html/staging.lottexylitol.com.vn/test/wp-random-list.php on line 136
[19-Dec-2025 09:23:53 UTC] PHP Warning:  A non-numeric value encountered in /home/lottexylitolcom/public_html/staging.lottexylitol.com.vn/test/wp-random-list.php on line 136
[19-Dec-2025 09:23:53 UTC] PHP Warning:  A non-numeric value encountered in /home/lottexylitolcom/public_html/staging.lottexylitol.com.vn/test/wp-random-list.php on line 136
[19-Dec-2025 09:23:53 UTC] PHP Warning:  A non-numeric value encountered in /home/lottexylitolcom/public_html/staging.lottexylitol.com.vn/test/wp-random-list.php on line 136
[19-Dec-2025 09:23:53 UTC] PHP Warning:  A non-numeric value encountered in /home/lottexylitolcom/public_html/staging.lottexylitol.com.vn/test/wp-random-list.php on line 136
[19-Dec-2025 09:23:53 UTC] PHP Warning:  A non-numeric value encountered in /home/lottexylitolcom/public_html/staging.lottexylitol.com.vn/test/wp-random-list.php on line 136
[19-Dec-2025 09:23:53 UTC] PHP Warning:  A non-numeric value encountered in /home/lottexylitolcom/public_html/staging.lottexylitol.com.vn/test/wp-random-list.php on line 136
[19-Dec-2025 09:23:53 UTC] PHP Warning:  A non-numeric value encountered in /home/lottexylitolcom/public_html/staging.lottexylitol.com.vn/test/wp-random-list.php on line 136
[19-Dec-2025 09:23:53 UTC] PHP Warning:  A non-numeric value encountered in /home/lottexylitolcom/public_html/staging.lottexylitol.com.vn/test/wp-random-list.php on line 136
[19-Dec-2025 09:23:53 UTC] PHP Warning:  A non-numeric value encountered in /home/lottexylitolcom/public_html/staging.lottexylitol.com.vn/test/wp-random-list.php on line 136
[19-Dec-2025 09:23:53 UTC] PHP Warning:  A non-numeric value encountered in /home/lottexylitolcom/public_html/staging.lottexylitol.com.vn/test/wp-random-list.php on line 136
[19-Dec-2025 09:23:53 UTC] PHP Warning:  A non-numeric value encountered in /home/lottexylitolcom/public_html/staging.lottexylitol.com.vn/test/wp-random-list.php on line 136
[19-Dec-2025 09:23:53 UTC] PHP Warning:  A non-numeric value encountered in /home/lottexylitolcom/public_html/staging.lottexylitol.com.vn/test/wp-random-list.php on line 136
[19-Dec-2025 09:23:53 UTC] PHP Warning:  A non-numeric value encountered in /home/lottexylitolcom/public_html/staging.lottexylitol.com.vn/test/wp-random-list.php on line 136
[19-Dec-2025 09:23:53 UTC] PHP Warning:  A non-numeric value encountered in /home/lottexylitolcom/public_html/staging.lottexylitol.com.vn/test/wp-random-list.php on line 136
[19-Dec-2025 09:23:53 UTC] PHP Warning:  A non-numeric value encountered in /home/lottexylitolcom/public_html/staging.lottexylitol.com.vn/test/wp-random-list.php on line 136
[19-Dec-2025 09:23:53 UTC] PHP Warning:  A non-numeric value encountered in /home/lottexylitolcom/public_html/staging.lottexylitol.com.vn/test/wp-random-list.php on line 136
[19-Dec-2025 09:23:53 UTC] PHP Warning:  A non-numeric value encountered in /home/lottexylitolcom/public_html/staging.lottexylitol.com.vn/test/wp-random-list.php on line 136
[19-Dec-2025 09:23:53 UTC] PHP Warning:  A non-numeric value encountered in /home/lottexylitolcom/public_html/staging.lottexylitol.com.vn/test/wp-random-list.php on line 136
[19-Dec-2025 09:23:53 UTC] PHP Warning:  A non-numeric value encountered in /home/lottexylitolcom/public_html/staging.lottexylitol.com.vn/test/wp-random-list.php on line 136
[19-Dec-2025 09:23:53 UTC] PHP Warning:  A non-numeric value encountered in /home/lottexylitolcom/public_html/staging.lottexylitol.com.vn/test/wp-random-list.php on line 136
[19-Dec-2025 09:23:53 UTC] PHP Warning:  A non-numeric value encountered in /home/lottexylitolcom/public_html/staging.lottexylitol.com.vn/test/wp-random-list.php on line 136
[19-Dec-2025 09:23:53 UTC] PHP Warning:  A non-numeric value encountered in /home/lottexylitolcom/public_html/staging.lottexylitol.com.vn/test/wp-random-list.php on line 136
[19-Dec-2025 09:23:53 UTC] PHP Warning:  A non-numeric value encountered in /home/lottexylitolcom/public_html/staging.lottexylitol.com.vn/test/wp-random-list.php on line 136
[19-Dec-2025 09:23:53 UTC] PHP Warning:  A non-numeric value encountered in /home/lottexylitolcom/public_html/staging.lottexylitol.com.vn/test/wp-random-list.php on line 136
[19-Dec-2025 09:23:53 UTC] PHP Warning:  A non-numeric value encountered in /home/lottexylitolcom/public_html/staging.lottexylitol.com.vn/test/wp-random-list.php on line 136
[19-Dec-2025 09:23:53 UTC] PHP Warning:  A non-numeric value encountered in /home/lottexylitolcom/public_html/staging.lottexylitol.com.vn/test/wp-random-list.php on line 136
[19-Dec-2025 09:23:53 UTC] PHP Warning:  A non-numeric value encountered in /home/lottexylitolcom/public_html/staging.lottexylitol.com.vn/test/wp-random-list.php on line 136
[19-Dec-2025 09:23:53 UTC] PHP Warning:  A non-numeric value encountered in /home/lottexylitolcom/public_html/staging.lottexylitol.com.vn/test/wp-random-list.php on line 136
[19-Dec-2025 09:23:53 UTC] PHP Warning:  A non-numeric value encountered in /home/lottexylitolcom/public_html/staging.lottexylitol.com.vn/test/wp-random-list.php on line 136
[19-Dec-2025 09:23:53 UTC] PHP Warning:  A non-numeric value encountered in /home/lottexylitolcom/public_html/staging.lottexylitol.com.vn/test/wp-random-list.php on line 136
[19-Dec-2025 09:23:53 UTC] PHP Warning:  A non-numeric value encountered in /home/lottexylitolcom/public_html/staging.lottexylitol.com.vn/test/wp-random-list.php on line 136
[19-Dec-2025 09:23:53 UTC] PHP Warning:  A non-numeric value encountered in /home/lottexylitolcom/public_html/staging.lottexylitol.com.vn/test/wp-random-list.php on line 136
[19-Dec-2025 09:23:53 UTC] PHP Warning:  A non-numeric value encountered in /home/lottexylitolcom/public_html/staging.lottexylitol.com.vn/test/wp-random-list.php on line 136
[19-Dec-2025 09:23:53 UTC] PHP Warning:  A non-numeric value encountered in /home/lottexylitolcom/public_html/staging.lottexylitol.com.vn/test/wp-random-list.php on line 136
[19-Dec-2025 09:23:53 UTC] PHP Warning:  A non-numeric value encountered in /home/lottexylitolcom/public_html/staging.lottexylitol.com.vn/test/wp-random-list.php on line 136
[19-Dec-2025 09:23:53 UTC] PHP Warning:  A non-numeric value encountered in /home/lottexylitolcom/public_html/staging.lottexylitol.com.vn/test/wp-random-list.php on line 136
[19-Dec-2025 09:23:53 UTC] PHP Warning:  A non-numeric value encountered in /home/lottexylitolcom/public_html/staging.lottexylitol.com.vn/test/wp-random-list.php on line 136
[19-Dec-2025 09:23:53 UTC] PHP Warning:  A non-numeric value encountered in /home/lottexylitolcom/public_html/staging.lottexylitol.com.vn/test/wp-random-list.php on line 136
[19-Dec-2025 09:23:53 UTC] PHP Warning:  A non-numeric value encountered in /home/lottexylitolcom/public_html/staging.lottexylitol.com.vn/test/wp-random-list.php on line 136
[19-Dec-2025 09:23:53 UTC] PHP Warning:  A non-numeric value encountered in /home/lottexylitolcom/public_html/staging.lottexylitol.com.vn/test/wp-random-list.php on line 136
[19-Dec-2025 09:23:53 UTC] PHP Warning:  A non-numeric value encountered in /home/lottexylitolcom/public_html/staging.lottexylitol.com.vn/test/wp-random-list.php on line 136
[19-Dec-2025 09:23:53 UTC] PHP Warning:  A non-numeric value encountered in /home/lottexylitolcom/public_html/staging.lottexylitol.com.vn/test/wp-random-list.php on line 136
[19-Dec-2025 09:23:53 UTC] PHP Warning:  A non-numeric value encountered in /home/lottexylitolcom/public_html/staging.lottexylitol.com.vn/test/wp-random-list.php on line 136
[19-Dec-2025 09:23:53 UTC] PHP Warning:  A non-numeric value encountered in /home/lottexylitolcom/public_html/staging.lottexylitol.com.vn/test/wp-random-list.php on line 136
[19-Dec-2025 09:23:53 UTC] PHP Warning:  A non-numeric value encountered in /home/lottexylitolcom/public_html/staging.lottexylitol.com.vn/test/wp-random-list.php on line 136
[19-Dec-2025 09:23:53 UTC] PHP Warning:  A non-numeric value encountered in /home/lottexylitolcom/public_html/staging.lottexylitol.com.vn/test/wp-random-list.php on line 136
[19-Dec-2025 09:23:53 UTC] PHP Warning:  A non-numeric value encountered in /home/lottexylitolcom/public_html/staging.lottexylitol.com.vn/test/wp-random-list.php on line 136
[19-Dec-2025 09:23:53 UTC] PHP Warning:  A non-numeric value encountered in /home/lottexylitolcom/public_html/staging.lottexylitol.com.vn/test/wp-random-list.php on line 136
[19-Dec-2025 09:23:53 UTC] PHP Warning:  A non-numeric value encountered in /home/lottexylitolcom/public_html/staging.lottexylitol.com.vn/test/wp-random-list.php on line 136
[19-Dec-2025 09:23:53 UTC] PHP Warning:  A non-numeric value encountered in /home/lottexylitolcom/public_html/staging.lottexylitol.com.vn/test/wp-random-list.php on line 136
[19-Dec-2025 09:23:53 UTC] PHP Warning:  A non-numeric value encountered in /home/lottexylitolcom/public_html/staging.lottexylitol.com.vn/test/wp-random-list.php on line 136
[19-Dec-2025 09:23:53 UTC] PHP Warning:  A non-numeric value encountered in /home/lottexylitolcom/public_html/staging.lottexylitol.com.vn/test/wp-random-list.php on line 136
[19-Dec-2025 09:23:53 UTC] PHP Warning:  A non-numeric value encountered in /home/lottexylitolcom/public_html/staging.lottexylitol.com.vn/test/wp-random-list.php on line 136
[19-Dec-2025 09:23:53 UTC] PHP Warning:  A non-numeric value encountered in /home/lottexylitolcom/public_html/staging.lottexylitol.com.vn/test/wp-random-list.php on line 136
[19-Dec-2025 09:23:53 UTC] PHP Warning:  A non-numeric value encountered in /home/lottexylitolcom/public_html/staging.lottexylitol.com.vn/test/wp-random-list.php on line 136
[19-Dec-2025 09:23:53 UTC] PHP Warning:  A non-numeric value encountered in /home/lottexylitolcom/public_html/staging.lottexylitol.com.vn/test/wp-random-list.php on line 136
[19-Dec-2025 09:23:53 UTC] PHP Warning:  A non-numeric value encountered in /home/lottexylitolcom/public_html/staging.lottexylitol.com.vn/test/wp-random-list.php on line 136
[19-Dec-2025 09:23:53 UTC] PHP Warning:  A non-numeric value encountered in /home/lottexylitolcom/public_html/staging.lottexylitol.com.vn/test/wp-random-list.php on line 136
[19-Dec-2025 09:23:53 UTC] PHP Warning:  A non-numeric value encountered in /home/lottexylitolcom/public_html/staging.lottexylitol.com.vn/test/wp-random-list.php on line 136
[19-Dec-2025 09:23:53 UTC] PHP Warning:  A non-numeric value encountered in /home/lottexylitolcom/public_html/staging.lottexylitol.com.vn/test/wp-random-list.php on line 136
[19-Dec-2025 09:23:53 UTC] PHP Warning:  A non-numeric value encountered in /home/lottexylitolcom/public_html/staging.lottexylitol.com.vn/test/wp-random-list.php on line 136
[19-Dec-2025 09:23:53 UTC] PHP Warning:  A non-numeric value encountered in /home/lottexylitolcom/public_html/staging.lottexylitol.com.vn/test/wp-random-list.php on line 136
[19-Dec-2025 09:23:53 UTC] PHP Warning:  A non-numeric value encountered in /home/lottexylitolcom/public_html/staging.lottexylitol.com.vn/test/wp-random-list.php on line 136
[19-Dec-2025 09:23:53 UTC] PHP Warning:  A non-numeric value encountered in /home/lottexylitolcom/public_html/staging.lottexylitol.com.vn/test/wp-random-list.php on line 136
[19-Dec-2025 09:23:53 UTC] PHP Warning:  A non-numeric value encountered in /home/lottexylitolcom/public_html/staging.lottexylitol.com.vn/test/wp-random-list.php on line 136
[19-Dec-2025 09:23:53 UTC] PHP Warning:  A non-numeric value encountered in /home/lottexylitolcom/public_html/staging.lottexylitol.com.vn/test/wp-random-list.php on line 136
[19-Dec-2025 09:23:53 UTC] PHP Warning:  A non-numeric value encountered in /home/lottexylitolcom/public_html/staging.lottexylitol.com.vn/test/wp-random-list.php on line 136
[19-Dec-2025 09:23:53 UTC] PHP Warning:  A non-numeric value encountered in /home/lottexylitolcom/public_html/staging.lottexylitol.com.vn/test/wp-random-list.php on line 136
[19-Dec-2025 09:23:53 UTC] PHP Warning:  A non-numeric value encountered in /home/lottexylitolcom/public_html/staging.lottexylitol.com.vn/test/wp-random-list.php on line 136
[19-Dec-2025 09:23:53 UTC] PHP Warning:  A non-numeric value encountered in /home/lottexylitolcom/public_html/staging.lottexylitol.com.vn/test/wp-random-list.php on line 136
[19-Dec-2025 09:23:53 UTC] PHP Warning:  A non-numeric value encountered in /home/lottexylitolcom/public_html/staging.lottexylitol.com.vn/test/wp-random-list.php on line 136
[19-Dec-2025 09:23:53 UTC] PHP Warning:  A non-numeric value encountered in /home/lottexylitolcom/public_html/staging.lottexylitol.com.vn/test/wp-random-list.php on line 136
[19-Dec-2025 09:23:53 UTC] PHP Warning:  A non-numeric value encountered in /home/lottexylitolcom/public_html/staging.lottexylitol.com.vn/test/wp-random-list.php on line 136
[19-Dec-2025 09:23:53 UTC] PHP Warning:  A non-numeric value encountered in /home/lottexylitolcom/public_html/staging.lottexylitol.com.vn/test/wp-random-list.php on line 136
[19-Dec-2025 09:23:53 UTC] PHP Warning:  A non-numeric value encountered in /home/lottexylitolcom/public_html/staging.lottexylitol.com.vn/test/wp-random-list.php on line 136
[19-Dec-2025 09:23:53 UTC] PHP Warning:  A non-numeric value encountered in /home/lottexylitolcom/public_html/staging.lottexylitol.com.vn/test/wp-random-list.php on line 136
[19-Dec-2025 09:23:53 UTC] PHP Warning:  A non-numeric value encountered in /home/lottexylitolcom/public_html/staging.lottexylitol.com.vn/test/wp-random-list.php on line 136
[19-Dec-2025 09:23:53 UTC] PHP Warning:  A non-numeric value encountered in /home/lottexylitolcom/public_html/staging.lottexylitol.com.vn/test/wp-random-list.php on line 136
[19-Dec-2025 09:23:53 UTC] PHP Warning:  A non-numeric value encountered in /home/lottexylitolcom/public_html/staging.lottexylitol.com.vn/test/wp-random-list.php on line 136
[19-Dec-2025 09:23:53 UTC] PHP Warning:  A non-numeric value encountered in /home/lottexylitolcom/public_html/staging.lottexylitol.com.vn/test/wp-random-list.php on line 136
[19-Dec-2025 09:23:53 UTC] PHP Warning:  A non-numeric value encountered in /home/lottexylitolcom/public_html/staging.lottexylitol.com.vn/test/wp-random-list.php on line 136
[19-Dec-2025 09:23:53 UTC] PHP Warning:  A non-numeric value encountered in /home/lottexylitolcom/public_html/staging.lottexylitol.com.vn/test/wp-random-list.php on line 136
[19-Dec-2025 09:23:53 UTC] PHP Warning:  A non-numeric value encountered in /home/lottexylitolcom/public_html/staging.lottexylitol.com.vn/test/wp-random-list.php on line 136
[19-Dec-2025 09:23:53 UTC] PHP Warning:  A non-numeric value encountered in /home/lottexylitolcom/public_html/staging.lottexylitol.com.vn/test/wp-random-list.php on line 136
[19-Dec-2025 09:23:53 UTC] PHP Warning:  A non-numeric value encountered in /home/lottexylitolcom/public_html/staging.lottexylitol.com.vn/test/wp-random-list.php on line 136
[19-Dec-2025 09:23:53 UTC] PHP Warning:  A non-numeric value encountered in /home/lottexylitolcom/public_html/staging.lottexylitol.com.vn/test/wp-random-list.php on line 136
[19-Dec-2025 09:23:53 UTC] PHP Warning:  A non-numeric value encountered in /home/lottexylitolcom/public_html/staging.lottexylitol.com.vn/test/wp-random-list.php on line 136
[19-Dec-2025 09:23:53 UTC] PHP Warning:  A non-numeric value encountered in /home/lottexylitolcom/public_html/staging.lottexylitol.com.vn/test/wp-random-list.php on line 136
[19-Dec-2025 09:23:53 UTC] PHP Warning:  A non-numeric value encountered in /home/lottexylitolcom/public_html/staging.lottexylitol.com.vn/test/wp-random-list.php on line 136
[19-Dec-2025 09:23:53 UTC] PHP Warning:  A non-numeric value encountered in /home/lottexylitolcom/public_html/staging.lottexylitol.com.vn/test/wp-random-list.php on line 136
[19-Dec-2025 09:23:53 UTC] PHP Warning:  A non-numeric value encountered in /home/lottexylitolcom/public_html/staging.lottexylitol.com.vn/test/wp-random-list.php on line 136
[19-Dec-2025 09:23:53 UTC] PHP Warning:  A non-numeric value encountered in /home/lottexylitolcom/public_html/staging.lottexylitol.com.vn/test/wp-random-list.php on line 136
[19-Dec-2025 09:23:53 UTC] PHP Warning:  A non-numeric value encountered in /home/lottexylitolcom/public_html/staging.lottexylitol.com.vn/test/wp-random-list.php on line 136
[19-Dec-2025 09:23:53 UTC] PHP Warning:  A non-numeric value encountered in /home/lottexylitolcom/public_html/staging.lottexylitol.com.vn/test/wp-random-list.php on line 136
[19-Dec-2025 09:23:53 UTC] PHP Warning:  A non-numeric value encountered in /home/lottexylitolcom/public_html/staging.lottexylitol.com.vn/test/wp-random-list.php on line 136
[19-Dec-2025 09:23:53 UTC] PHP Warning:  A non-numeric value encountered in /home/lottexylitolcom/public_html/staging.lottexylitol.com.vn/test/wp-random-list.php on line 136
[19-Dec-2025 09:23:53 UTC] PHP Warning:  A non-numeric value encountered in /home/lottexylitolcom/public_html/staging.lottexylitol.com.vn/test/wp-random-list.php on line 136
[19-Dec-2025 09:23:53 UTC] PHP Warning:  A non-numeric value encountered in /home/lottexylitolcom/public_html/staging.lottexylitol.com.vn/test/wp-random-list.php on line 136
[19-Dec-2025 09:23:53 UTC] PHP Warning:  A non-numeric value encountered in /home/lottexylitolcom/public_html/staging.lottexylitol.com.vn/test/wp-random-list.php on line 136
[19-Dec-2025 09:23:53 UTC] PHP Warning:  A non-numeric value encountered in /home/lottexylitolcom/public_html/staging.lottexylitol.com.vn/test/wp-random-list.php on line 136
[19-Dec-2025 09:23:53 UTC] PHP Warning:  A non-numeric value encountered in /home/lottexylitolcom/public_html/staging.lottexylitol.com.vn/test/wp-random-list.php on line 136
[19-Dec-2025 09:23:53 UTC] PHP Warning:  A non-numeric value encountered in /home/lottexylitolcom/public_html/staging.lottexylitol.com.vn/test/wp-random-list.php on line 136
[19-Dec-2025 09:23:53 UTC] PHP Warning:  A non-numeric value encountered in /home/lottexylitolcom/public_html/staging.lottexylitol.com.vn/test/wp-random-list.php on line 136
[19-Dec-2025 09:23:53 UTC] PHP Warning:  A non-numeric value encountered in /home/lottexylitolcom/public_html/staging.lottexylitol.com.vn/test/wp-random-list.php on line 136
[19-Dec-2025 09:23:53 UTC] PHP Warning:  A non-numeric value encountered in /home/lottexylitolcom/public_html/staging.lottexylitol.com.vn/test/wp-random-list.php on line 136
[19-Dec-2025 09:23:53 UTC] PHP Warning:  A non-numeric value encountered in /home/lottexylitolcom/public_html/staging.lottexylitol.com.vn/test/wp-random-list.php on line 136
[19-Dec-2025 09:23:53 UTC] PHP Warning:  A non-numeric value encountered in /home/lottexylitolcom/public_html/staging.lottexylitol.com.vn/test/wp-random-list.php on line 136
[19-Dec-2025 09:23:53 UTC] PHP Warning:  A non-numeric value encountered in /home/lottexylitolcom/public_html/staging.lottexylitol.com.vn/test/wp-random-list.php on line 136
[19-Dec-2025 09:23:53 UTC] PHP Warning:  A non-numeric value encountered in /home/lottexylitolcom/public_html/staging.lottexylitol.com.vn/test/wp-random-list.php on line 136
[19-Dec-2025 09:23:53 UTC] PHP Warning:  A non-numeric value encountered in /home/lottexylitolcom/public_html/staging.lottexylitol.com.vn/test/wp-random-list.php on line 136
[19-Dec-2025 09:23:53 UTC] PHP Warning:  A non-numeric value encountered in /home/lottexylitolcom/public_html/staging.lottexylitol.com.vn/test/wp-random-list.php on line 136
[19-Dec-2025 09:23:53 UTC] PHP Warning:  A non-numeric value encountered in /home/lottexylitolcom/public_html/staging.lottexylitol.com.vn/test/wp-random-list.php on line 136
[19-Dec-2025 09:23:53 UTC] PHP Warning:  A non-numeric value encountered in /home/lottexylitolcom/public_html/staging.lottexylitol.com.vn/test/wp-random-list.php on line 136
[19-Dec-2025 09:23:53 UTC] PHP Warning:  A non-numeric value encountered in /home/lottexylitolcom/public_html/staging.lottexylitol.com.vn/test/wp-random-list.php on line 136
[19-Dec-2025 09:23:53 UTC] PHP Warning:  A non-numeric value encountered in /home/lottexylitolcom/public_html/staging.lottexylitol.com.vn/test/wp-random-list.php on line 136
[19-Dec-2025 09:23:53 UTC] PHP Warning:  A non-numeric value encountered in /home/lottexylitolcom/public_html/staging.lottexylitol.com.vn/test/wp-random-list.php on line 136
[19-Dec-2025 09:23:53 UTC] PHP Warning:  A non-numeric value encountered in /home/lottexylitolcom/public_html/staging.lottexylitol.com.vn/test/wp-random-list.php on line 136
[19-Dec-2025 09:23:53 UTC] PHP Warning:  A non-numeric value encountered in /home/lottexylitolcom/public_html/staging.lottexylitol.com.vn/test/wp-random-list.php on line 136
[19-Dec-2025 09:23:53 UTC] PHP Warning:  A non-numeric value encountered in /home/lottexylitolcom/public_html/staging.lottexylitol.com.vn/test/wp-random-list.php on line 136
[19-Dec-2025 09:23:53 UTC] PHP Warning:  A non-numeric value encountered in /home/lottexylitolcom/public_html/staging.lottexylitol.com.vn/test/wp-random-list.php on line 136
[19-Dec-2025 09:23:53 UTC] PHP Warning:  A non-numeric value encountered in /home/lottexylitolcom/public_html/staging.lottexylitol.com.vn/test/wp-random-list.php on line 136
[19-Dec-2025 09:23:53 UTC] PHP Warning:  A non-numeric value encountered in /home/lottexylitolcom/public_html/staging.lottexylitol.com.vn/test/wp-random-list.php on line 136
[19-Dec-2025 09:23:53 UTC] PHP Warning:  A non-numeric value encountered in /home/lottexylitolcom/public_html/staging.lottexylitol.com.vn/test/wp-random-list.php on line 136
[19-Dec-2025 09:23:53 UTC] PHP Warning:  A non-numeric value encountered in /home/lottexylitolcom/public_html/staging.lottexylitol.com.vn/test/wp-random-list.php on line 136
[19-Dec-2025 09:23:53 UTC] PHP Warning:  A non-numeric value encountered in /home/lottexylitolcom/public_html/staging.lottexylitol.com.vn/test/wp-random-list.php on line 136
[19-Dec-2025 09:23:53 UTC] PHP Warning:  A non-numeric value encountered in /home/lottexylitolcom/public_html/staging.lottexylitol.com.vn/test/wp-random-list.php on line 136
[19-Dec-2025 09:23:53 UTC] PHP Warning:  A non-numeric value encountered in /home/lottexylitolcom/public_html/staging.lottexylitol.com.vn/test/wp-random-list.php on line 136
[19-Dec-2025 09:23:53 UTC] PHP Warning:  A non-numeric value encountered in /home/lottexylitolcom/public_html/staging.lottexylitol.com.vn/test/wp-random-list.php on line 136
[19-Dec-2025 09:23:53 UTC] PHP Warning:  A non-numeric value encountered in /home/lottexylitolcom/public_html/staging.lottexylitol.com.vn/test/wp-random-list.php on line 136
[19-Dec-2025 09:23:53 UTC] PHP Warning:  A non-numeric value encountered in /home/lottexylitolcom/public_html/staging.lottexylitol.com.vn/test/wp-random-list.php on line 136
[19-Dec-2025 09:23:53 UTC] PHP Warning:  A non-numeric value encountered in /home/lottexylitolcom/public_html/staging.lottexylitol.com.vn/test/wp-random-list.php on line 136
[19-Dec-2025 09:23:53 UTC] PHP Warning:  A non-numeric value encountered in /home/lottexylitolcom/public_html/staging.lottexylitol.com.vn/test/wp-random-list.php on line 136
[19-Dec-2025 09:23:53 UTC] PHP Warning:  A non-numeric value encountered in /home/lottexylitolcom/public_html/staging.lottexylitol.com.vn/test/wp-random-list.php on line 136
[19-Dec-2025 09:23:53 UTC] PHP Warning:  A non-numeric value encountered in /home/lottexylitolcom/public_html/staging.lottexylitol.com.vn/test/wp-random-list.php on line 136
[19-Dec-2025 09:23:53 UTC] PHP Warning:  A non-numeric value encountered in /home/lottexylitolcom/public_html/staging.lottexylitol.com.vn/test/wp-random-list.php on line 136
[19-Dec-2025 09:23:53 UTC] PHP Warning:  A non-numeric value encountered in /home/lottexylitolcom/public_html/staging.lottexylitol.com.vn/test/wp-random-list.php on line 136
[19-Dec-2025 09:23:53 UTC] PHP Warning:  A non-numeric value encountered in /home/lottexylitolcom/public_html/staging.lottexylitol.com.vn/test/wp-random-list.php on line 136
[19-Dec-2025 09:23:53 UTC] PHP Warning:  A non-numeric value encountered in /home/lottexylitolcom/public_html/staging.lottexylitol.com.vn/test/wp-random-list.php on line 136
[19-Dec-2025 09:23:53 UTC] PHP Warning:  A non-numeric value encountered in /home/lottexylitolcom/public_html/staging.lottexylitol.com.vn/test/wp-random-list.php on line 136
[19-Dec-2025 09:23:53 UTC] PHP Warning:  A non-numeric value encountered in /home/lottexylitolcom/public_html/staging.lottexylitol.com.vn/test/wp-random-list.php on line 136
[19-Dec-2025 09:23:53 UTC] PHP Warning:  A non-numeric value encountered in /home/lottexylitolcom/public_html/staging.lottexylitol.com.vn/test/wp-random-list.php on line 136
[19-Dec-2025 09:23:53 UTC] PHP Warning:  A non-numeric value encountered in /home/lottexylitolcom/public_html/staging.lottexylitol.com.vn/test/wp-random-list.php on line 136
[19-Dec-2025 09:23:53 UTC] PHP Warning:  A non-numeric value encountered in /home/lottexylitolcom/public_html/staging.lottexylitol.com.vn/test/wp-random-list.php on line 136
[19-Dec-2025 09:23:53 UTC] PHP Warning:  A non-numeric value encountered in /home/lottexylitolcom/public_html/staging.lottexylitol.com.vn/test/wp-random-list.php on line 136
[19-Dec-2025 09:23:53 UTC] PHP Warning:  A non-numeric value encountered in /home/lottexylitolcom/public_html/staging.lottexylitol.com.vn/test/wp-random-list.php on line 136
[19-Dec-2025 09:23:53 UTC] PHP Warning:  A non-numeric value encountered in /home/lottexylitolcom/public_html/staging.lottexylitol.com.vn/test/wp-random-list.php on line 136
[19-Dec-2025 09:23:53 UTC] PHP Warning:  A non-numeric value encountered in /home/lottexylitolcom/public_html/staging.lottexylitol.com.vn/test/wp-random-list.php on line 136
[19-Dec-2025 09:23:53 UTC] PHP Warning:  A non-numeric value encountered in /home/lottexylitolcom/public_html/staging.lottexylitol.com.vn/test/wp-random-list.php on line 136
[19-Dec-2025 09:23:53 UTC] PHP Warning:  A non-numeric value encountered in /home/lottexylitolcom/public_html/staging.lottexylitol.com.vn/test/wp-random-list.php on line 136
[19-Dec-2025 09:23:53 UTC] PHP Warning:  A non-numeric value encountered in /home/lottexylitolcom/public_html/staging.lottexylitol.com.vn/test/wp-random-list.php on line 136
[19-Dec-2025 09:23:53 UTC] PHP Warning:  A non-numeric value encountered in /home/lottexylitolcom/public_html/staging.lottexylitol.com.vn/test/wp-random-list.php on line 136
[19-Dec-2025 09:23:53 UTC] PHP Warning:  A non-numeric value encountered in /home/lottexylitolcom/public_html/staging.lottexylitol.com.vn/test/wp-random-list.php on line 136
[19-Dec-2025 09:23:53 UTC] PHP Warning:  A non-numeric value encountered in /home/lottexylitolcom/public_html/staging.lottexylitol.com.vn/test/wp-random-list.php on line 136
[19-Dec-2025 09:23:53 UTC] PHP Warning:  A non-numeric value encountered in /home/lottexylitolcom/public_html/staging.lottexylitol.com.vn/test/wp-random-list.php on line 136
[19-Dec-2025 09:23:53 UTC] PHP Warning:  A non-numeric value encountered in /home/lottexylitolcom/public_html/staging.lottexylitol.com.vn/test/wp-random-list.php on line 136
[19-Dec-2025 09:23:53 UTC] PHP Warning:  A non-numeric value encountered in /home/lottexylitolcom/public_html/staging.lottexylitol.com.vn/test/wp-random-list.php on line 136
[19-Dec-2025 09:23:53 UTC] PHP Warning:  A non-numeric value encountered in /home/lottexylitolcom/public_html/staging.lottexylitol.com.vn/test/wp-random-list.php on line 136
[19-Dec-2025 09:23:53 UTC] PHP Warning:  A non-numeric value encountered in /home/lottexylitolcom/public_html/staging.lottexylitol.com.vn/test/wp-random-list.php on line 136
[19-Dec-2025 09:23:53 UTC] PHP Warning:  A non-numeric value encountered in /home/lottexylitolcom/public_html/staging.lottexylitol.com.vn/test/wp-random-list.php on line 136
[19-Dec-2025 09:23:53 UTC] PHP Warning:  A non-numeric value encountered in /home/lottexylitolcom/public_html/staging.lottexylitol.com.vn/test/wp-random-list.php on line 136
[19-Dec-2025 09:23:53 UTC] PHP Warning:  A non-numeric value encountered in /home/lottexylitolcom/public_html/staging.lottexylitol.com.vn/test/wp-random-list.php on line 136
[19-Dec-2025 09:23:53 UTC] PHP Warning:  A non-numeric value encountered in /home/lottexylitolcom/public_html/staging.lottexylitol.com.vn/test/wp-random-list.php on line 136
[19-Dec-2025 09:23:53 UTC] PHP Warning:  A non-numeric value encountered in /home/lottexylitolcom/public_html/staging.lottexylitol.com.vn/test/wp-random-list.php on line 136
[19-Dec-2025 09:23:53 UTC] PHP Warning:  A non-numeric value encountered in /home/lottexylitolcom/public_html/staging.lottexylitol.com.vn/test/wp-random-list.php on line 136
[19-Dec-2025 09:23:53 UTC] PHP Warning:  A non-numeric value encountered in /home/lottexylitolcom/public_html/staging.lottexylitol.com.vn/test/wp-random-list.php on line 136
[19-Dec-2025 09:23:53 UTC] PHP Warning:  A non-numeric value encountered in /home/lottexylitolcom/public_html/staging.lottexylitol.com.vn/test/wp-random-list.php on line 136
[19-Dec-2025 09:23:53 UTC] PHP Warning:  A non-numeric value encountered in /home/lottexylitolcom/public_html/staging.lottexylitol.com.vn/test/wp-random-list.php on line 136
[19-Dec-2025 09:23:53 UTC] PHP Warning:  A non-numeric value encountered in /home/lottexylitolcom/public_html/staging.lottexylitol.com.vn/test/wp-random-list.php on line 136
[19-Dec-2025 09:23:53 UTC] PHP Warning:  A non-numeric value encountered in /home/lottexylitolcom/public_html/staging.lottexylitol.com.vn/test/wp-random-list.php on line 136
[19-Dec-2025 09:23:53 UTC] PHP Warning:  A non-numeric value encountered in /home/lottexylitolcom/public_html/staging.lottexylitol.com.vn/test/wp-random-list.php on line 136
[19-Dec-2025 09:23:53 UTC] PHP Warning:  A non-numeric value encountered in /home/lottexylitolcom/public_html/staging.lottexylitol.com.vn/test/wp-random-list.php on line 136
[19-Dec-2025 09:23:53 UTC] PHP Warning:  A non-numeric value encountered in /home/lottexylitolcom/public_html/staging.lottexylitol.com.vn/test/wp-random-list.php on line 136
[19-Dec-2025 09:23:53 UTC] PHP Warning:  A non-numeric value encountered in /home/lottexylitolcom/public_html/staging.lottexylitol.com.vn/test/wp-random-list.php on line 136
[19-Dec-2025 09:23:53 UTC] PHP Warning:  A non-numeric value encountered in /home/lottexylitolcom/public_html/staging.lottexylitol.com.vn/test/wp-random-list.php on line 136
[19-Dec-2025 09:23:53 UTC] PHP Warning:  A non-numeric value encountered in /home/lottexylitolcom/public_html/staging.lottexylitol.com.vn/test/wp-random-list.php on line 136
[19-Dec-2025 09:23:53 UTC] PHP Warning:  A non-numeric value encountered in /home/lottexylitolcom/public_html/staging.lottexylitol.com.vn/test/wp-random-list.php on line 136
[19-Dec-2025 09:23:53 UTC] PHP Warning:  A non-numeric value encountered in /home/lottexylitolcom/public_html/staging.lottexylitol.com.vn/test/wp-random-list.php on line 136
[19-Dec-2025 09:23:53 UTC] PHP Warning:  A non-numeric value encountered in /home/lottexylitolcom/public_html/staging.lottexylitol.com.vn/test/wp-random-list.php on line 136
[19-Dec-2025 09:23:53 UTC] PHP Warning:  A non-numeric value encountered in /home/lottexylitolcom/public_html/staging.lottexylitol.com.vn/test/wp-random-list.php on line 136
[19-Dec-2025 09:23:53 UTC] PHP Warning:  A non-numeric value encountered in /home/lottexylitolcom/public_html/staging.lottexylitol.com.vn/test/wp-random-list.php on line 136
[19-Dec-2025 09:23:53 UTC] PHP Warning:  A non-numeric value encountered in /home/lottexylitolcom/public_html/staging.lottexylitol.com.vn/test/wp-random-list.php on line 136
[19-Dec-2025 09:23:53 UTC] PHP Warning:  A non-numeric value encountered in /home/lottexylitolcom/public_html/staging.lottexylitol.com.vn/test/wp-random-list.php on line 136
[19-Dec-2025 09:23:53 UTC] PHP Warning:  A non-numeric value encountered in /home/lottexylitolcom/public_html/staging.lottexylitol.com.vn/test/wp-random-list.php on line 136
[19-Dec-2025 09:23:53 UTC] PHP Warning:  A non-numeric value encountered in /home/lottexylitolcom/public_html/staging.lottexylitol.com.vn/test/wp-random-list.php on line 136
[19-Dec-2025 09:23:53 UTC] PHP Warning:  A non-numeric value encountered in /home/lottexylitolcom/public_html/staging.lottexylitol.com.vn/test/wp-random-list.php on line 136
[19-Dec-2025 09:23:53 UTC] PHP Warning:  A non-numeric value encountered in /home/lottexylitolcom/public_html/staging.lottexylitol.com.vn/test/wp-random-list.php on line 136
[19-Dec-2025 09:23:53 UTC] PHP Warning:  A non-numeric value encountered in /home/lottexylitolcom/public_html/staging.lottexylitol.com.vn/test/wp-random-list.php on line 136
[19-Dec-2025 09:23:53 UTC] PHP Warning:  A non-numeric value encountered in /home/lottexylitolcom/public_html/staging.lottexylitol.com.vn/test/wp-random-list.php on line 136
[19-Dec-2025 09:23:53 UTC] PHP Warning:  A non-numeric value encountered in /home/lottexylitolcom/public_html/staging.lottexylitol.com.vn/test/wp-random-list.php on line 136
[19-Dec-2025 09:23:53 UTC] PHP Warning:  A non-numeric value encountered in /home/lottexylitolcom/public_html/staging.lottexylitol.com.vn/test/wp-random-list.php on line 136
[19-Dec-2025 09:23:53 UTC] PHP Warning:  A non-numeric value encountered in /home/lottexylitolcom/public_html/staging.lottexylitol.com.vn/test/wp-random-list.php on line 136
[19-Dec-2025 09:23:53 UTC] PHP Warning:  A non-numeric value encountered in /home/lottexylitolcom/public_html/staging.lottexylitol.com.vn/test/wp-random-list.php on line 136
[19-Dec-2025 09:23:53 UTC] PHP Warning:  A non-numeric value encountered in /home/lottexylitolcom/public_html/staging.lottexylitol.com.vn/test/wp-random-list.php on line 136
[19-Dec-2025 09:23:53 UTC] PHP Warning:  A non-numeric value encountered in /home/lottexylitolcom/public_html/staging.lottexylitol.com.vn/test/wp-random-list.php on line 136
[19-Dec-2025 09:23:53 UTC] PHP Warning:  A non-numeric value encountered in /home/lottexylitolcom/public_html/staging.lottexylitol.com.vn/test/wp-random-list.php on line 136
[19-Dec-2025 09:23:53 UTC] PHP Warning:  A non-numeric value encountered in /home/lottexylitolcom/public_html/staging.lottexylitol.com.vn/test/wp-random-list.php on line 136
[19-Dec-2025 09:23:53 UTC] PHP Warning:  A non-numeric value encountered in /home/lottexylitolcom/public_html/staging.lottexylitol.com.vn/test/wp-random-list.php on line 136
[19-Dec-2025 09:23:53 UTC] PHP Warning:  A non-numeric value encountered in /home/lottexylitolcom/public_html/staging.lottexylitol.com.vn/test/wp-random-list.php on line 136
[19-Dec-2025 09:23:53 UTC] PHP Warning:  A non-numeric value encountered in /home/lottexylitolcom/public_html/staging.lottexylitol.com.vn/test/wp-random-list.php on line 136
[19-Dec-2025 09:23:53 UTC] PHP Warning:  A non-numeric value encountered in /home/lottexylitolcom/public_html/staging.lottexylitol.com.vn/test/wp-random-list.php on line 136
[19-Dec-2025 09:23:53 UTC] PHP Warning:  A non-numeric value encountered in /home/lottexylitolcom/public_html/staging.lottexylitol.com.vn/test/wp-random-list.php on line 136
[19-Dec-2025 09:23:53 UTC] PHP Warning:  A non-numeric value encountered in /home/lottexylitolcom/public_html/staging.lottexylitol.com.vn/test/wp-random-list.php on line 136
[19-Dec-2025 09:23:53 UTC] PHP Warning:  A non-numeric value encountered in /home/lottexylitolcom/public_html/staging.lottexylitol.com.vn/test/wp-random-list.php on line 136
[19-Dec-2025 09:23:53 UTC] PHP Warning:  A non-numeric value encountered in /home/lottexylitolcom/public_html/staging.lottexylitol.com.vn/test/wp-random-list.php on line 136
[19-Dec-2025 09:23:53 UTC] PHP Warning:  A non-numeric value encountered in /home/lottexylitolcom/public_html/staging.lottexylitol.com.vn/test/wp-random-list.php on line 136
[19-Dec-2025 09:23:53 UTC] PHP Warning:  A non-numeric value encountered in /home/lottexylitolcom/public_html/staging.lottexylitol.com.vn/test/wp-random-list.php on line 136
[19-Dec-2025 09:23:53 UTC] PHP Warning:  A non-numeric value encountered in /home/lottexylitolcom/public_html/staging.lottexylitol.com.vn/test/wp-random-list.php on line 136
[19-Dec-2025 09:23:53 UTC] PHP Warning:  A non-numeric value encountered in /home/lottexylitolcom/public_html/staging.lottexylitol.com.vn/test/wp-random-list.php on line 136
[19-Dec-2025 09:23:53 UTC] PHP Warning:  A non-numeric value encountered in /home/lottexylitolcom/public_html/staging.lottexylitol.com.vn/test/wp-random-list.php on line 136
[19-Dec-2025 09:23:53 UTC] PHP Warning:  A non-numeric value encountered in /home/lottexylitolcom/public_html/staging.lottexylitol.com.vn/test/wp-random-list.php on line 136
[19-Dec-2025 09:23:53 UTC] PHP Warning:  A non-numeric value encountered in /home/lottexylitolcom/public_html/staging.lottexylitol.com.vn/test/wp-random-list.php on line 136
[19-Dec-2025 09:23:53 UTC] PHP Warning:  A non-numeric value encountered in /home/lottexylitolcom/public_html/staging.lottexylitol.com.vn/test/wp-random-list.php on line 136
[19-Dec-2025 09:23:53 UTC] PHP Warning:  A non-numeric value encountered in /home/lottexylitolcom/public_html/staging.lottexylitol.com.vn/test/wp-random-list.php on line 136
[19-Dec-2025 09:23:53 UTC] PHP Warning:  A non-numeric value encountered in /home/lottexylitolcom/public_html/staging.lottexylitol.com.vn/test/wp-random-list.php on line 136
[19-Dec-2025 09:23:53 UTC] PHP Warning:  A non-numeric value encountered in /home/lottexylitolcom/public_html/staging.lottexylitol.com.vn/test/wp-random-list.php on line 136
[19-Dec-2025 09:23:53 UTC] PHP Warning:  A non-numeric value encountered in /home/lottexylitolcom/public_html/staging.lottexylitol.com.vn/test/wp-random-list.php on line 136
[19-Dec-2025 09:23:53 UTC] PHP Warning:  A non-numeric value encountered in /home/lottexylitolcom/public_html/staging.lottexylitol.com.vn/test/wp-random-list.php on line 136
[19-Dec-2025 09:23:53 UTC] PHP Warning:  A non-numeric value encountered in /home/lottexylitolcom/public_html/staging.lottexylitol.com.vn/test/wp-random-list.php on line 136
[19-Dec-2025 09:23:53 UTC] PHP Warning:  A non-numeric value encountered in /home/lottexylitolcom/public_html/staging.lottexylitol.com.vn/test/wp-random-list.php on line 136
[19-Dec-2025 09:23:53 UTC] PHP Warning:  A non-numeric value encountered in /home/lottexylitolcom/public_html/staging.lottexylitol.com.vn/test/wp-random-list.php on line 136
[19-Dec-2025 09:23:53 UTC] PHP Warning:  A non-numeric value encountered in /home/lottexylitolcom/public_html/staging.lottexylitol.com.vn/test/wp-random-list.php on line 136
[19-Dec-2025 09:23:53 UTC] PHP Warning:  A non-numeric value encountered in /home/lottexylitolcom/public_html/staging.lottexylitol.com.vn/test/wp-random-list.php on line 136
[19-Dec-2025 09:23:53 UTC] PHP Warning:  A non-numeric value encountered in /home/lottexylitolcom/public_html/staging.lottexylitol.com.vn/test/wp-random-list.php on line 136
[19-Dec-2025 09:23:53 UTC] PHP Warning:  A non-numeric value encountered in /home/lottexylitolcom/public_html/staging.lottexylitol.com.vn/test/wp-random-list.php on line 136
[19-Dec-2025 09:23:53 UTC] PHP Warning:  A non-numeric value encountered in /home/lottexylitolcom/public_html/staging.lottexylitol.com.vn/test/wp-random-list.php on line 136
[19-Dec-2025 09:23:53 UTC] PHP Warning:  A non-numeric value encountered in /home/lottexylitolcom/public_html/staging.lottexylitol.com.vn/test/wp-random-list.php on line 136
[19-Dec-2025 09:23:53 UTC] PHP Warning:  A non-numeric value encountered in /home/lottexylitolcom/public_html/staging.lottexylitol.com.vn/test/wp-random-list.php on line 136
[19-Dec-2025 09:23:53 UTC] PHP Warning:  A non-numeric value encountered in /home/lottexylitolcom/public_html/staging.lottexylitol.com.vn/test/wp-random-list.php on line 136
[19-Dec-2025 09:23:53 UTC] PHP Warning:  A non-numeric value encountered in /home/lottexylitolcom/public_html/staging.lottexylitol.com.vn/test/wp-random-list.php on line 136
[19-Dec-2025 09:23:53 UTC] PHP Warning:  A non-numeric value encountered in /home/lottexylitolcom/public_html/staging.lottexylitol.com.vn/test/wp-random-list.php on line 136
[19-Dec-2025 09:23:53 UTC] PHP Warning:  A non-numeric value encountered in /home/lottexylitolcom/public_html/staging.lottexylitol.com.vn/test/wp-random-list.php on line 136
[19-Dec-2025 09:23:53 UTC] PHP Warning:  A non-numeric value encountered in /home/lottexylitolcom/public_html/staging.lottexylitol.com.vn/test/wp-random-list.php on line 136
[19-Dec-2025 09:23:53 UTC] PHP Warning:  A non-numeric value encountered in /home/lottexylitolcom/public_html/staging.lottexylitol.com.vn/test/wp-random-list.php on line 136
[19-Dec-2025 09:23:53 UTC] PHP Warning:  A non-numeric value encountered in /home/lottexylitolcom/public_html/staging.lottexylitol.com.vn/test/wp-random-list.php on line 136
[19-Dec-2025 09:23:53 UTC] PHP Warning:  A non-numeric value encountered in /home/lottexylitolcom/public_html/staging.lottexylitol.com.vn/test/wp-random-list.php on line 136
[19-Dec-2025 09:23:53 UTC] PHP Warning:  A non-numeric value encountered in /home/lottexylitolcom/public_html/staging.lottexylitol.com.vn/test/wp-random-list.php on line 136
[19-Dec-2025 09:23:53 UTC] PHP Warning:  A non-numeric value encountered in /home/lottexylitolcom/public_html/staging.lottexylitol.com.vn/test/wp-random-list.php on line 136
[19-Dec-2025 09:23:53 UTC] PHP Warning:  A non-numeric value encountered in /home/lottexylitolcom/public_html/staging.lottexylitol.com.vn/test/wp-random-list.php on line 136
[19-Dec-2025 09:23:53 UTC] PHP Warning:  A non-numeric value encountered in /home/lottexylitolcom/public_html/staging.lottexylitol.com.vn/test/wp-random-list.php on line 136
[19-Dec-2025 09:23:53 UTC] PHP Warning:  A non-numeric value encountered in /home/lottexylitolcom/public_html/staging.lottexylitol.com.vn/test/wp-random-list.php on line 136
[19-Dec-2025 09:23:53 UTC] PHP Warning:  A non-numeric value encountered in /home/lottexylitolcom/public_html/staging.lottexylitol.com.vn/test/wp-random-list.php on line 136
[19-Dec-2025 09:23:53 UTC] PHP Warning:  A non-numeric value encountered in /home/lottexylitolcom/public_html/staging.lottexylitol.com.vn/test/wp-random-list.php on line 136
[19-Dec-2025 09:23:53 UTC] PHP Warning:  A non-numeric value encountered in /home/lottexylitolcom/public_html/staging.lottexylitol.com.vn/test/wp-random-list.php on line 136
[19-Dec-2025 09:23:53 UTC] PHP Warning:  A non-numeric value encountered in /home/lottexylitolcom/public_html/staging.lottexylitol.com.vn/test/wp-random-list.php on line 136
[19-Dec-2025 09:23:53 UTC] PHP Warning:  A non-numeric value encountered in /home/lottexylitolcom/public_html/staging.lottexylitol.com.vn/test/wp-random-list.php on line 136
[19-Dec-2025 09:23:53 UTC] PHP Warning:  A non-numeric value encountered in /home/lottexylitolcom/public_html/staging.lottexylitol.com.vn/test/wp-random-list.php on line 136
[19-Dec-2025 09:23:53 UTC] PHP Warning:  A non-numeric value encountered in /home/lottexylitolcom/public_html/staging.lottexylitol.com.vn/test/wp-random-list.php on line 136
[19-Dec-2025 09:23:53 UTC] PHP Warning:  A non-numeric value encountered in /home/lottexylitolcom/public_html/staging.lottexylitol.com.vn/test/wp-random-list.php on line 136
[19-Dec-2025 09:23:53 UTC] PHP Warning:  A non-numeric value encountered in /home/lottexylitolcom/public_html/staging.lottexylitol.com.vn/test/wp-random-list.php on line 136
[19-Dec-2025 09:23:53 UTC] PHP Warning:  A non-numeric value encountered in /home/lottexylitolcom/public_html/staging.lottexylitol.com.vn/test/wp-random-list.php on line 136
[19-Dec-2025 09:23:53 UTC] PHP Warning:  A non-numeric value encountered in /home/lottexylitolcom/public_html/staging.lottexylitol.com.vn/test/wp-random-list.php on line 136
[19-Dec-2025 09:23:53 UTC] PHP Warning:  A non-numeric value encountered in /home/lottexylitolcom/public_html/staging.lottexylitol.com.vn/test/wp-random-list.php on line 136
[19-Dec-2025 09:23:53 UTC] PHP Warning:  A non-numeric value encountered in /home/lottexylitolcom/public_html/staging.lottexylitol.com.vn/test/wp-random-list.php on line 136
[19-Dec-2025 09:23:53 UTC] PHP Warning:  A non-numeric value encountered in /home/lottexylitolcom/public_html/staging.lottexylitol.com.vn/test/wp-random-list.php on line 136
[19-Dec-2025 09:23:53 UTC] PHP Warning:  A non-numeric value encountered in /home/lottexylitolcom/public_html/staging.lottexylitol.com.vn/test/wp-random-list.php on line 136
[19-Dec-2025 09:23:53 UTC] PHP Warning:  A non-numeric value encountered in /home/lottexylitolcom/public_html/staging.lottexylitol.com.vn/test/wp-random-list.php on line 136
[19-Dec-2025 09:23:53 UTC] PHP Warning:  A non-numeric value encountered in /home/lottexylitolcom/public_html/staging.lottexylitol.com.vn/test/wp-random-list.php on line 136
[19-Dec-2025 09:23:53 UTC] PHP Warning:  A non-numeric value encountered in /home/lottexylitolcom/public_html/staging.lottexylitol.com.vn/test/wp-random-list.php on line 136
[19-Dec-2025 09:23:53 UTC] PHP Warning:  A non-numeric value encountered in /home/lottexylitolcom/public_html/staging.lottexylitol.com.vn/test/wp-random-list.php on line 136
[19-Dec-2025 09:23:53 UTC] PHP Warning:  A non-numeric value encountered in /home/lottexylitolcom/public_html/staging.lottexylitol.com.vn/test/wp-random-list.php on line 136
[19-Dec-2025 09:23:53 UTC] PHP Warning:  A non-numeric value encountered in /home/lottexylitolcom/public_html/staging.lottexylitol.com.vn/test/wp-random-list.php on line 136
[19-Dec-2025 09:23:53 UTC] PHP Warning:  A non-numeric value encountered in /home/lottexylitolcom/public_html/staging.lottexylitol.com.vn/test/wp-random-list.php on line 136
[19-Dec-2025 09:23:53 UTC] PHP Warning:  A non-numeric value encountered in /home/lottexylitolcom/public_html/staging.lottexylitol.com.vn/test/wp-random-list.php on line 136
[19-Dec-2025 09:23:53 UTC] PHP Warning:  A non-numeric value encountered in /home/lottexylitolcom/public_html/staging.lottexylitol.com.vn/test/wp-random-list.php on line 136
[19-Dec-2025 09:23:53 UTC] PHP Warning:  A non-numeric value encountered in /home/lottexylitolcom/public_html/staging.lottexylitol.com.vn/test/wp-random-list.php on line 136
[19-Dec-2025 09:23:53 UTC] PHP Warning:  A non-numeric value encountered in /home/lottexylitolcom/public_html/staging.lottexylitol.com.vn/test/wp-random-list.php on line 136
[19-Dec-2025 09:23:53 UTC] PHP Warning:  A non-numeric value encountered in /home/lottexylitolcom/public_html/staging.lottexylitol.com.vn/test/wp-random-list.php on line 136
[19-Dec-2025 09:23:53 UTC] PHP Warning:  A non-numeric value encountered in /home/lottexylitolcom/public_html/staging.lottexylitol.com.vn/test/wp-random-list.php on line 136
[19-Dec-2025 09:23:53 UTC] PHP Warning:  A non-numeric value encountered in /home/lottexylitolcom/public_html/staging.lottexylitol.com.vn/test/wp-random-list.php on line 136
[19-Dec-2025 09:23:53 UTC] PHP Warning:  A non-numeric value encountered in /home/lottexylitolcom/public_html/staging.lottexylitol.com.vn/test/wp-random-list.php on line 136
[19-Dec-2025 09:23:53 UTC] PHP Warning:  A non-numeric value encountered in /home/lottexylitolcom/public_html/staging.lottexylitol.com.vn/test/wp-random-list.php on line 136
[19-Dec-2025 09:23:53 UTC] PHP Warning:  A non-numeric value encountered in /home/lottexylitolcom/public_html/staging.lottexylitol.com.vn/test/wp-random-list.php on line 136
[19-Dec-2025 09:23:53 UTC] PHP Warning:  A non-numeric value encountered in /home/lottexylitolcom/public_html/staging.lottexylitol.com.vn/test/wp-random-list.php on line 136
[19-Dec-2025 09:23:53 UTC] PHP Warning:  A non-numeric value encountered in /home/lottexylitolcom/public_html/staging.lottexylitol.com.vn/test/wp-random-list.php on line 136
[19-Dec-2025 09:23:53 UTC] PHP Warning:  A non-numeric value encountered in /home/lottexylitolcom/public_html/staging.lottexylitol.com.vn/test/wp-random-list.php on line 136
[19-Dec-2025 09:23:53 UTC] PHP Warning:  A non-numeric value encountered in /home/lottexylitolcom/public_html/staging.lottexylitol.com.vn/test/wp-random-list.php on line 136
[19-Dec-2025 09:25:27 UTC] PHP Notice:  ob_end_flush(): Failed to send buffer of zlib output compression (0) in /home/lottexylitolcom/public_html/staging.lottexylitol.com.vn/apw/wp-includes/functions.php on line 5471
[19-Dec-2025 09:26:24 UTC] PHP Notice:  ob_end_flush(): Failed to send buffer of zlib output compression (0) in /home/lottexylitolcom/public_html/staging.lottexylitol.com.vn/apw/wp-includes/functions.php on line 5471
[19-Dec-2025 09:31:45 UTC] PHP Notice:  ob_end_flush(): Failed to send buffer of zlib output compression (0) in /home/lottexylitolcom/public_html/staging.lottexylitol.com.vn/apw/wp-includes/functions.php on line 5471
[19-Dec-2025 09:34:28 UTC] PHP Notice:  ob_end_flush(): Failed to send buffer of zlib output compression (0) in /home/lottexylitolcom/public_html/staging.lottexylitol.com.vn/apw/wp-includes/functions.php on line 5471
[19-Dec-2025 09:41:37 UTC] PHP Notice:  ob_end_flush(): Failed to send buffer of zlib output compression (0) in /home/lottexylitolcom/public_html/staging.lottexylitol.com.vn/apw/wp-includes/functions.php on line 5471
[19-Dec-2025 09:52:00 UTC] PHP Notice:  ob_end_flush(): Failed to send buffer of zlib output compression (0) in /home/lottexylitolcom/public_html/staging.lottexylitol.com.vn/apw/wp-includes/functions.php on line 5471
[19-Dec-2025 10:02:06 UTC] PHP Notice:  ob_end_flush(): Failed to send buffer of zlib output compression (0) in /home/lottexylitolcom/public_html/staging.lottexylitol.com.vn/apw/wp-includes/functions.php on line 5471
[24-Dec-2025 01:34:50 UTC] PHP Notice:  ob_end_flush(): Failed to send buffer of zlib output compression (0) in /home/lottexylitolcom/public_html/staging.lottexylitol.com.vn/apw/wp-includes/functions.php on line 5471
[24-Dec-2025 01:43:44 UTC] PHP Notice:  ob_end_flush(): Failed to send buffer of zlib output compression (0) in /home/lottexylitolcom/public_html/staging.lottexylitol.com.vn/apw/wp-includes/functions.php on line 5471
[24-Dec-2025 01:57:02 UTC] PHP Notice:  ob_end_flush(): Failed to send buffer of zlib output compression (0) in /home/lottexylitolcom/public_html/staging.lottexylitol.com.vn/apw/wp-includes/functions.php on line 5471
[24-Dec-2025 01:58:51 UTC] PHP Warning:  Array to string conversion in /home/lottexylitolcom/public_html/staging.lottexylitol.com.vn/apw/wp-content/themes/site/inc/functions/jwt-token.php on line 130
[24-Dec-2025 01:58:51 UTC] PHP Warning:  Array to string conversion in /home/lottexylitolcom/public_html/staging.lottexylitol.com.vn/apw/wp-content/themes/site/inc/functions/jwt-token.php on line 130
[24-Dec-2025 01:58:51 UTC] PHP Warning:  Array to string conversion in /home/lottexylitolcom/public_html/staging.lottexylitol.com.vn/apw/wp-content/themes/site/inc/functions/jwt-token.php on line 130
[24-Dec-2025 01:58:51 UTC] PHP Notice:  ob_end_flush(): Failed to send buffer of zlib output compression (0) in /home/lottexylitolcom/public_html/staging.lottexylitol.com.vn/apw/wp-includes/functions.php on line 5471
[24-Dec-2025 01:59:58 UTC] PHP Notice:  ob_end_flush(): Failed to send buffer of zlib output compression (0) in /home/lottexylitolcom/public_html/staging.lottexylitol.com.vn/apw/wp-includes/functions.php on line 5471
[24-Dec-2025 02:12:45 UTC] PHP Notice:  ob_end_flush(): Failed to send buffer of zlib output compression (0) in /home/lottexylitolcom/public_html/staging.lottexylitol.com.vn/apw/wp-includes/functions.php on line 5471
[24-Dec-2025 02:49:54 UTC] PHP Notice:  ob_end_flush(): Failed to send buffer of zlib output compression (0) in /home/lottexylitolcom/public_html/staging.lottexylitol.com.vn/apw/wp-includes/functions.php on line 5471
[25-Dec-2025 04:42:24 UTC] PHP Notice:  ob_end_flush(): Failed to send buffer of zlib output compression (0) in /home/lottexylitolcom/public_html/staging.lottexylitol.com.vn/apw/wp-includes/functions.php on line 5471
[25-Dec-2025 04:42:26 UTC] PHP Notice:  ob_end_flush(): Failed to send buffer of zlib output compression (0) in /home/lottexylitolcom/public_html/staging.lottexylitol.com.vn/apw/wp-includes/functions.php on line 5471
[25-Dec-2025 04:42:41 UTC] PHP Notice:  ob_end_flush(): Failed to send buffer of zlib output compression (0) in /home/lottexylitolcom/public_html/staging.lottexylitol.com.vn/apw/wp-includes/functions.php on line 5471
[25-Dec-2025 04:43:26 UTC] PHP Notice:  ob_end_flush(): Failed to send buffer of zlib output compression (0) in /home/lottexylitolcom/public_html/staging.lottexylitol.com.vn/apw/wp-includes/functions.php on line 5471
[25-Dec-2025 04:44:07 UTC] PHP Notice:  ob_end_flush(): Failed to send buffer of zlib output compression (0) in /home/lottexylitolcom/public_html/staging.lottexylitol.com.vn/apw/wp-includes/functions.php on line 5471
[25-Dec-2025 04:44:07 UTC] PHP Notice:  ob_end_flush(): Failed to send buffer of zlib output compression (0) in /home/lottexylitolcom/public_html/staging.lottexylitol.com.vn/apw/wp-includes/functions.php on line 5471
[25-Dec-2025 04:45:24 UTC] PHP Notice:  ob_end_flush(): Failed to send buffer of zlib output compression (0) in /home/lottexylitolcom/public_html/staging.lottexylitol.com.vn/apw/wp-includes/functions.php on line 5471
[25-Dec-2025 04:51:44 UTC] PHP Notice:  ob_end_flush(): Failed to send buffer of zlib output compression (0) in /home/lottexylitolcom/public_html/staging.lottexylitol.com.vn/apw/wp-includes/functions.php on line 5471
[25-Dec-2025 06:05:59 UTC] PHP Notice:  ob_end_flush(): Failed to send buffer of zlib output compression (0) in /home/lottexylitolcom/public_html/staging.lottexylitol.com.vn/apw/wp-includes/functions.php on line 5471
[25-Dec-2025 06:06:02 UTC] PHP Notice:  ob_end_flush(): Failed to send buffer of zlib output compression (0) in /home/lottexylitolcom/public_html/staging.lottexylitol.com.vn/apw/wp-includes/functions.php on line 5471
[25-Dec-2025 06:15:47 UTC] PHP Notice:  ob_end_flush(): Failed to send buffer of zlib output compression (0) in /home/lottexylitolcom/public_html/staging.lottexylitol.com.vn/apw/wp-includes/functions.php on line 5471
[25-Dec-2025 06:15:59 UTC] PHP Notice:  ob_end_flush(): Failed to send buffer of zlib output compression (0) in /home/lottexylitolcom/public_html/staging.lottexylitol.com.vn/apw/wp-includes/functions.php on line 5471
[25-Dec-2025 06:16:30 UTC] PHP Notice:  ob_end_flush(): Failed to send buffer of zlib output compression (0) in /home/lottexylitolcom/public_html/staging.lottexylitol.com.vn/apw/wp-includes/functions.php on line 5471
[25-Dec-2025 06:16:46 UTC] PHP Notice:  ob_end_flush(): Failed to send buffer of zlib output compression (0) in /home/lottexylitolcom/public_html/staging.lottexylitol.com.vn/apw/wp-includes/functions.php on line 5471
[25-Dec-2025 06:16:55 UTC] PHP Notice:  ob_end_flush(): Failed to send buffer of zlib output compression (0) in /home/lottexylitolcom/public_html/staging.lottexylitol.com.vn/apw/wp-includes/functions.php on line 5471
[25-Dec-2025 06:21:33 UTC] PHP Notice:  ob_end_flush(): Failed to send buffer of zlib output compression (0) in /home/lottexylitolcom/public_html/staging.lottexylitol.com.vn/apw/wp-includes/functions.php on line 5471
[25-Dec-2025 06:30:54 UTC] PHP Notice:  ob_end_flush(): Failed to send buffer of zlib output compression (0) in /home/lottexylitolcom/public_html/staging.lottexylitol.com.vn/apw/wp-includes/functions.php on line 5471
[25-Dec-2025 06:38:45 UTC] PHP Notice:  ob_end_flush(): Failed to send buffer of zlib output compression (0) in /home/lottexylitolcom/public_html/staging.lottexylitol.com.vn/apw/wp-includes/functions.php on line 5471
[25-Dec-2025 06:51:12 UTC] PHP Notice:  ob_end_flush(): Failed to send buffer of zlib output compression (0) in /home/lottexylitolcom/public_html/staging.lottexylitol.com.vn/apw/wp-includes/functions.php on line 5471
[25-Dec-2025 07:04:44 UTC] PHP Notice:  ob_end_flush(): Failed to send buffer of zlib output compression (0) in /home/lottexylitolcom/public_html/staging.lottexylitol.com.vn/apw/wp-includes/functions.php on line 5471
[26-Dec-2025 01:05:42 UTC] PHP Notice:  ob_end_flush(): Failed to send buffer of zlib output compression (0) in /home/lottexylitolcom/public_html/staging.lottexylitol.com.vn/apw/wp-includes/functions.php on line 5471
[26-Dec-2025 01:06:48 UTC] PHP Notice:  ob_end_flush(): Failed to send buffer of zlib output compression (0) in /home/lottexylitolcom/public_html/staging.lottexylitol.com.vn/apw/wp-includes/functions.php on line 5471
[26-Dec-2025 01:07:53 UTC] PHP Notice:  ob_end_flush(): Failed to send buffer of zlib output compression (0) in /home/lottexylitolcom/public_html/staging.lottexylitol.com.vn/apw/wp-includes/functions.php on line 5471
[26-Dec-2025 01:10:10 UTC] PHP Notice:  ob_end_flush(): Failed to send buffer of zlib output compression (0) in /home/lottexylitolcom/public_html/staging.lottexylitol.com.vn/apw/wp-includes/functions.php on line 5471
[26-Dec-2025 01:13:11 UTC] PHP Notice:  ob_end_flush(): Failed to send buffer of zlib output compression (0) in /home/lottexylitolcom/public_html/staging.lottexylitol.com.vn/apw/wp-includes/functions.php on line 5471
[26-Dec-2025 01:13:35 UTC] PHP Notice:  ob_end_flush(): Failed to send buffer of zlib output compression (0) in /home/lottexylitolcom/public_html/staging.lottexylitol.com.vn/apw/wp-includes/functions.php on line 5471
[26-Dec-2025 01:13:55 UTC] PHP Notice:  ob_end_flush(): Failed to send buffer of zlib output compression (0) in /home/lottexylitolcom/public_html/staging.lottexylitol.com.vn/apw/wp-includes/functions.php on line 5471
[26-Dec-2025 01:15:27 UTC] PHP Notice:  ob_end_flush(): Failed to send buffer of zlib output compression (0) in /home/lottexylitolcom/public_html/staging.lottexylitol.com.vn/apw/wp-includes/functions.php on line 5471
[26-Dec-2025 01:16:28 UTC] PHP Notice:  ob_end_flush(): Failed to send buffer of zlib output compression (0) in /home/lottexylitolcom/public_html/staging.lottexylitol.com.vn/apw/wp-includes/functions.php on line 5471
[26-Dec-2025 01:16:32 UTC] PHP Notice:  ob_end_flush(): Failed to send buffer of zlib output compression (0) in /home/lottexylitolcom/public_html/staging.lottexylitol.com.vn/apw/wp-includes/functions.php on line 5471
[05-Jan-2026 03:33:18 UTC] PHP Notice:  ob_end_flush(): Failed to send buffer of zlib output compression (0) in /home/lottexylitolcom/public_html/staging.lottexylitol.com.vn/apw/wp-includes/functions.php on line 5471
[05-Jan-2026 03:33:23 UTC] PHP Notice:  ob_end_flush(): Failed to send buffer of zlib output compression (0) in /home/lottexylitolcom/public_html/staging.lottexylitol.com.vn/apw/wp-includes/functions.php on line 5471
[05-Jan-2026 03:33:25 UTC] PHP Notice:  ob_end_flush(): Failed to send buffer of zlib output compression (0) in /home/lottexylitolcom/public_html/staging.lottexylitol.com.vn/apw/wp-includes/functions.php on line 5471
[05-Jan-2026 03:33:33 UTC] PHP Notice:  ob_end_flush(): Failed to send buffer of zlib output compression (0) in /home/lottexylitolcom/public_html/staging.lottexylitol.com.vn/apw/wp-includes/functions.php on line 5471
[05-Jan-2026 03:33:38 UTC] PHP Notice:  ob_end_flush(): Failed to send buffer of zlib output compression (0) in /home/lottexylitolcom/public_html/staging.lottexylitol.com.vn/apw/wp-includes/functions.php on line 5471
[05-Jan-2026 03:34:00 UTC] PHP Notice:  ob_end_flush(): Failed to send buffer of zlib output compression (0) in /home/lottexylitolcom/public_html/staging.lottexylitol.com.vn/apw/wp-includes/functions.php on line 5471
[05-Jan-2026 03:44:52 UTC] PHP Notice:  ob_end_flush(): Failed to send buffer of zlib output compression (0) in /home/lottexylitolcom/public_html/staging.lottexylitol.com.vn/apw/wp-includes/functions.php on line 5471
[05-Jan-2026 03:44:55 UTC] PHP Notice:  ob_end_flush(): Failed to send buffer of zlib output compression (0) in /home/lottexylitolcom/public_html/staging.lottexylitol.com.vn/apw/wp-includes/functions.php on line 5471
[05-Jan-2026 03:44:57 UTC] PHP Notice:  ob_end_flush(): Failed to send buffer of zlib output compression (0) in /home/lottexylitolcom/public_html/staging.lottexylitol.com.vn/apw/wp-includes/functions.php on line 5471
[05-Jan-2026 03:45:00 UTC] PHP Notice:  ob_end_flush(): Failed to send buffer of zlib output compression (0) in /home/lottexylitolcom/public_html/staging.lottexylitol.com.vn/apw/wp-includes/functions.php on line 5471
[05-Jan-2026 03:45:15 UTC] PHP Notice:  ob_end_flush(): Failed to send buffer of zlib output compression (0) in /home/lottexylitolcom/public_html/staging.lottexylitol.com.vn/apw/wp-includes/functions.php on line 5471
[05-Jan-2026 03:45:24 UTC] PHP Notice:  ob_end_flush(): Failed to send buffer of zlib output compression (0) in /home/lottexylitolcom/public_html/staging.lottexylitol.com.vn/apw/wp-includes/functions.php on line 5471
[05-Jan-2026 03:47:24 UTC] PHP Notice:  ob_end_flush(): Failed to send buffer of zlib output compression (0) in /home/lottexylitolcom/public_html/staging.lottexylitol.com.vn/apw/wp-includes/functions.php on line 5471
[05-Jan-2026 03:47:50 UTC] PHP Notice:  ob_end_flush(): Failed to send buffer of zlib output compression (0) in /home/lottexylitolcom/public_html/staging.lottexylitol.com.vn/apw/wp-includes/functions.php on line 5471
[05-Jan-2026 03:48:00 UTC] PHP Notice:  ob_end_flush(): Failed to send buffer of zlib output compression (0) in /home/lottexylitolcom/public_html/staging.lottexylitol.com.vn/apw/wp-includes/functions.php on line 5471
[05-Jan-2026 03:53:37 UTC] PHP Notice:  ob_end_flush(): Failed to send buffer of zlib output compression (0) in /home/lottexylitolcom/public_html/staging.lottexylitol.com.vn/apw/wp-includes/functions.php on line 5471
[05-Jan-2026 03:53:39 UTC] PHP Notice:  ob_end_flush(): Failed to send buffer of zlib output compression (0) in /home/lottexylitolcom/public_html/staging.lottexylitol.com.vn/apw/wp-includes/functions.php on line 5471
[05-Jan-2026 03:53:43 UTC] PHP Notice:  ob_end_flush(): Failed to send buffer of zlib output compression (0) in /home/lottexylitolcom/public_html/staging.lottexylitol.com.vn/apw/wp-includes/functions.php on line 5471
[05-Jan-2026 03:53:48 UTC] PHP Notice:  ob_end_flush(): Failed to send buffer of zlib output compression (0) in /home/lottexylitolcom/public_html/staging.lottexylitol.com.vn/apw/wp-includes/functions.php on line 5471
[05-Jan-2026 03:56:02 UTC] PHP Notice:  ob_end_flush(): Failed to send buffer of zlib output compression (0) in /home/lottexylitolcom/public_html/staging.lottexylitol.com.vn/apw/wp-includes/functions.php on line 5471
[05-Jan-2026 03:57:10 UTC] PHP Notice:  ob_end_flush(): Failed to send buffer of zlib output compression (0) in /home/lottexylitolcom/public_html/staging.lottexylitol.com.vn/apw/wp-includes/functions.php on line 5471
[05-Jan-2026 03:57:14 UTC] PHP Notice:  ob_end_flush(): Failed to send buffer of zlib output compression (0) in /home/lottexylitolcom/public_html/staging.lottexylitol.com.vn/apw/wp-includes/functions.php on line 5471
[05-Jan-2026 04:01:00 UTC] PHP Notice:  ob_end_flush(): Failed to send buffer of zlib output compression (0) in /home/lottexylitolcom/public_html/staging.lottexylitol.com.vn/apw/wp-includes/functions.php on line 5471
[05-Jan-2026 04:01:05 UTC] PHP Notice:  ob_end_flush(): Failed to send buffer of zlib output compression (0) in /home/lottexylitolcom/public_html/staging.lottexylitol.com.vn/apw/wp-includes/functions.php on line 5471
[05-Jan-2026 04:01:06 UTC] PHP Notice:  ob_end_flush(): Failed to send buffer of zlib output compression (0) in /home/lottexylitolcom/public_html/staging.lottexylitol.com.vn/apw/wp-includes/functions.php on line 5471
[05-Jan-2026 04:01:11 UTC] PHP Notice:  ob_end_flush(): Failed to send buffer of zlib output compression (0) in /home/lottexylitolcom/public_html/staging.lottexylitol.com.vn/apw/wp-includes/functions.php on line 5471
[05-Jan-2026 04:01:45 UTC] PHP Notice:  ob_end_flush(): Failed to send buffer of zlib output compression (0) in /home/lottexylitolcom/public_html/staging.lottexylitol.com.vn/apw/wp-includes/functions.php on line 5471
[05-Jan-2026 04:05:25 UTC] PHP Notice:  ob_end_flush(): Failed to send buffer of zlib output compression (0) in /home/lottexylitolcom/public_html/staging.lottexylitol.com.vn/apw/wp-includes/functions.php on line 5471
[05-Jan-2026 04:06:39 UTC] PHP Notice:  ob_end_flush(): Failed to send buffer of zlib output compression (0) in /home/lottexylitolcom/public_html/staging.lottexylitol.com.vn/apw/wp-includes/functions.php on line 5471
[05-Jan-2026 04:06:49 UTC] PHP Notice:  ob_end_flush(): Failed to send buffer of zlib output compression (0) in /home/lottexylitolcom/public_html/staging.lottexylitol.com.vn/apw/wp-includes/functions.php on line 5471
[05-Jan-2026 04:06:51 UTC] PHP Notice:  ob_end_flush(): Failed to send buffer of zlib output compression (0) in /home/lottexylitolcom/public_html/staging.lottexylitol.com.vn/apw/wp-includes/functions.php on line 5471
[05-Jan-2026 04:06:56 UTC] PHP Notice:  ob_end_flush(): Failed to send buffer of zlib output compression (0) in /home/lottexylitolcom/public_html/staging.lottexylitol.com.vn/apw/wp-includes/functions.php on line 5471
[05-Jan-2026 04:36:13 UTC] PHP Notice:  ob_end_flush(): Failed to send buffer of zlib output compression (0) in /home/lottexylitolcom/public_html/staging.lottexylitol.com.vn/apw/wp-includes/functions.php on line 5471
[05-Jan-2026 04:36:35 UTC] PHP Notice:  ob_end_flush(): Failed to send buffer of zlib output compression (0) in /home/lottexylitolcom/public_html/staging.lottexylitol.com.vn/apw/wp-includes/functions.php on line 5471
[05-Jan-2026 04:36:53 UTC] PHP Notice:  ob_end_flush(): Failed to send buffer of zlib output compression (0) in /home/lottexylitolcom/public_html/staging.lottexylitol.com.vn/apw/wp-includes/functions.php on line 5471
[05-Jan-2026 04:36:58 UTC] PHP Notice:  ob_end_flush(): Failed to send buffer of zlib output compression (0) in /home/lottexylitolcom/public_html/staging.lottexylitol.com.vn/apw/wp-includes/functions.php on line 5471
[05-Jan-2026 04:37:06 UTC] PHP Notice:  ob_end_flush(): Failed to send buffer of zlib output compression (0) in /home/lottexylitolcom/public_html/staging.lottexylitol.com.vn/apw/wp-includes/functions.php on line 5471
[05-Jan-2026 04:37:09 UTC] PHP Notice:  ob_end_flush(): Failed to send buffer of zlib output compression (0) in /home/lottexylitolcom/public_html/staging.lottexylitol.com.vn/apw/wp-includes/functions.php on line 5471
[05-Jan-2026 04:37:10 UTC] PHP Notice:  ob_end_flush(): Failed to send buffer of zlib output compression (0) in /home/lottexylitolcom/public_html/staging.lottexylitol.com.vn/apw/wp-includes/functions.php on line 5471
[05-Jan-2026 04:37:15 UTC] PHP Notice:  ob_end_flush(): Failed to send buffer of zlib output compression (0) in /home/lottexylitolcom/public_html/staging.lottexylitol.com.vn/apw/wp-includes/functions.php on line 5471
[05-Jan-2026 04:39:34 UTC] PHP Warning:  Undefined variable $message in /home/lottexylitolcom/public_html/staging.lottexylitol.com.vn/apw/wp-content/themes/site/inc/post_types/post.php on line 395
[05-Jan-2026 04:39:34 UTC] PHP Notice:  ob_end_flush(): Failed to send buffer of zlib output compression (0) in /home/lottexylitolcom/public_html/staging.lottexylitol.com.vn/apw/wp-includes/functions.php on line 5471
[05-Jan-2026 04:40:07 UTC] PHP Notice:  ob_end_flush(): Failed to send buffer of zlib output compression (0) in /home/lottexylitolcom/public_html/staging.lottexylitol.com.vn/apw/wp-includes/functions.php on line 5471
[05-Jan-2026 04:40:14 UTC] PHP Notice:  ob_end_flush(): Failed to send buffer of zlib output compression (0) in /home/lottexylitolcom/public_html/staging.lottexylitol.com.vn/apw/wp-includes/functions.php on line 5471
[05-Jan-2026 05:59:49 UTC] PHP Notice:  ob_end_flush(): Failed to send buffer of zlib output compression (0) in /home/lottexylitolcom/public_html/staging.lottexylitol.com.vn/apw/wp-includes/functions.php on line 5471
[05-Jan-2026 06:00:03 UTC] PHP Notice:  ob_end_flush(): Failed to send buffer of zlib output compression (0) in /home/lottexylitolcom/public_html/staging.lottexylitol.com.vn/apw/wp-includes/functions.php on line 5471
[05-Jan-2026 07:04:50 UTC] PHP Fatal error:  Uncaught TypeError: json_decode(): Argument #1 ($json) must be of type string, array given in /home/lottexylitolcom/public_html/staging.lottexylitol.com.vn/libs/lotte-api.php:138
Stack trace:
#0 /home/lottexylitolcom/public_html/staging.lottexylitol.com.vn/libs/lotte-api.php(138): json_decode(Array, true)
#1 /home/lottexylitolcom/public_html/staging.lottexylitol.com.vn/libs/lotte-api.php(297): lotte_api->api_request('/user/survey')
#2 /home/lottexylitolcom/public_html/staging.lottexylitol.com.vn/signup/index.php(14): lotte_api->get_surveys()
#3 {main}
  thrown in /home/lottexylitolcom/public_html/staging.lottexylitol.com.vn/libs/lotte-api.php on line 138
[05-Jan-2026 07:05:31 UTC] PHP Fatal error:  Uncaught TypeError: json_decode(): Argument #1 ($json) must be of type string, array given in /home/lottexylitolcom/public_html/staging.lottexylitol.com.vn/libs/lotte-api.php:138
Stack trace:
#0 /home/lottexylitolcom/public_html/staging.lottexylitol.com.vn/libs/lotte-api.php(138): json_decode(Array, true)
#1 /home/lottexylitolcom/public_html/staging.lottexylitol.com.vn/libs/lotte-api.php(297): lotte_api->api_request('/user/survey')
#2 /home/lottexylitolcom/public_html/staging.lottexylitol.com.vn/signup/index.php(14): lotte_api->get_surveys()
#3 {main}
  thrown in /home/lottexylitolcom/public_html/staging.lottexylitol.com.vn/libs/lotte-api.php on line 138
[05-Jan-2026 07:06:09 UTC] PHP Fatal error:  Uncaught TypeError: json_decode(): Argument #1 ($json) must be of type string, array given in /home/lottexylitolcom/public_html/staging.lottexylitol.com.vn/libs/lotte-api.php:148
Stack trace:
#0 /home/lottexylitolcom/public_html/staging.lottexylitol.com.vn/libs/lotte-api.php(148): json_decode(Array, true)
#1 /home/lottexylitolcom/public_html/staging.lottexylitol.com.vn/libs/lotte-api.php(307): lotte_api->api_request('/user/survey')
#2 /home/lottexylitolcom/public_html/staging.lottexylitol.com.vn/signup/index.php(14): lotte_api->get_surveys()
#3 {main}
  thrown in /home/lottexylitolcom/public_html/staging.lottexylitol.com.vn/libs/lotte-api.php on line 148
[05-Jan-2026 07:06:51 UTC] PHP Fatal error:  Uncaught TypeError: json_decode(): Argument #1 ($json) must be of type string, array given in /home/lottexylitolcom/public_html/staging.lottexylitol.com.vn/libs/lotte-api.php:148
Stack trace:
#0 /home/lottexylitolcom/public_html/staging.lottexylitol.com.vn/libs/lotte-api.php(148): json_decode(Array, true)
#1 /home/lottexylitolcom/public_html/staging.lottexylitol.com.vn/libs/lotte-api.php(307): lotte_api->api_request('/user/survey')
#2 /home/lottexylitolcom/public_html/staging.lottexylitol.com.vn/signup/index.php(14): lotte_api->get_surveys()
#3 {main}
  thrown in /home/lottexylitolcom/public_html/staging.lottexylitol.com.vn/libs/lotte-api.php on line 148
[05-Jan-2026 07:08:12 UTC] PHP Fatal error:  Uncaught TypeError: json_decode(): Argument #1 ($json) must be of type string, array given in /home/lottexylitolcom/public_html/staging.lottexylitol.com.vn/libs/lotte-api.php:148
Stack trace:
#0 /home/lottexylitolcom/public_html/staging.lottexylitol.com.vn/libs/lotte-api.php(148): json_decode(Array, true)
#1 /home/lottexylitolcom/public_html/staging.lottexylitol.com.vn/libs/lotte-api.php(307): lotte_api->api_request('/user/survey')
#2 /home/lottexylitolcom/public_html/staging.lottexylitol.com.vn/signup/index.php(14): lotte_api->get_surveys()
#3 {main}
  thrown in /home/lottexylitolcom/public_html/staging.lottexylitol.com.vn/libs/lotte-api.php on line 148
[05-Jan-2026 07:09:58 UTC] PHP Fatal error:  Uncaught TypeError: json_decode(): Argument #1 ($json) must be of type string, array given in /home/lottexylitolcom/public_html/staging.lottexylitol.com.vn/libs/lotte-api.php:195
Stack trace:
#0 /home/lottexylitolcom/public_html/staging.lottexylitol.com.vn/libs/lotte-api.php(195): json_decode(Array, true)
#1 /home/lottexylitolcom/public_html/staging.lottexylitol.com.vn/libs/lotte-api.php(354): lotte_api->api_request('/user/survey')
#2 /home/lottexylitolcom/public_html/staging.lottexylitol.com.vn/signup/index.php(14): lotte_api->get_surveys()
#3 {main}
  thrown in /home/lottexylitolcom/public_html/staging.lottexylitol.com.vn/libs/lotte-api.php on line 195
[05-Jan-2026 07:21:36 UTC] PHP Notice:  ob_end_flush(): Failed to send buffer of zlib output compression (0) in /home/lottexylitolcom/public_html/staging.lottexylitol.com.vn/apw/wp-includes/functions.php on line 5471
[05-Jan-2026 07:21:40 UTC] PHP Notice:  ob_end_flush(): Failed to send buffer of zlib output compression (0) in /home/lottexylitolcom/public_html/staging.lottexylitol.com.vn/apw/wp-includes/functions.php on line 5471
[05-Jan-2026 07:21:45 UTC] PHP Notice:  ob_end_flush(): Failed to send buffer of zlib output compression (0) in /home/lottexylitolcom/public_html/staging.lottexylitol.com.vn/apw/wp-includes/functions.php on line 5471
[05-Jan-2026 07:21:52 UTC] PHP Notice:  ob_end_flush(): Failed to send buffer of zlib output compression (0) in /home/lottexylitolcom/public_html/staging.lottexylitol.com.vn/apw/wp-includes/functions.php on line 5471
[05-Jan-2026 07:26:23 UTC] PHP Notice:  ob_end_flush(): Failed to send buffer of zlib output compression (0) in /home/lottexylitolcom/public_html/staging.lottexylitol.com.vn/apw/wp-includes/functions.php on line 5471
[05-Jan-2026 07:49:15 UTC] PHP Notice:  Function wpdb::prepare được gọi <strong>không chính xác</strong>. Truy vấn không chứa đúng số lượng chỗ chèn (2) so với số lượng tham số đã truyền vào (1). Vui lòng xem <a href="https://developer.wordpress.org/advanced-administration/debug/debug-wordpress/">Hướng dẫn Debug trong WordPress</a> để biết thêm thông tin. (Thông điệp này đã được thêm vào trong phiên bản 4.8.3.) in /home/lottexylitolcom/public_html/staging.lottexylitol.com.vn/apw/wp-includes/functions.php on line 6121
[06-Jan-2026 02:15:57 UTC] PHP Notice:  ob_end_flush(): Failed to send buffer of zlib output compression (0) in /home/lottexylitolcom/public_html/staging.lottexylitol.com.vn/apw/wp-includes/functions.php on line 5471
[08-Jan-2026 02:24:03 UTC] PHP Notice:  ob_end_flush(): Failed to send buffer of zlib output compression (0) in /home/lottexylitolcom/public_html/staging.lottexylitol.com.vn/apw/wp-includes/functions.php on line 5471
[08-Jan-2026 02:24:12 UTC] PHP Notice:  ob_end_flush(): Failed to send buffer of zlib output compression (0) in /home/lottexylitolcom/public_html/staging.lottexylitol.com.vn/apw/wp-includes/functions.php on line 5471
[08-Jan-2026 02:45:26 UTC] PHP Notice:  ob_end_flush(): Failed to send buffer of zlib output compression (0) in /home/lottexylitolcom/public_html/staging.lottexylitol.com.vn/apw/wp-includes/functions.php on line 5471
[08-Jan-2026 03:44:33 UTC] PHP Notice:  ob_end_flush(): Failed to send buffer of zlib output compression (0) in /home/lottexylitolcom/public_html/staging.lottexylitol.com.vn/apw/wp-includes/functions.php on line 5471
[08-Jan-2026 03:45:39 UTC] PHP Notice:  ob_end_flush(): Failed to send buffer of zlib output compression (0) in /home/lottexylitolcom/public_html/staging.lottexylitol.com.vn/apw/wp-includes/functions.php on line 5471
[08-Jan-2026 03:45:42 UTC] PHP Notice:  ob_end_flush(): Failed to send buffer of zlib output compression (0) in /home/lottexylitolcom/public_html/staging.lottexylitol.com.vn/apw/wp-includes/functions.php on line 5471
[08-Jan-2026 03:45:47 UTC] PHP Notice:  ob_end_flush(): Failed to send buffer of zlib output compression (0) in /home/lottexylitolcom/public_html/staging.lottexylitol.com.vn/apw/wp-includes/functions.php on line 5471
[08-Jan-2026 03:45:51 UTC] PHP Notice:  ob_end_flush(): Failed to send buffer of zlib output compression (0) in /home/lottexylitolcom/public_html/staging.lottexylitol.com.vn/apw/wp-includes/functions.php on line 5471
[08-Jan-2026 03:46:20 UTC] PHP Notice:  ob_end_flush(): Failed to send buffer of zlib output compression (0) in /home/lottexylitolcom/public_html/staging.lottexylitol.com.vn/apw/wp-includes/functions.php on line 5471
[08-Jan-2026 03:46:22 UTC] PHP Notice:  ob_end_flush(): Failed to send buffer of zlib output compression (0) in /home/lottexylitolcom/public_html/staging.lottexylitol.com.vn/apw/wp-includes/functions.php on line 5471
[08-Jan-2026 03:47:28 UTC] PHP Notice:  ob_end_flush(): Failed to send buffer of zlib output compression (0) in /home/lottexylitolcom/public_html/staging.lottexylitol.com.vn/apw/wp-includes/functions.php on line 5471
[08-Jan-2026 03:47:31 UTC] PHP Notice:  ob_end_flush(): Failed to send buffer of zlib output compression (0) in /home/lottexylitolcom/public_html/staging.lottexylitol.com.vn/apw/wp-includes/functions.php on line 5471
[08-Jan-2026 03:47:35 UTC] PHP Notice:  ob_end_flush(): Failed to send buffer of zlib output compression (0) in /home/lottexylitolcom/public_html/staging.lottexylitol.com.vn/apw/wp-includes/functions.php on line 5471
[08-Jan-2026 03:47:36 UTC] PHP Notice:  ob_end_flush(): Failed to send buffer of zlib output compression (0) in /home/lottexylitolcom/public_html/staging.lottexylitol.com.vn/apw/wp-includes/functions.php on line 5471
[08-Jan-2026 04:12:17 UTC] PHP Notice:  ob_end_flush(): Failed to send buffer of zlib output compression (0) in /home/lottexylitolcom/public_html/staging.lottexylitol.com.vn/apw/wp-includes/functions.php on line 5471
[08-Jan-2026 04:12:21 UTC] PHP Notice:  ob_end_flush(): Failed to send buffer of zlib output compression (0) in /home/lottexylitolcom/public_html/staging.lottexylitol.com.vn/apw/wp-includes/functions.php on line 5471
[08-Jan-2026 04:12:29 UTC] PHP Notice:  ob_end_flush(): Failed to send buffer of zlib output compression (0) in /home/lottexylitolcom/public_html/staging.lottexylitol.com.vn/apw/wp-includes/functions.php on line 5471
[08-Jan-2026 04:13:04 UTC] PHP Notice:  ob_end_flush(): Failed to send buffer of zlib output compression (0) in /home/lottexylitolcom/public_html/staging.lottexylitol.com.vn/apw/wp-includes/functions.php on line 5471
[08-Jan-2026 04:14:36 UTC] PHP Notice:  ob_end_flush(): Failed to send buffer of zlib output compression (0) in /home/lottexylitolcom/public_html/staging.lottexylitol.com.vn/apw/wp-includes/functions.php on line 5471
[08-Jan-2026 04:14:39 UTC] PHP Notice:  ob_end_flush(): Failed to send buffer of zlib output compression (0) in /home/lottexylitolcom/public_html/staging.lottexylitol.com.vn/apw/wp-includes/functions.php on line 5471
[08-Jan-2026 04:15:01 UTC] PHP Notice:  ob_end_flush(): Failed to send buffer of zlib output compression (0) in /home/lottexylitolcom/public_html/staging.lottexylitol.com.vn/apw/wp-includes/functions.php on line 5471
[08-Jan-2026 04:15:07 UTC] PHP Notice:  ob_end_flush(): Failed to send buffer of zlib output compression (0) in /home/lottexylitolcom/public_html/staging.lottexylitol.com.vn/apw/wp-includes/functions.php on line 5471
[08-Jan-2026 04:15:11 UTC] PHP Notice:  ob_end_flush(): Failed to send buffer of zlib output compression (0) in /home/lottexylitolcom/public_html/staging.lottexylitol.com.vn/apw/wp-includes/functions.php on line 5471
[08-Jan-2026 04:15:20 UTC] PHP Notice:  ob_end_flush(): Failed to send buffer of zlib output compression (0) in /home/lottexylitolcom/public_html/staging.lottexylitol.com.vn/apw/wp-includes/functions.php on line 5471
[08-Jan-2026 04:15:25 UTC] PHP Notice:  ob_end_flush(): Failed to send buffer of zlib output compression (0) in /home/lottexylitolcom/public_html/staging.lottexylitol.com.vn/apw/wp-includes/functions.php on line 5471
[08-Jan-2026 04:15:29 UTC] PHP Notice:  ob_end_flush(): Failed to send buffer of zlib output compression (0) in /home/lottexylitolcom/public_html/staging.lottexylitol.com.vn/apw/wp-includes/functions.php on line 5471
[08-Jan-2026 04:15:42 UTC] PHP Notice:  ob_end_flush(): Failed to send buffer of zlib output compression (0) in /home/lottexylitolcom/public_html/staging.lottexylitol.com.vn/apw/wp-includes/functions.php on line 5471
[08-Jan-2026 04:15:43 UTC] PHP Notice:  ob_end_flush(): Failed to send buffer of zlib output compression (0) in /home/lottexylitolcom/public_html/staging.lottexylitol.com.vn/apw/wp-includes/functions.php on line 5471
[08-Jan-2026 05:33:53 UTC] PHP Notice:  ob_end_flush(): Failed to send buffer of zlib output compression (0) in /home/lottexylitolcom/public_html/staging.lottexylitol.com.vn/apw/wp-includes/functions.php on line 5471
[08-Jan-2026 05:34:00 UTC] PHP Notice:  ob_end_flush(): Failed to send buffer of zlib output compression (0) in /home/lottexylitolcom/public_html/staging.lottexylitol.com.vn/apw/wp-includes/functions.php on line 5471
[08-Jan-2026 05:34:11 UTC] PHP Notice:  ob_end_flush(): Failed to send buffer of zlib output compression (0) in /home/lottexylitolcom/public_html/staging.lottexylitol.com.vn/apw/wp-includes/functions.php on line 5471
[08-Jan-2026 05:35:46 UTC] PHP Notice:  ob_end_flush(): Failed to send buffer of zlib output compression (0) in /home/lottexylitolcom/public_html/staging.lottexylitol.com.vn/apw/wp-includes/functions.php on line 5471
[08-Jan-2026 05:36:49 UTC] PHP Notice:  ob_end_flush(): Failed to send buffer of zlib output compression (0) in /home/lottexylitolcom/public_html/staging.lottexylitol.com.vn/apw/wp-includes/functions.php on line 5471
[08-Jan-2026 08:43:24 UTC] PHP Notice:  ob_end_flush(): Failed to send buffer of zlib output compression (0) in /home/lottexylitolcom/public_html/staging.lottexylitol.com.vn/apw/wp-includes/functions.php on line 5471
[08-Jan-2026 08:43:26 UTC] PHP Notice:  ob_end_flush(): Failed to send buffer of zlib output compression (0) in /home/lottexylitolcom/public_html/staging.lottexylitol.com.vn/apw/wp-includes/functions.php on line 5471
[08-Jan-2026 08:43:27 UTC] PHP Notice:  ob_end_flush(): Failed to send buffer of zlib output compression (0) in /home/lottexylitolcom/public_html/staging.lottexylitol.com.vn/apw/wp-includes/functions.php on line 5471
[09-Jan-2026 01:30:44 UTC] PHP Notice:  ob_end_flush(): Failed to send buffer of zlib output compression (0) in /home/lottexylitolcom/public_html/staging.lottexylitol.com.vn/apw/wp-includes/functions.php on line 5471
[09-Jan-2026 03:45:23 UTC] PHP Notice:  ob_end_flush(): Failed to send buffer of zlib output compression (0) in /home/lottexylitolcom/public_html/staging.lottexylitol.com.vn/apw/wp-includes/functions.php on line 5471
[09-Jan-2026 03:45:40 UTC] PHP Notice:  ob_end_flush(): Failed to send buffer of zlib output compression (0) in /home/lottexylitolcom/public_html/staging.lottexylitol.com.vn/apw/wp-includes/functions.php on line 5471
[09-Jan-2026 03:45:42 UTC] PHP Notice:  ob_end_flush(): Failed to send buffer of zlib output compression (0) in /home/lottexylitolcom/public_html/staging.lottexylitol.com.vn/apw/wp-includes/functions.php on line 5471
[09-Jan-2026 06:14:05 UTC] PHP Notice:  ob_end_flush(): Failed to send buffer of zlib output compression (0) in /home/lottexylitolcom/public_html/staging.lottexylitol.com.vn/apw/wp-includes/functions.php on line 5471
[09-Jan-2026 06:17:37 UTC] PHP Notice:  ob_end_flush(): Failed to send buffer of zlib output compression (0) in /home/lottexylitolcom/public_html/staging.lottexylitol.com.vn/apw/wp-includes/functions.php on line 5471
[09-Jan-2026 06:18:14 UTC] PHP Notice:  ob_end_flush(): Failed to send buffer of zlib output compression (0) in /home/lottexylitolcom/public_html/staging.lottexylitol.com.vn/apw/wp-includes/functions.php on line 5471
[09-Jan-2026 06:21:55 UTC] PHP Notice:  ob_end_flush(): Failed to send buffer of zlib output compression (0) in /home/lottexylitolcom/public_html/staging.lottexylitol.com.vn/apw/wp-includes/functions.php on line 5471
[09-Jan-2026 06:21:55 UTC] PHP Notice:  ob_end_flush(): Failed to send buffer of zlib output compression (0) in /home/lottexylitolcom/public_html/staging.lottexylitol.com.vn/apw/wp-includes/functions.php on line 5471
[09-Jan-2026 06:22:00 UTC] PHP Notice:  ob_end_flush(): Failed to send buffer of zlib output compression (0) in /home/lottexylitolcom/public_html/staging.lottexylitol.com.vn/apw/wp-includes/functions.php on line 5471
[09-Jan-2026 06:22:08 UTC] PHP Notice:  ob_end_flush(): Failed to send buffer of zlib output compression (0) in /home/lottexylitolcom/public_html/staging.lottexylitol.com.vn/apw/wp-includes/functions.php on line 5471
[09-Jan-2026 06:22:29 UTC] PHP Notice:  ob_end_flush(): Failed to send buffer of zlib output compression (0) in /home/lottexylitolcom/public_html/staging.lottexylitol.com.vn/apw/wp-includes/functions.php on line 5471
[09-Jan-2026 06:22:34 UTC] PHP Notice:  ob_end_flush(): Failed to send buffer of zlib output compression (0) in /home/lottexylitolcom/public_html/staging.lottexylitol.com.vn/apw/wp-includes/functions.php on line 5471
[09-Jan-2026 06:22:38 UTC] PHP Notice:  ob_end_flush(): Failed to send buffer of zlib output compression (0) in /home/lottexylitolcom/public_html/staging.lottexylitol.com.vn/apw/wp-includes/functions.php on line 5471
[09-Jan-2026 06:22:39 UTC] PHP Notice:  ob_end_flush(): Failed to send buffer of zlib output compression (0) in /home/lottexylitolcom/public_html/staging.lottexylitol.com.vn/apw/wp-includes/functions.php on line 5471
[09-Jan-2026 06:22:52 UTC] PHP Notice:  ob_end_flush(): Failed to send buffer of zlib output compression (0) in /home/lottexylitolcom/public_html/staging.lottexylitol.com.vn/apw/wp-includes/functions.php on line 5471
[09-Jan-2026 06:23:03 UTC] PHP Notice:  ob_end_flush(): Failed to send buffer of zlib output compression (0) in /home/lottexylitolcom/public_html/staging.lottexylitol.com.vn/apw/wp-includes/functions.php on line 5471
[09-Jan-2026 06:23:08 UTC] PHP Notice:  ob_end_flush(): Failed to send buffer of zlib output compression (0) in /home/lottexylitolcom/public_html/staging.lottexylitol.com.vn/apw/wp-includes/functions.php on line 5471
[09-Jan-2026 06:23:10 UTC] PHP Notice:  ob_end_flush(): Failed to send buffer of zlib output compression (0) in /home/lottexylitolcom/public_html/staging.lottexylitol.com.vn/apw/wp-includes/functions.php on line 5471
[09-Jan-2026 06:23:12 UTC] PHP Notice:  ob_end_flush(): Failed to send buffer of zlib output compression (0) in /home/lottexylitolcom/public_html/staging.lottexylitol.com.vn/apw/wp-includes/functions.php on line 5471
[09-Jan-2026 06:23:16 UTC] PHP Notice:  ob_end_flush(): Failed to send buffer of zlib output compression (0) in /home/lottexylitolcom/public_html/staging.lottexylitol.com.vn/apw/wp-includes/functions.php on line 5471
[09-Jan-2026 06:23:17 UTC] PHP Notice:  ob_end_flush(): Failed to send buffer of zlib output compression (0) in /home/lottexylitolcom/public_html/staging.lottexylitol.com.vn/apw/wp-includes/functions.php on line 5471
[09-Jan-2026 06:23:42 UTC] PHP Notice:  ob_end_flush(): Failed to send buffer of zlib output compression (0) in /home/lottexylitolcom/public_html/staging.lottexylitol.com.vn/apw/wp-includes/functions.php on line 5471
[11-Jan-2026 02:16:56 UTC] PHP Notice:  ob_end_flush(): Failed to send buffer of zlib output compression (0) in /home/lottexylitolcom/public_html/staging.lottexylitol.com.vn/apw/wp-includes/functions.php on line 5471
[11-Jan-2026 02:17:26 UTC] PHP Notice:  ob_end_flush(): Failed to send buffer of zlib output compression (0) in /home/lottexylitolcom/public_html/staging.lottexylitol.com.vn/apw/wp-includes/functions.php on line 5471
[11-Jan-2026 02:17:34 UTC] PHP Notice:  ob_end_flush(): Failed to send buffer of zlib output compression (0) in /home/lottexylitolcom/public_html/staging.lottexylitol.com.vn/apw/wp-includes/functions.php on line 5471
[11-Jan-2026 02:18:11 UTC] PHP Notice:  ob_end_flush(): Failed to send buffer of zlib output compression (0) in /home/lottexylitolcom/public_html/staging.lottexylitol.com.vn/apw/wp-includes/functions.php on line 5471
[11-Jan-2026 02:21:44 UTC] PHP Notice:  ob_end_flush(): Failed to send buffer of zlib output compression (0) in /home/lottexylitolcom/public_html/staging.lottexylitol.com.vn/apw/wp-includes/functions.php on line 5471
[11-Jan-2026 02:21:50 UTC] PHP Notice:  ob_end_flush(): Failed to send buffer of zlib output compression (0) in /home/lottexylitolcom/public_html/staging.lottexylitol.com.vn/apw/wp-includes/functions.php on line 5471
[11-Jan-2026 02:22:06 UTC] PHP Notice:  ob_end_flush(): Failed to send buffer of zlib output compression (0) in /home/lottexylitolcom/public_html/staging.lottexylitol.com.vn/apw/wp-includes/functions.php on line 5471
[11-Jan-2026 02:22:08 UTC] PHP Notice:  ob_end_flush(): Failed to send buffer of zlib output compression (0) in /home/lottexylitolcom/public_html/staging.lottexylitol.com.vn/apw/wp-includes/functions.php on line 5471
[11-Jan-2026 02:22:57 UTC] PHP Notice:  ob_end_flush(): Failed to send buffer of zlib output compression (0) in /home/lottexylitolcom/public_html/staging.lottexylitol.com.vn/apw/wp-includes/functions.php on line 5471
[11-Jan-2026 02:24:08 UTC] PHP Notice:  ob_end_flush(): Failed to send buffer of zlib output compression (0) in /home/lottexylitolcom/public_html/staging.lottexylitol.com.vn/apw/wp-includes/functions.php on line 5471
[11-Jan-2026 02:24:17 UTC] PHP Notice:  ob_end_flush(): Failed to send buffer of zlib output compression (0) in /home/lottexylitolcom/public_html/staging.lottexylitol.com.vn/apw/wp-includes/functions.php on line 5471
[11-Jan-2026 02:24:24 UTC] PHP Notice:  ob_end_flush(): Failed to send buffer of zlib output compression (0) in /home/lottexylitolcom/public_html/staging.lottexylitol.com.vn/apw/wp-includes/functions.php on line 5471
[11-Jan-2026 02:24:32 UTC] PHP Notice:  ob_end_flush(): Failed to send buffer of zlib output compression (0) in /home/lottexylitolcom/public_html/staging.lottexylitol.com.vn/apw/wp-includes/functions.php on line 5471
[11-Jan-2026 02:26:40 UTC] PHP Notice:  ob_end_flush(): Failed to send buffer of zlib output compression (0) in /home/lottexylitolcom/public_html/staging.lottexylitol.com.vn/apw/wp-includes/functions.php on line 5471
[11-Jan-2026 02:26:45 UTC] PHP Notice:  ob_end_flush(): Failed to send buffer of zlib output compression (0) in /home/lottexylitolcom/public_html/staging.lottexylitol.com.vn/apw/wp-includes/functions.php on line 5471
[11-Jan-2026 02:26:59 UTC] PHP Notice:  ob_end_flush(): Failed to send buffer of zlib output compression (0) in /home/lottexylitolcom/public_html/staging.lottexylitol.com.vn/apw/wp-includes/functions.php on line 5471
[11-Jan-2026 02:27:02 UTC] PHP Notice:  ob_end_flush(): Failed to send buffer of zlib output compression (0) in /home/lottexylitolcom/public_html/staging.lottexylitol.com.vn/apw/wp-includes/functions.php on line 5471
[11-Jan-2026 02:28:18 UTC] PHP Notice:  ob_end_flush(): Failed to send buffer of zlib output compression (0) in /home/lottexylitolcom/public_html/staging.lottexylitol.com.vn/apw/wp-includes/functions.php on line 5471
[11-Jan-2026 02:29:05 UTC] PHP Notice:  ob_end_flush(): Failed to send buffer of zlib output compression (0) in /home/lottexylitolcom/public_html/staging.lottexylitol.com.vn/apw/wp-includes/functions.php on line 5471
[11-Jan-2026 02:31:47 UTC] PHP Notice:  ob_end_flush(): Failed to send buffer of zlib output compression (0) in /home/lottexylitolcom/public_html/staging.lottexylitol.com.vn/apw/wp-includes/functions.php on line 5471
[11-Jan-2026 02:35:10 UTC] PHP Notice:  ob_end_flush(): Failed to send buffer of zlib output compression (0) in /home/lottexylitolcom/public_html/staging.lottexylitol.com.vn/apw/wp-includes/functions.php on line 5471
[11-Jan-2026 02:35:16 UTC] PHP Notice:  ob_end_flush(): Failed to send buffer of zlib output compression (0) in /home/lottexylitolcom/public_html/staging.lottexylitol.com.vn/apw/wp-includes/functions.php on line 5471
[18-Jan-2026 02:20:12 UTC] PHP Notice:  ob_end_flush(): Failed to send buffer of zlib output compression (0) in /home/lottexylitolcom/public_html/staging.lottexylitol.com.vn/apw/wp-includes/functions.php on line 5471
[18-Jan-2026 02:20:18 UTC] PHP Notice:  ob_end_flush(): Failed to send buffer of zlib output compression (0) in /home/lottexylitolcom/public_html/staging.lottexylitol.com.vn/apw/wp-includes/functions.php on line 5471
[18-Jan-2026 02:20:25 UTC] PHP Notice:  ob_end_flush(): Failed to send buffer of zlib output compression (0) in /home/lottexylitolcom/public_html/staging.lottexylitol.com.vn/apw/wp-includes/functions.php on line 5471
[18-Jan-2026 02:21:11 UTC] PHP Notice:  ob_end_flush(): Failed to send buffer of zlib output compression (0) in /home/lottexylitolcom/public_html/staging.lottexylitol.com.vn/apw/wp-includes/functions.php on line 5471
[18-Jan-2026 02:21:24 UTC] PHP Notice:  ob_end_flush(): Failed to send buffer of zlib output compression (0) in /home/lottexylitolcom/public_html/staging.lottexylitol.com.vn/apw/wp-includes/functions.php on line 5471
[18-Jan-2026 02:28:54 UTC] PHP Notice:  ob_end_flush(): Failed to send buffer of zlib output compression (0) in /home/lottexylitolcom/public_html/staging.lottexylitol.com.vn/apw/wp-includes/functions.php on line 5471
[18-Jan-2026 02:35:59 UTC] PHP Notice:  ob_end_flush(): Failed to send buffer of zlib output compression (0) in /home/lottexylitolcom/public_html/staging.lottexylitol.com.vn/apw/wp-includes/functions.php on line 5471
[18-Jan-2026 02:36:05 UTC] PHP Notice:  ob_end_flush(): Failed to send buffer of zlib output compression (0) in /home/lottexylitolcom/public_html/staging.lottexylitol.com.vn/apw/wp-includes/functions.php on line 5471
[19-Jan-2026 00:58:55 UTC] PHP Notice:  ob_end_flush(): Failed to send buffer of zlib output compression (0) in /home/lottexylitolcom/public_html/staging.lottexylitol.com.vn/apw/wp-includes/functions.php on line 5471
[30-Jan-2026 01:30:59 UTC] PHP Notice:  ob_end_flush(): Failed to send buffer of zlib output compression (0) in /home/lottexylitolcom/public_html/staging.lottexylitol.com.vn/apw/wp-includes/functions.php on line 5471
[30-Jan-2026 01:31:15 UTC] PHP Notice:  ob_end_flush(): Failed to send buffer of zlib output compression (0) in /home/lottexylitolcom/public_html/staging.lottexylitol.com.vn/apw/wp-includes/functions.php on line 5471
[30-Jan-2026 01:31:18 UTC] PHP Notice:  ob_end_flush(): Failed to send buffer of zlib output compression (0) in /home/lottexylitolcom/public_html/staging.lottexylitol.com.vn/apw/wp-includes/functions.php on line 5471
[30-Jan-2026 01:37:41 UTC] PHP Notice:  ob_end_flush(): Failed to send buffer of zlib output compression (0) in /home/lottexylitolcom/public_html/staging.lottexylitol.com.vn/apw/wp-includes/functions.php on line 5471
[06-Feb-2026 01:55:13 UTC] PHP Notice:  ob_end_flush(): Failed to send buffer of zlib output compression (0) in /home/lottexylitolcom/public_html/staging.lottexylitol.com.vn/apw/wp-includes/functions.php on line 5471
[06-Feb-2026 02:09:11 UTC] PHP Notice:  ob_end_flush(): Failed to send buffer of zlib output compression (0) in /home/lottexylitolcom/public_html/staging.lottexylitol.com.vn/apw/wp-includes/functions.php on line 5471
[27-Feb-2026 01:21:32 UTC] PHP Notice:  ob_end_flush(): Failed to send buffer of zlib output compression (0) in /home/lottexylitolcom/public_html/staging.lottexylitol.com.vn/apw/wp-includes/functions.php on line 5471
[27-Feb-2026 01:21:54 UTC] PHP Notice:  ob_end_flush(): Failed to send buffer of zlib output compression (0) in /home/lottexylitolcom/public_html/staging.lottexylitol.com.vn/apw/wp-includes/functions.php on line 5471
[27-Feb-2026 01:25:35 UTC] PHP Notice:  ob_end_flush(): Failed to send buffer of zlib output compression (0) in /home/lottexylitolcom/public_html/staging.lottexylitol.com.vn/apw/wp-includes/functions.php on line 5471
[05-Mar-2026 09:10:40 UTC] PHP Notice:  ob_end_flush(): Failed to send buffer of zlib output compression (0) in /home/lottexylitolcom/public_html/staging.lottexylitol.com.vn/apw/wp-includes/functions.php on line 5471
[05-Mar-2026 09:10:55 UTC] PHP Notice:  ob_end_flush(): Failed to send buffer of zlib output compression (0) in /home/lottexylitolcom/public_html/staging.lottexylitol.com.vn/apw/wp-includes/functions.php on line 5471
[05-Mar-2026 09:10:57 UTC] PHP Notice:  ob_end_flush(): Failed to send buffer of zlib output compression (0) in /home/lottexylitolcom/public_html/staging.lottexylitol.com.vn/apw/wp-includes/functions.php on line 5471
[05-Mar-2026 09:12:06 UTC] PHP Notice:  ob_end_flush(): Failed to send buffer of zlib output compression (0) in /home/lottexylitolcom/public_html/staging.lottexylitol.com.vn/apw/wp-includes/functions.php on line 5471
[05-Mar-2026 09:19:25 UTC] PHP Notice:  ob_end_flush(): Failed to send buffer of zlib output compression (0) in /home/lottexylitolcom/public_html/staging.lottexylitol.com.vn/apw/wp-includes/functions.php on line 5471
[16-Mar-2026 04:06:19 UTC] PHP Notice:  ob_end_flush(): Failed to send buffer of zlib output compression (0) in /home/lottexylitolcom/public_html/staging.lottexylitol.com.vn/apw/wp-includes/functions.php on line 5471
[16-Mar-2026 04:06:32 UTC] PHP Notice:  ob_end_flush(): Failed to send buffer of zlib output compression (0) in /home/lottexylitolcom/public_html/staging.lottexylitol.com.vn/apw/wp-includes/functions.php on line 5471
[16-Mar-2026 04:06:33 UTC] PHP Notice:  ob_end_flush(): Failed to send buffer of zlib output compression (0) in /home/lottexylitolcom/public_html/staging.lottexylitol.com.vn/apw/wp-includes/functions.php on line 5471
[16-Mar-2026 04:06:54 UTC] PHP Notice:  ob_end_flush(): Failed to send buffer of zlib output compression (0) in /home/lottexylitolcom/public_html/staging.lottexylitol.com.vn/apw/wp-includes/functions.php on line 5471
[16-Mar-2026 04:07:49 UTC] PHP Notice:  ob_end_flush(): Failed to send buffer of zlib output compression (0) in /home/lottexylitolcom/public_html/staging.lottexylitol.com.vn/apw/wp-includes/functions.php on line 5471
[16-Mar-2026 04:08:43 UTC] PHP Notice:  ob_end_flush(): Failed to send buffer of zlib output compression (0) in /home/lottexylitolcom/public_html/staging.lottexylitol.com.vn/apw/wp-includes/functions.php on line 5471
[16-Mar-2026 04:08:47 UTC] PHP Notice:  ob_end_flush(): Failed to send buffer of zlib output compression (0) in /home/lottexylitolcom/public_html/staging.lottexylitol.com.vn/apw/wp-includes/functions.php on line 5471
[16-Mar-2026 04:08:48 UTC] PHP Notice:  ob_end_flush(): Failed to send buffer of zlib output compression (0) in /home/lottexylitolcom/public_html/staging.lottexylitol.com.vn/apw/wp-includes/functions.php on line 5471
[16-Mar-2026 04:09:17 UTC] PHP Notice:  ob_end_flush(): Failed to send buffer of zlib output compression (0) in /home/lottexylitolcom/public_html/staging.lottexylitol.com.vn/apw/wp-includes/functions.php on line 5471
[16-Mar-2026 04:09:32 UTC] PHP Notice:  ob_end_flush(): Failed to send buffer of zlib output compression (0) in /home/lottexylitolcom/public_html/staging.lottexylitol.com.vn/apw/wp-includes/functions.php on line 5471
[16-Mar-2026 04:12:02 UTC] PHP Notice:  ob_end_flush(): Failed to send buffer of zlib output compression (0) in /home/lottexylitolcom/public_html/staging.lottexylitol.com.vn/apw/wp-includes/functions.php on line 5471
[16-Mar-2026 04:12:16 UTC] PHP Notice:  ob_end_flush(): Failed to send buffer of zlib output compression (0) in /home/lottexylitolcom/public_html/staging.lottexylitol.com.vn/apw/wp-includes/functions.php on line 5471
[16-Mar-2026 04:12:20 UTC] PHP Notice:  ob_end_flush(): Failed to send buffer of zlib output compression (0) in /home/lottexylitolcom/public_html/staging.lottexylitol.com.vn/apw/wp-includes/functions.php on line 5471
[16-Mar-2026 04:13:15 UTC] PHP Notice:  ob_end_flush(): Failed to send buffer of zlib output compression (0) in /home/lottexylitolcom/public_html/staging.lottexylitol.com.vn/apw/wp-includes/functions.php on line 5471
[16-Mar-2026 04:34:59 UTC] PHP Notice:  ob_end_flush(): Failed to send buffer of zlib output compression (0) in /home/lottexylitolcom/public_html/staging.lottexylitol.com.vn/apw/wp-includes/functions.php on line 5471
[16-Mar-2026 04:35:06 UTC] PHP Notice:  ob_end_flush(): Failed to send buffer of zlib output compression (0) in /home/lottexylitolcom/public_html/staging.lottexylitol.com.vn/apw/wp-includes/functions.php on line 5471
[17-Mar-2026 03:06:02 UTC] PHP Notice:  ob_end_flush(): Failed to send buffer of zlib output compression (0) in /home/lottexylitolcom/public_html/staging.lottexylitol.com.vn/apw/wp-includes/functions.php on line 5471
[17-Mar-2026 03:17:27 UTC] PHP Notice:  ob_end_flush(): Failed to send buffer of zlib output compression (0) in /home/lottexylitolcom/public_html/staging.lottexylitol.com.vn/apw/wp-includes/functions.php on line 5471
[17-Mar-2026 03:46:52 UTC] PHP Notice:  ob_end_flush(): Failed to send buffer of zlib output compression (0) in /home/lottexylitolcom/public_html/staging.lottexylitol.com.vn/apw/wp-includes/functions.php on line 5471
[17-Mar-2026 03:47:56 UTC] PHP Notice:  ob_end_flush(): Failed to send buffer of zlib output compression (0) in /home/lottexylitolcom/public_html/staging.lottexylitol.com.vn/apw/wp-includes/functions.php on line 5471
[17-Mar-2026 03:48:00 UTC] PHP Notice:  ob_end_flush(): Failed to send buffer of zlib output compression (0) in /home/lottexylitolcom/public_html/staging.lottexylitol.com.vn/apw/wp-includes/functions.php on line 5471
[17-Mar-2026 03:48:13 UTC] PHP Notice:  ob_end_flush(): Failed to send buffer of zlib output compression (0) in /home/lottexylitolcom/public_html/staging.lottexylitol.com.vn/apw/wp-includes/functions.php on line 5471
[17-Mar-2026 03:48:37 UTC] PHP Notice:  ob_end_flush(): Failed to send buffer of zlib output compression (0) in /home/lottexylitolcom/public_html/staging.lottexylitol.com.vn/apw/wp-includes/functions.php on line 5471
[17-Mar-2026 03:54:03 UTC] PHP Notice:  ob_end_flush(): Failed to send buffer of zlib output compression (0) in /home/lottexylitolcom/public_html/staging.lottexylitol.com.vn/apw/wp-includes/functions.php on line 5471
[17-Mar-2026 04:00:53 UTC] PHP Notice:  ob_end_flush(): Failed to send buffer of zlib output compression (0) in /home/lottexylitolcom/public_html/staging.lottexylitol.com.vn/apw/wp-includes/functions.php on line 5471
[17-Mar-2026 09:01:43 UTC] PHP Notice:  ob_end_flush(): Failed to send buffer of zlib output compression (0) in /home/lottexylitolcom/public_html/staging.lottexylitol.com.vn/apw/wp-includes/functions.php on line 5471
[17-Mar-2026 09:01:47 UTC] PHP Notice:  ob_end_flush(): Failed to send buffer of zlib output compression (0) in /home/lottexylitolcom/public_html/staging.lottexylitol.com.vn/apw/wp-includes/functions.php on line 5471
[20-Mar-2026 01:22:50 UTC] PHP Notice:  ob_end_flush(): Failed to send buffer of zlib output compression (0) in /home/lottexylitolcom/public_html/staging.lottexylitol.com.vn/apw/wp-includes/functions.php on line 5471
[20-Mar-2026 01:22:55 UTC] PHP Notice:  ob_end_flush(): Failed to send buffer of zlib output compression (0) in /home/lottexylitolcom/public_html/staging.lottexylitol.com.vn/apw/wp-includes/functions.php on line 5471
[20-Mar-2026 01:29:05 UTC] PHP Notice:  ob_end_flush(): Failed to send buffer of zlib output compression (0) in /home/lottexylitolcom/public_html/staging.lottexylitol.com.vn/apw/wp-includes/functions.php on line 5471
[20-Mar-2026 01:29:09 UTC] PHP Notice:  ob_end_flush(): Failed to send buffer of zlib output compression (0) in /home/lottexylitolcom/public_html/staging.lottexylitol.com.vn/apw/wp-includes/functions.php on line 5471
[20-Mar-2026 01:30:04 UTC] PHP Notice:  ob_end_flush(): Failed to send buffer of zlib output compression (0) in /home/lottexylitolcom/public_html/staging.lottexylitol.com.vn/apw/wp-includes/functions.php on line 5471
[20-Mar-2026 01:30:07 UTC] PHP Notice:  ob_end_flush(): Failed to send buffer of zlib output compression (0) in /home/lottexylitolcom/public_html/staging.lottexylitol.com.vn/apw/wp-includes/functions.php on line 5471
[20-Mar-2026 01:30:11 UTC] PHP Notice:  ob_end_flush(): Failed to send buffer of zlib output compression (0) in /home/lottexylitolcom/public_html/staging.lottexylitol.com.vn/apw/wp-includes/functions.php on line 5471
[20-Mar-2026 01:30:34 UTC] PHP Notice:  ob_end_flush(): Failed to send buffer of zlib output compression (0) in /home/lottexylitolcom/public_html/staging.lottexylitol.com.vn/apw/wp-includes/functions.php on line 5471
[20-Mar-2026 01:31:29 UTC] PHP Notice:  ob_end_flush(): Failed to send buffer of zlib output compression (0) in /home/lottexylitolcom/public_html/staging.lottexylitol.com.vn/apw/wp-includes/functions.php on line 5471
[20-Mar-2026 02:25:48 UTC] PHP Notice:  ob_end_flush(): Failed to send buffer of zlib output compression (0) in /home/lottexylitolcom/public_html/staging.lottexylitol.com.vn/apw/wp-includes/functions.php on line 5471
[20-Mar-2026 02:30:37 UTC] PHP Fatal error:  Uncaught Error: Class "Lotte_Lucky" not found in /home/lottexylitolcom/public_html/staging.lottexylitol.com.vn/apw/wp-test.php:78
Stack trace:
#0 {main}
  thrown in /home/lottexylitolcom/public_html/staging.lottexylitol.com.vn/apw/wp-test.php on line 78
[20-Mar-2026 02:31:01 UTC] PHP Warning:  Undefined array key "gift_id" in /home/lottexylitolcom/public_html/staging.lottexylitol.com.vn/apw/wp-test.php on line 113
[20-Mar-2026 02:31:01 UTC] PHP Warning:  Undefined array key "gift_id" in /home/lottexylitolcom/public_html/staging.lottexylitol.com.vn/apw/wp-test.php on line 113
[20-Mar-2026 02:31:01 UTC] PHP Warning:  Undefined array key "gift_id" in /home/lottexylitolcom/public_html/staging.lottexylitol.com.vn/apw/wp-test.php on line 113
[20-Mar-2026 02:31:01 UTC] PHP Warning:  Undefined array key "gift_id" in /home/lottexylitolcom/public_html/staging.lottexylitol.com.vn/apw/wp-test.php on line 113
[20-Mar-2026 02:31:01 UTC] PHP Warning:  Undefined array key "gift_id" in /home/lottexylitolcom/public_html/staging.lottexylitol.com.vn/apw/wp-test.php on line 113
[20-Mar-2026 02:31:01 UTC] PHP Warning:  Undefined array key "gift_id" in /home/lottexylitolcom/public_html/staging.lottexylitol.com.vn/apw/wp-test.php on line 113
[20-Mar-2026 02:31:01 UTC] PHP Warning:  Undefined array key "gift_id" in /home/lottexylitolcom/public_html/staging.lottexylitol.com.vn/apw/wp-test.php on line 113
[20-Mar-2026 02:31:02 UTC] PHP Warning:  Undefined array key "gift_id" in /home/lottexylitolcom/public_html/staging.lottexylitol.com.vn/apw/wp-test.php on line 113
[20-Mar-2026 02:31:02 UTC] PHP Notice:  ob_end_flush(): Failed to send buffer of zlib output compression (0) in /home/lottexylitolcom/public_html/staging.lottexylitol.com.vn/apw/wp-includes/functions.php on line 5471
[20-Mar-2026 02:32:17 UTC] PHP Warning:  Undefined array key "gift_id" in /home/lottexylitolcom/public_html/staging.lottexylitol.com.vn/apw/wp-test.php on line 109
[20-Mar-2026 02:32:17 UTC] PHP Warning:  Undefined array key "gift_id" in /home/lottexylitolcom/public_html/staging.lottexylitol.com.vn/apw/wp-test.php on line 109
[20-Mar-2026 02:32:17 UTC] PHP Warning:  Undefined array key "gift_id" in /home/lottexylitolcom/public_html/staging.lottexylitol.com.vn/apw/wp-test.php on line 109
[20-Mar-2026 02:32:17 UTC] PHP Warning:  Undefined array key "gift_id" in /home/lottexylitolcom/public_html/staging.lottexylitol.com.vn/apw/wp-test.php on line 109
[20-Mar-2026 02:32:17 UTC] PHP Warning:  Undefined array key "gift_id" in /home/lottexylitolcom/public_html/staging.lottexylitol.com.vn/apw/wp-test.php on line 109
[20-Mar-2026 02:32:17 UTC] PHP Warning:  Undefined array key "gift_id" in /home/lottexylitolcom/public_html/staging.lottexylitol.com.vn/apw/wp-test.php on line 109
[20-Mar-2026 02:32:17 UTC] PHP Warning:  Undefined array key "gift_id" in /home/lottexylitolcom/public_html/staging.lottexylitol.com.vn/apw/wp-test.php on line 109
[20-Mar-2026 02:32:17 UTC] PHP Warning:  Undefined array key "gift_id" in /home/lottexylitolcom/public_html/staging.lottexylitol.com.vn/apw/wp-test.php on line 109
[20-Mar-2026 02:32:56 UTC] PHP Warning:  Undefined array key "gift_id" in /home/lottexylitolcom/public_html/staging.lottexylitol.com.vn/apw/wp-test.php on line 111
[20-Mar-2026 02:32:56 UTC] PHP Warning:  Undefined array key "gift_id" in /home/lottexylitolcom/public_html/staging.lottexylitol.com.vn/apw/wp-test.php on line 111
[20-Mar-2026 02:32:56 UTC] PHP Warning:  Undefined array key "gift_id" in /home/lottexylitolcom/public_html/staging.lottexylitol.com.vn/apw/wp-test.php on line 111
[20-Mar-2026 02:32:56 UTC] PHP Warning:  Undefined array key "gift_id" in /home/lottexylitolcom/public_html/staging.lottexylitol.com.vn/apw/wp-test.php on line 111
[20-Mar-2026 02:32:56 UTC] PHP Warning:  Undefined array key "gift_id" in /home/lottexylitolcom/public_html/staging.lottexylitol.com.vn/apw/wp-test.php on line 111
[20-Mar-2026 02:32:56 UTC] PHP Warning:  Undefined array key "gift_id" in /home/lottexylitolcom/public_html/staging.lottexylitol.com.vn/apw/wp-test.php on line 111
[20-Mar-2026 02:32:56 UTC] PHP Warning:  Undefined array key "gift_id" in /home/lottexylitolcom/public_html/staging.lottexylitol.com.vn/apw/wp-test.php on line 111
[20-Mar-2026 02:32:56 UTC] PHP Warning:  Undefined array key "gift_id" in /home/lottexylitolcom/public_html/staging.lottexylitol.com.vn/apw/wp-test.php on line 111
[20-Mar-2026 02:33:13 UTC] PHP Warning:  Undefined array key "gift_id" in /home/lottexylitolcom/public_html/staging.lottexylitol.com.vn/apw/wp-test.php on line 111
[20-Mar-2026 02:33:13 UTC] PHP Warning:  Undefined array key "gift_id" in /home/lottexylitolcom/public_html/staging.lottexylitol.com.vn/apw/wp-test.php on line 111
[20-Mar-2026 02:33:13 UTC] PHP Warning:  Undefined array key "gift_id" in /home/lottexylitolcom/public_html/staging.lottexylitol.com.vn/apw/wp-test.php on line 111
[20-Mar-2026 02:33:13 UTC] PHP Warning:  Undefined array key "gift_id" in /home/lottexylitolcom/public_html/staging.lottexylitol.com.vn/apw/wp-test.php on line 111
[20-Mar-2026 02:33:13 UTC] PHP Warning:  Undefined array key "gift_id" in /home/lottexylitolcom/public_html/staging.lottexylitol.com.vn/apw/wp-test.php on line 111
[20-Mar-2026 02:33:13 UTC] PHP Warning:  Undefined array key "gift_id" in /home/lottexylitolcom/public_html/staging.lottexylitol.com.vn/apw/wp-test.php on line 111
[20-Mar-2026 02:33:13 UTC] PHP Warning:  Undefined array key "gift_id" in /home/lottexylitolcom/public_html/staging.lottexylitol.com.vn/apw/wp-test.php on line 111
[20-Mar-2026 02:33:13 UTC] PHP Warning:  Undefined array key "gift_id" in /home/lottexylitolcom/public_html/staging.lottexylitol.com.vn/apw/wp-test.php on line 111
[20-Mar-2026 02:58:27 UTC] PHP Warning:  Undefined variable $code_entered_time in /home/lottexylitolcom/public_html/staging.lottexylitol.com.vn/apw/wp-test.php on line 84
[20-Mar-2026 02:58:27 UTC] PHP Deprecated:  strtotime(): Passing null to parameter #1 ($datetime) of type string is deprecated in /home/lottexylitolcom/public_html/staging.lottexylitol.com.vn/apw/wp-test.php on line 84
[20-Mar-2026 02:58:58 UTC] PHP Warning:  Undefined variable $code_entered_time in /home/lottexylitolcom/public_html/staging.lottexylitol.com.vn/apw/wp-test.php on line 84
[20-Mar-2026 02:58:58 UTC] PHP Deprecated:  strtotime(): Passing null to parameter #1 ($datetime) of type string is deprecated in /home/lottexylitolcom/public_html/staging.lottexylitol.com.vn/apw/wp-test.php on line 84
[20-Mar-2026 02:59:10 UTC] PHP Warning:  Undefined variable $code_entered_time in /home/lottexylitolcom/public_html/staging.lottexylitol.com.vn/apw/wp-test.php on line 84
[20-Mar-2026 02:59:10 UTC] PHP Deprecated:  strtotime(): Passing null to parameter #1 ($datetime) of type string is deprecated in /home/lottexylitolcom/public_html/staging.lottexylitol.com.vn/apw/wp-test.php on line 84
[20-Mar-2026 03:01:56 UTC] PHP Warning:  Undefined variable $code_entered_time in /home/lottexylitolcom/public_html/staging.lottexylitol.com.vn/apw/wp-test.php on line 84
[20-Mar-2026 03:01:56 UTC] PHP Deprecated:  strtotime(): Passing null to parameter #1 ($datetime) of type string is deprecated in /home/lottexylitolcom/public_html/staging.lottexylitol.com.vn/apw/wp-test.php on line 84
[20-Mar-2026 03:02:00 UTC] PHP Notice:  ob_end_flush(): Failed to send buffer of zlib output compression (0) in /home/lottexylitolcom/public_html/staging.lottexylitol.com.vn/apw/wp-includes/functions.php on line 5471
[20-Mar-2026 03:02:12 UTC] PHP Notice:  ob_end_flush(): Failed to send buffer of zlib output compression (0) in /home/lottexylitolcom/public_html/staging.lottexylitol.com.vn/apw/wp-includes/functions.php on line 5471
[20-Mar-2026 03:04:10 UTC] PHP Warning:  Undefined variable $code_entered_time in /home/lottexylitolcom/public_html/staging.lottexylitol.com.vn/apw/wp-test.php on line 84
[20-Mar-2026 03:04:10 UTC] PHP Deprecated:  strtotime(): Passing null to parameter #1 ($datetime) of type string is deprecated in /home/lottexylitolcom/public_html/staging.lottexylitol.com.vn/apw/wp-test.php on line 84
[20-Mar-2026 03:06:49 UTC] PHP Warning:  Undefined variable $code_entered_time in /home/lottexylitolcom/public_html/staging.lottexylitol.com.vn/apw/wp-test.php on line 82
[20-Mar-2026 03:06:49 UTC] PHP Deprecated:  strtotime(): Passing null to parameter #1 ($datetime) of type string is deprecated in /home/lottexylitolcom/public_html/staging.lottexylitol.com.vn/apw/wp-test.php on line 82
[20-Mar-2026 03:09:08 UTC] PHP Notice:  ob_end_flush(): Failed to send buffer of zlib output compression (0) in /home/lottexylitolcom/public_html/staging.lottexylitol.com.vn/apw/wp-includes/functions.php on line 5471
[20-Mar-2026 03:10:31 UTC] PHP Notice:  ob_end_flush(): Failed to send buffer of zlib output compression (0) in /home/lottexylitolcom/public_html/staging.lottexylitol.com.vn/apw/wp-includes/functions.php on line 5471
[20-Mar-2026 03:11:56 UTC] PHP Notice:  ob_end_flush(): Failed to send buffer of zlib output compression (0) in /home/lottexylitolcom/public_html/staging.lottexylitol.com.vn/apw/wp-includes/functions.php on line 5471
[20-Mar-2026 03:12:03 UTC] PHP Notice:  ob_end_flush(): Failed to send buffer of zlib output compression (0) in /home/lottexylitolcom/public_html/staging.lottexylitol.com.vn/apw/wp-includes/functions.php on line 5471
[20-Mar-2026 03:12:10 UTC] PHP Notice:  ob_end_flush(): Failed to send buffer of zlib output compression (0) in /home/lottexylitolcom/public_html/staging.lottexylitol.com.vn/apw/wp-includes/functions.php on line 5471
[20-Mar-2026 03:12:31 UTC] PHP Notice:  ob_end_flush(): Failed to send buffer of zlib output compression (0) in /home/lottexylitolcom/public_html/staging.lottexylitol.com.vn/apw/wp-includes/functions.php on line 5471
[20-Mar-2026 03:12:36 UTC] PHP Notice:  ob_end_flush(): Failed to send buffer of zlib output compression (0) in /home/lottexylitolcom/public_html/staging.lottexylitol.com.vn/apw/wp-includes/functions.php on line 5471
[20-Mar-2026 03:12:45 UTC] PHP Notice:  ob_end_flush(): Failed to send buffer of zlib output compression (0) in /home/lottexylitolcom/public_html/staging.lottexylitol.com.vn/apw/wp-includes/functions.php on line 5471
[20-Mar-2026 03:12:48 UTC] PHP Notice:  ob_end_flush(): Failed to send buffer of zlib output compression (0) in /home/lottexylitolcom/public_html/staging.lottexylitol.com.vn/apw/wp-includes/functions.php on line 5471
[20-Mar-2026 03:13:37 UTC] PHP Notice:  ob_end_flush(): Failed to send buffer of zlib output compression (0) in /home/lottexylitolcom/public_html/staging.lottexylitol.com.vn/apw/wp-includes/functions.php on line 5471
[20-Mar-2026 03:17:21 UTC] PHP Notice:  ob_end_flush(): Failed to send buffer of zlib output compression (0) in /home/lottexylitolcom/public_html/staging.lottexylitol.com.vn/apw/wp-includes/functions.php on line 5471
[20-Mar-2026 03:17:32 UTC] PHP Notice:  ob_end_flush(): Failed to send buffer of zlib output compression (0) in /home/lottexylitolcom/public_html/staging.lottexylitol.com.vn/apw/wp-includes/functions.php on line 5471
[20-Mar-2026 03:17:38 UTC] PHP Notice:  ob_end_flush(): Failed to send buffer of zlib output compression (0) in /home/lottexylitolcom/public_html/staging.lottexylitol.com.vn/apw/wp-includes/functions.php on line 5471
[20-Mar-2026 03:17:44 UTC] PHP Notice:  ob_end_flush(): Failed to send buffer of zlib output compression (0) in /home/lottexylitolcom/public_html/staging.lottexylitol.com.vn/apw/wp-includes/functions.php on line 5471
[20-Mar-2026 03:18:06 UTC] PHP Notice:  ob_end_flush(): Failed to send buffer of zlib output compression (0) in /home/lottexylitolcom/public_html/staging.lottexylitol.com.vn/apw/wp-includes/functions.php on line 5471
[20-Mar-2026 03:18:12 UTC] PHP Notice:  ob_end_flush(): Failed to send buffer of zlib output compression (0) in /home/lottexylitolcom/public_html/staging.lottexylitol.com.vn/apw/wp-includes/functions.php on line 5471
[20-Mar-2026 03:18:20 UTC] PHP Notice:  ob_end_flush(): Failed to send buffer of zlib output compression (0) in /home/lottexylitolcom/public_html/staging.lottexylitol.com.vn/apw/wp-includes/functions.php on line 5471
[20-Mar-2026 03:18:24 UTC] PHP Notice:  ob_end_flush(): Failed to send buffer of zlib output compression (0) in /home/lottexylitolcom/public_html/staging.lottexylitol.com.vn/apw/wp-includes/functions.php on line 5471
[20-Mar-2026 03:18:26 UTC] PHP Notice:  ob_end_flush(): Failed to send buffer of zlib output compression (0) in /home/lottexylitolcom/public_html/staging.lottexylitol.com.vn/apw/wp-includes/functions.php on line 5471
[20-Mar-2026 03:20:31 UTC] PHP Notice:  ob_end_flush(): Failed to send buffer of zlib output compression (0) in /home/lottexylitolcom/public_html/staging.lottexylitol.com.vn/apw/wp-includes/functions.php on line 5471
[20-Mar-2026 03:20:36 UTC] PHP Notice:  ob_end_flush(): Failed to send buffer of zlib output compression (0) in /home/lottexylitolcom/public_html/staging.lottexylitol.com.vn/apw/wp-includes/functions.php on line 5471
[20-Mar-2026 03:20:39 UTC] PHP Notice:  ob_end_flush(): Failed to send buffer of zlib output compression (0) in /home/lottexylitolcom/public_html/staging.lottexylitol.com.vn/apw/wp-includes/functions.php on line 5471
[20-Mar-2026 03:20:40 UTC] PHP Notice:  ob_end_flush(): Failed to send buffer of zlib output compression (0) in /home/lottexylitolcom/public_html/staging.lottexylitol.com.vn/apw/wp-includes/functions.php on line 5471
[20-Mar-2026 03:20:42 UTC] PHP Notice:  ob_end_flush(): Failed to send buffer of zlib output compression (0) in /home/lottexylitolcom/public_html/staging.lottexylitol.com.vn/apw/wp-includes/functions.php on line 5471
[20-Mar-2026 03:20:52 UTC] PHP Notice:  ob_end_flush(): Failed to send buffer of zlib output compression (0) in /home/lottexylitolcom/public_html/staging.lottexylitol.com.vn/apw/wp-includes/functions.php on line 5471
[20-Mar-2026 03:21:00 UTC] PHP Notice:  ob_end_flush(): Failed to send buffer of zlib output compression (0) in /home/lottexylitolcom/public_html/staging.lottexylitol.com.vn/apw/wp-includes/functions.php on line 5471
[20-Mar-2026 03:23:27 UTC] PHP Notice:  ob_end_flush(): Failed to send buffer of zlib output compression (0) in /home/lottexylitolcom/public_html/staging.lottexylitol.com.vn/apw/wp-includes/functions.php on line 5471
[20-Mar-2026 07:04:38 UTC] PHP Notice:  ob_end_flush(): Failed to send buffer of zlib output compression (0) in /home/lottexylitolcom/public_html/staging.lottexylitol.com.vn/apw/wp-includes/functions.php on line 5471
[20-Mar-2026 07:04:40 UTC] PHP Notice:  ob_end_flush(): Failed to send buffer of zlib output compression (0) in /home/lottexylitolcom/public_html/staging.lottexylitol.com.vn/apw/wp-includes/functions.php on line 5471
[20-Mar-2026 07:05:26 UTC] PHP Notice:  ob_end_flush(): Failed to send buffer of zlib output compression (0) in /home/lottexylitolcom/public_html/staging.lottexylitol.com.vn/apw/wp-includes/functions.php on line 5471
[20-Mar-2026 07:23:32 UTC] PHP Notice:  ob_end_flush(): Failed to send buffer of zlib output compression (0) in /home/lottexylitolcom/public_html/staging.lottexylitol.com.vn/apw/wp-includes/functions.php on line 5471
[20-Mar-2026 07:23:36 UTC] PHP Notice:  ob_end_flush(): Failed to send buffer of zlib output compression (0) in /home/lottexylitolcom/public_html/staging.lottexylitol.com.vn/apw/wp-includes/functions.php on line 5471
[20-Mar-2026 07:23:37 UTC] PHP Notice:  ob_end_flush(): Failed to send buffer of zlib output compression (0) in /home/lottexylitolcom/public_html/staging.lottexylitol.com.vn/apw/wp-includes/functions.php on line 5471
[20-Mar-2026 10:03:45 UTC] PHP Notice:  ob_end_flush(): Failed to send buffer of zlib output compression (0) in /home/lottexylitolcom/public_html/staging.lottexylitol.com.vn/apw/wp-includes/functions.php on line 5471
[20-Mar-2026 10:03:48 UTC] PHP Notice:  ob_end_flush(): Failed to send buffer of zlib output compression (0) in /home/lottexylitolcom/public_html/staging.lottexylitol.com.vn/apw/wp-includes/functions.php on line 5471
[20-Mar-2026 10:08:21 UTC] PHP Notice:  ob_end_flush(): Failed to send buffer of zlib output compression (0) in /home/lottexylitolcom/public_html/staging.lottexylitol.com.vn/apw/wp-includes/functions.php on line 5471
[26-Mar-2026 03:11:31 UTC] PHP Notice:  ob_end_flush(): Failed to send buffer of zlib output compression (0) in /home/lottexylitolcom/public_html/staging.lottexylitol.com.vn/apw/wp-includes/functions.php on line 5471
[26-Mar-2026 03:11:36 UTC] PHP Notice:  ob_end_flush(): Failed to send buffer of zlib output compression (0) in /home/lottexylitolcom/public_html/staging.lottexylitol.com.vn/apw/wp-includes/functions.php on line 5471
[26-Mar-2026 03:11:40 UTC] PHP Notice:  ob_end_flush(): Failed to send buffer of zlib output compression (0) in /home/lottexylitolcom/public_html/staging.lottexylitol.com.vn/apw/wp-includes/functions.php on line 5471
[26-Mar-2026 03:13:03 UTC] PHP Notice:  ob_end_flush(): Failed to send buffer of zlib output compression (0) in /home/lottexylitolcom/public_html/staging.lottexylitol.com.vn/apw/wp-includes/functions.php on line 5471
[26-Mar-2026 03:13:07 UTC] PHP Notice:  ob_end_flush(): Failed to send buffer of zlib output compression (0) in /home/lottexylitolcom/public_html/staging.lottexylitol.com.vn/apw/wp-includes/functions.php on line 5471
[26-Mar-2026 03:13:11 UTC] PHP Notice:  ob_end_flush(): Failed to send buffer of zlib output compression (0) in /home/lottexylitolcom/public_html/staging.lottexylitol.com.vn/apw/wp-includes/functions.php on line 5471
[26-Mar-2026 03:18:00 UTC] PHP Notice:  ob_end_flush(): Failed to send buffer of zlib output compression (0) in /home/lottexylitolcom/public_html/staging.lottexylitol.com.vn/apw/wp-includes/functions.php on line 5471
[26-Mar-2026 03:20:18 UTC] PHP Notice:  ob_end_flush(): Failed to send buffer of zlib output compression (0) in /home/lottexylitolcom/public_html/staging.lottexylitol.com.vn/apw/wp-includes/functions.php on line 5471
[26-Mar-2026 04:21:56 UTC] PHP Notice:  ob_end_flush(): Failed to send buffer of zlib output compression (0) in /home/lottexylitolcom/public_html/staging.lottexylitol.com.vn/apw/wp-includes/functions.php on line 5471
[26-Mar-2026 04:22:00 UTC] PHP Notice:  ob_end_flush(): Failed to send buffer of zlib output compression (0) in /home/lottexylitolcom/public_html/staging.lottexylitol.com.vn/apw/wp-includes/functions.php on line 5471
[26-Mar-2026 04:22:05 UTC] PHP Notice:  ob_end_flush(): Failed to send buffer of zlib output compression (0) in /home/lottexylitolcom/public_html/staging.lottexylitol.com.vn/apw/wp-includes/functions.php on line 5471
[26-Mar-2026 04:22:09 UTC] PHP Notice:  ob_end_flush(): Failed to send buffer of zlib output compression (0) in /home/lottexylitolcom/public_html/staging.lottexylitol.com.vn/apw/wp-includes/functions.php on line 5471
[26-Mar-2026 04:22:12 UTC] PHP Notice:  ob_end_flush(): Failed to send buffer of zlib output compression (0) in /home/lottexylitolcom/public_html/staging.lottexylitol.com.vn/apw/wp-includes/functions.php on line 5471
[26-Mar-2026 09:44:17 UTC] PHP Notice:  ob_end_flush(): Failed to send buffer of zlib output compression (0) in /home/lottexylitolcom/public_html/staging.lottexylitol.com.vn/apw/wp-includes/functions.php on line 5471
[30-Mar-2026 02:07:48 UTC] PHP Notice:  ob_end_flush(): Failed to send buffer of zlib output compression (0) in /home/lottexylitolcom/public_html/staging.lottexylitol.com.vn/apw/wp-includes/functions.php on line 5471
[30-Mar-2026 02:08:01 UTC] PHP Notice:  ob_end_flush(): Failed to send buffer of zlib output compression (0) in /home/lottexylitolcom/public_html/staging.lottexylitol.com.vn/apw/wp-includes/functions.php on line 5471
[30-Mar-2026 02:08:08 UTC] PHP Notice:  ob_end_flush(): Failed to send buffer of zlib output compression (0) in /home/lottexylitolcom/public_html/staging.lottexylitol.com.vn/apw/wp-includes/functions.php on line 5471
[30-Mar-2026 02:08:11 UTC] PHP Notice:  ob_end_flush(): Failed to send buffer of zlib output compression (0) in /home/lottexylitolcom/public_html/staging.lottexylitol.com.vn/apw/wp-includes/functions.php on line 5471
[30-Mar-2026 02:09:13 UTC] PHP Notice:  ob_end_flush(): Failed to send buffer of zlib output compression (0) in /home/lottexylitolcom/public_html/staging.lottexylitol.com.vn/apw/wp-includes/functions.php on line 5471
[30-Mar-2026 03:01:44 UTC] PHP Notice:  ob_end_flush(): Failed to send buffer of zlib output compression (0) in /home/lottexylitolcom/public_html/staging.lottexylitol.com.vn/apw/wp-includes/functions.php on line 5471
[30-Mar-2026 03:56:54 UTC] PHP Notice:  ob_end_flush(): Failed to send buffer of zlib output compression (0) in /home/lottexylitolcom/public_html/staging.lottexylitol.com.vn/apw/wp-includes/functions.php on line 5471
[30-Mar-2026 03:57:02 UTC] PHP Notice:  ob_end_flush(): Failed to send buffer of zlib output compression (0) in /home/lottexylitolcom/public_html/staging.lottexylitol.com.vn/apw/wp-includes/functions.php on line 5471
[30-Mar-2026 03:57:50 UTC] PHP Notice:  ob_end_flush(): Failed to send buffer of zlib output compression (0) in /home/lottexylitolcom/public_html/staging.lottexylitol.com.vn/apw/wp-includes/functions.php on line 5471
[30-Mar-2026 06:23:40 UTC] PHP Notice:  ob_end_flush(): Failed to send buffer of zlib output compression (0) in /home/lottexylitolcom/public_html/staging.lottexylitol.com.vn/apw/wp-includes/functions.php on line 5471
[30-Mar-2026 06:24:09 UTC] PHP Notice:  ob_end_flush(): Failed to send buffer of zlib output compression (0) in /home/lottexylitolcom/public_html/staging.lottexylitol.com.vn/apw/wp-includes/functions.php on line 5471
[09-Apr-2026 07:58:37 UTC] PHP Notice:  ob_end_flush(): Failed to send buffer of zlib output compression (0) in /home/lottexylitolcom/public_html/staging.lottexylitol.com.vn/apw/wp-includes/functions.php on line 5471
[09-Apr-2026 07:58:41 UTC] PHP Notice:  ob_end_flush(): Failed to send buffer of zlib output compression (0) in /home/lottexylitolcom/public_html/staging.lottexylitol.com.vn/apw/wp-includes/functions.php on line 5471
[09-Apr-2026 07:58:43 UTC] PHP Notice:  ob_end_flush(): Failed to send buffer of zlib output compression (0) in /home/lottexylitolcom/public_html/staging.lottexylitol.com.vn/apw/wp-includes/functions.php on line 5471
[09-Apr-2026 07:58:52 UTC] PHP Notice:  ob_end_flush(): Failed to send buffer of zlib output compression (0) in /home/lottexylitolcom/public_html/staging.lottexylitol.com.vn/apw/wp-includes/functions.php on line 5471
[09-Apr-2026 07:58:58 UTC] PHP Notice:  ob_end_flush(): Failed to send buffer of zlib output compression (0) in /home/lottexylitolcom/public_html/staging.lottexylitol.com.vn/apw/wp-includes/functions.php on line 5471
[10-Apr-2026 02:38:21 UTC] PHP Notice:  ob_end_flush(): Failed to send buffer of zlib output compression (0) in /home/lottexylitolcom/public_html/staging.lottexylitol.com.vn/apw/wp-includes/functions.php on line 5471
[10-Apr-2026 02:38:26 UTC] PHP Notice:  ob_end_flush(): Failed to send buffer of zlib output compression (0) in /home/lottexylitolcom/public_html/staging.lottexylitol.com.vn/apw/wp-includes/functions.php on line 5471
[04-May-2026 07:35:30 UTC] PHP Notice:  ob_end_flush(): Failed to send buffer of zlib output compression (0) in /home/lottexylitolcom/public_html/staging.lottexylitol.com.vn/apw/wp-includes/functions.php on line 5471
[04-May-2026 07:35:39 UTC] PHP Notice:  ob_end_flush(): Failed to send buffer of zlib output compression (0) in /home/lottexylitolcom/public_html/staging.lottexylitol.com.vn/apw/wp-includes/functions.php on line 5471
[08-May-2026 07:12:18 UTC] PHP Notice:  ob_end_flush(): Failed to send buffer of zlib output compression (0) in /home/lottexylitolcom/public_html/staging.lottexylitol.com.vn/apw/wp-includes/functions.php on line 5471
[08-May-2026 07:12:22 UTC] PHP Notice:  ob_end_flush(): Failed to send buffer of zlib output compression (0) in /home/lottexylitolcom/public_html/staging.lottexylitol.com.vn/apw/wp-includes/functions.php on line 5471
[08-May-2026 07:12:30 UTC] PHP Notice:  ob_end_flush(): Failed to send buffer of zlib output compression (0) in /home/lottexylitolcom/public_html/staging.lottexylitol.com.vn/apw/wp-includes/functions.php on line 5471
[11-May-2026 06:23:41 UTC] PHP Notice:  ob_end_flush(): Failed to send buffer of zlib output compression (0) in /home/lottexylitolcom/public_html/staging.lottexylitol.com.vn/apw/wp-includes/functions.php on line 5471
[11-May-2026 06:45:25 UTC] PHP Notice:  ob_end_flush(): Failed to send buffer of zlib output compression (0) in /home/lottexylitolcom/public_html/staging.lottexylitol.com.vn/apw/wp-includes/functions.php on line 5471
[11-May-2026 06:45:28 UTC] PHP Notice:  ob_end_flush(): Failed to send buffer of zlib output compression (0) in /home/lottexylitolcom/public_html/staging.lottexylitol.com.vn/apw/wp-includes/functions.php on line 5471
[11-May-2026 07:47:55 UTC] PHP Notice:  ob_end_flush(): Failed to send buffer of zlib output compression (0) in /home/lottexylitolcom/public_html/staging.lottexylitol.com.vn/apw/wp-includes/functions.php on line 5471
[27-May-2026 06:09:34 UTC] PHP Notice:  ob_end_flush(): Failed to send buffer of zlib output compression (0) in /home/lottexylitolcom/public_html/staging.lottexylitol.com.vn/apw/wp-includes/functions.php on line 5471
[27-May-2026 06:09:44 UTC] PHP Notice:  ob_end_flush(): Failed to send buffer of zlib output compression (0) in /home/lottexylitolcom/public_html/staging.lottexylitol.com.vn/apw/wp-includes/functions.php on line 5471
[27-May-2026 06:09:48 UTC] PHP Notice:  ob_end_flush(): Failed to send buffer of zlib output compression (0) in /home/lottexylitolcom/public_html/staging.lottexylitol.com.vn/apw/wp-includes/functions.php on line 5471
[27-May-2026 06:17:27 UTC] PHP Notice:  ob_end_flush(): Failed to send buffer of zlib output compression (0) in /home/lottexylitolcom/public_html/staging.lottexylitol.com.vn/apw/wp-includes/functions.php on line 5471
[27-May-2026 06:18:43 UTC] PHP Notice:  ob_end_flush(): Failed to send buffer of zlib output compression (0) in /home/lottexylitolcom/public_html/staging.lottexylitol.com.vn/apw/wp-includes/functions.php on line 5471
[27-May-2026 06:18:46 UTC] PHP Notice:  ob_end_flush(): Failed to send buffer of zlib output compression (0) in /home/lottexylitolcom/public_html/staging.lottexylitol.com.vn/apw/wp-includes/functions.php on line 5471
[27-May-2026 06:28:11 UTC] PHP Notice:  ob_end_flush(): Failed to send buffer of zlib output compression (0) in /home/lottexylitolcom/public_html/staging.lottexylitol.com.vn/apw/wp-includes/functions.php on line 5471
[27-May-2026 06:28:15 UTC] PHP Notice:  ob_end_flush(): Failed to send buffer of zlib output compression (0) in /home/lottexylitolcom/public_html/staging.lottexylitol.com.vn/apw/wp-includes/functions.php on line 5471
[27-May-2026 06:28:23 UTC] PHP Notice:  ob_end_flush(): Failed to send buffer of zlib output compression (0) in /home/lottexylitolcom/public_html/staging.lottexylitol.com.vn/apw/wp-includes/functions.php on line 5471
[27-May-2026 06:38:07 UTC] PHP Notice:  ob_end_flush(): Failed to send buffer of zlib output compression (0) in /home/lottexylitolcom/public_html/staging.lottexylitol.com.vn/apw/wp-includes/functions.php on line 5471
[27-May-2026 06:48:37 UTC] PHP Notice:  ob_end_flush(): Failed to send buffer of zlib output compression (0) in /home/lottexylitolcom/public_html/staging.lottexylitol.com.vn/apw/wp-includes/functions.php on line 5471
[27-May-2026 07:11:04 UTC] PHP Notice:  ob_end_flush(): Failed to send buffer of zlib output compression (0) in /home/lottexylitolcom/public_html/staging.lottexylitol.com.vn/apw/wp-includes/functions.php on line 5471
[27-May-2026 07:11:54 UTC] PHP Notice:  ob_end_flush(): Failed to send buffer of zlib output compression (0) in /home/lottexylitolcom/public_html/staging.lottexylitol.com.vn/apw/wp-includes/functions.php on line 5471
[27-May-2026 07:11:57 UTC] PHP Notice:  ob_end_flush(): Failed to send buffer of zlib output compression (0) in /home/lottexylitolcom/public_html/staging.lottexylitol.com.vn/apw/wp-includes/functions.php on line 5471
[27-May-2026 07:15:50 UTC] PHP Notice:  ob_end_flush(): Failed to send buffer of zlib output compression (0) in /home/lottexylitolcom/public_html/staging.lottexylitol.com.vn/apw/wp-includes/functions.php on line 5471
[27-May-2026 07:19:52 UTC] PHP Notice:  ob_end_flush(): Failed to send buffer of zlib output compression (0) in /home/lottexylitolcom/public_html/staging.lottexylitol.com.vn/apw/wp-includes/functions.php on line 5471
[27-May-2026 07:19:54 UTC] PHP Fatal error:  Uncaught TypeError: Illegal offset type in isset or empty in /home/lottexylitolcom/public_html/staging.lottexylitol.com.vn/apw/wp-content/themes/site/inc/functions/answer-list-table.php:574
Stack trace:
#0 /home/lottexylitolcom/public_html/staging.lottexylitol.com.vn/apw/wp-content/themes/site/inc/functions/answer-list-table.php(635): Site_Answer_List_Table->export_csv()
#1 /home/lottexylitolcom/public_html/staging.lottexylitol.com.vn/apw/wp-includes/class-wp-hook.php(324): site_answer_list_page_admin_init('')
#2 /home/lottexylitolcom/public_html/staging.lottexylitol.com.vn/apw/wp-includes/class-wp-hook.php(348): WP_Hook->apply_filters(NULL, Array)
#3 /home/lottexylitolcom/public_html/staging.lottexylitol.com.vn/apw/wp-includes/plugin.php(517): WP_Hook->do_action(Array)
#4 /home/lottexylitolcom/public_html/staging.lottexylitol.com.vn/apw/wp-admin/admin.php(176): do_action('admin_init')
#5 {main}
  thrown in /home/lottexylitolcom/public_html/staging.lottexylitol.com.vn/apw/wp-content/themes/site/inc/functions/answer-list-table.php on line 574
[27-May-2026 07:19:55 UTC] PHP Warning:  Trying to access array offset on value of type bool in /home/lottexylitolcom/public_html/staging.lottexylitol.com.vn/apw/wp-includes/class-wp-recovery-mode-email-service.php on line 367
[27-May-2026 07:19:55 UTC] PHP Warning:  Trying to access array offset on value of type bool in /home/lottexylitolcom/public_html/staging.lottexylitol.com.vn/apw/wp-includes/class-wp-recovery-mode-email-service.php on line 368
[27-May-2026 07:20:34 UTC] PHP Notice:  ob_end_flush(): Failed to send buffer of zlib output compression (0) in /home/lottexylitolcom/public_html/staging.lottexylitol.com.vn/apw/wp-includes/functions.php on line 5471
[27-May-2026 07:20:36 UTC] PHP Notice:  ob_end_flush(): Failed to send buffer of zlib output compression (0) in /home/lottexylitolcom/public_html/staging.lottexylitol.com.vn/apw/wp-includes/functions.php on line 5471
[27-May-2026 07:20:37 UTC] PHP Notice:  ob_end_flush(): Failed to send buffer of zlib output compression (0) in /home/lottexylitolcom/public_html/staging.lottexylitol.com.vn/apw/wp-includes/functions.php on line 5471
[27-May-2026 07:24:45 UTC] PHP Notice:  ob_end_flush(): Failed to send buffer of zlib output compression (0) in /home/lottexylitolcom/public_html/staging.lottexylitol.com.vn/apw/wp-includes/functions.php on line 5471
[27-May-2026 07:24:47 UTC] PHP Notice:  ob_end_flush(): Failed to send buffer of zlib output compression (0) in /home/lottexylitolcom/public_html/staging.lottexylitol.com.vn/apw/wp-includes/functions.php on line 5471
[27-May-2026 07:29:58 UTC] PHP Notice:  ob_end_flush(): Failed to send buffer of zlib output compression (0) in /home/lottexylitolcom/public_html/staging.lottexylitol.com.vn/apw/wp-includes/functions.php on line 5471
[27-May-2026 07:33:20 UTC] PHP Notice:  ob_end_flush(): Failed to send buffer of zlib output compression (0) in /home/lottexylitolcom/public_html/staging.lottexylitol.com.vn/apw/wp-includes/functions.php on line 5471
[27-May-2026 07:43:44 UTC] PHP Notice:  ob_end_flush(): Failed to send buffer of zlib output compression (0) in /home/lottexylitolcom/public_html/staging.lottexylitol.com.vn/apw/wp-includes/functions.php on line 5471
[27-May-2026 07:43:49 UTC] PHP Notice:  ob_end_flush(): Failed to send buffer of zlib output compression (0) in /home/lottexylitolcom/public_html/staging.lottexylitol.com.vn/apw/wp-includes/functions.php on line 5471
[27-May-2026 07:43:50 UTC] PHP Notice:  ob_end_flush(): Failed to send buffer of zlib output compression (0) in /home/lottexylitolcom/public_html/staging.lottexylitol.com.vn/apw/wp-includes/functions.php on line 5471
[27-May-2026 07:44:44 UTC] PHP Notice:  ob_end_flush(): Failed to send buffer of zlib output compression (0) in /home/lottexylitolcom/public_html/staging.lottexylitol.com.vn/apw/wp-includes/functions.php on line 5471
[27-May-2026 07:54:08 UTC] PHP Notice:  ob_end_flush(): Failed to send buffer of zlib output compression (0) in /home/lottexylitolcom/public_html/staging.lottexylitol.com.vn/apw/wp-includes/functions.php on line 5471
[27-May-2026 07:54:11 UTC] PHP Notice:  ob_end_flush(): Failed to send buffer of zlib output compression (0) in /home/lottexylitolcom/public_html/staging.lottexylitol.com.vn/apw/wp-includes/functions.php on line 5471
[27-May-2026 07:54:39 UTC] PHP Notice:  ob_end_flush(): Failed to send buffer of zlib output compression (0) in /home/lottexylitolcom/public_html/staging.lottexylitol.com.vn/apw/wp-includes/functions.php on line 5471
[27-May-2026 08:01:46 UTC] PHP Notice:  ob_end_flush(): Failed to send buffer of zlib output compression (0) in /home/lottexylitolcom/public_html/staging.lottexylitol.com.vn/apw/wp-includes/functions.php on line 5471
[27-May-2026 08:01:48 UTC] PHP Notice:  ob_end_flush(): Failed to send buffer of zlib output compression (0) in /home/lottexylitolcom/public_html/staging.lottexylitol.com.vn/apw/wp-includes/functions.php on line 5471
[27-May-2026 08:02:49 UTC] PHP Notice:  ob_end_flush(): Failed to send buffer of zlib output compression (0) in /home/lottexylitolcom/public_html/staging.lottexylitol.com.vn/apw/wp-includes/functions.php on line 5471
[27-May-2026 08:02:51 UTC] PHP Notice:  ob_end_flush(): Failed to send buffer of zlib output compression (0) in /home/lottexylitolcom/public_html/staging.lottexylitol.com.vn/apw/wp-includes/functions.php on line 5471
[27-May-2026 08:07:33 UTC] PHP Notice:  ob_end_flush(): Failed to send buffer of zlib output compression (0) in /home/lottexylitolcom/public_html/staging.lottexylitol.com.vn/apw/wp-includes/functions.php on line 5471
[27-May-2026 08:07:35 UTC] PHP Notice:  ob_end_flush(): Failed to send buffer of zlib output compression (0) in /home/lottexylitolcom/public_html/staging.lottexylitol.com.vn/apw/wp-includes/functions.php on line 5471
[27-May-2026 08:09:41 UTC] PHP Notice:  ob_end_flush(): Failed to send buffer of zlib output compression (0) in /home/lottexylitolcom/public_html/staging.lottexylitol.com.vn/apw/wp-includes/functions.php on line 5471
[27-May-2026 08:09:43 UTC] PHP Notice:  ob_end_flush(): Failed to send buffer of zlib output compression (0) in /home/lottexylitolcom/public_html/staging.lottexylitol.com.vn/apw/wp-includes/functions.php on line 5471
[27-May-2026 08:13:13 UTC] PHP Notice:  ob_end_flush(): Failed to send buffer of zlib output compression (0) in /home/lottexylitolcom/public_html/staging.lottexylitol.com.vn/apw/wp-includes/functions.php on line 5471
[27-May-2026 08:13:50 UTC] PHP Notice:  ob_end_flush(): Failed to send buffer of zlib output compression (0) in /home/lottexylitolcom/public_html/staging.lottexylitol.com.vn/apw/wp-includes/functions.php on line 5471
[27-May-2026 08:14:21 UTC] PHP Notice:  ob_end_flush(): Failed to send buffer of zlib output compression (0) in /home/lottexylitolcom/public_html/staging.lottexylitol.com.vn/apw/wp-includes/functions.php on line 5471
[27-May-2026 08:16:09 UTC] PHP Notice:  ob_end_flush(): Failed to send buffer of zlib output compression (0) in /home/lottexylitolcom/public_html/staging.lottexylitol.com.vn/apw/wp-includes/functions.php on line 5471
[27-May-2026 08:16:11 UTC] PHP Warning:  Undefined variable $column_questions in /home/lottexylitolcom/public_html/staging.lottexylitol.com.vn/apw/wp-content/themes/site/inc/functions/answer-list-table.php on line 572
[27-May-2026 08:16:11 UTC] PHP Fatal error:  Uncaught TypeError: count(): Argument #1 ($value) must be of type Countable|array, null given in /home/lottexylitolcom/public_html/staging.lottexylitol.com.vn/apw/wp-content/themes/site/inc/functions/answer-list-table.php:572
Stack trace:
#0 /home/lottexylitolcom/public_html/staging.lottexylitol.com.vn/apw/wp-content/themes/site/inc/functions/answer-list-table.php(621): Site_Answer_List_Table->export_csv()
#1 /home/lottexylitolcom/public_html/staging.lottexylitol.com.vn/apw/wp-includes/class-wp-hook.php(324): site_answer_list_page_admin_init('')
#2 /home/lottexylitolcom/public_html/staging.lottexylitol.com.vn/apw/wp-includes/class-wp-hook.php(348): WP_Hook->apply_filters(NULL, Array)
#3 /home/lottexylitolcom/public_html/staging.lottexylitol.com.vn/apw/wp-includes/plugin.php(517): WP_Hook->do_action(Array)
#4 /home/lottexylitolcom/public_html/staging.lottexylitol.com.vn/apw/wp-admin/admin.php(176): do_action('admin_init')
#5 {main}
  thrown in /home/lottexylitolcom/public_html/staging.lottexylitol.com.vn/apw/wp-content/themes/site/inc/functions/answer-list-table.php on line 572
[27-May-2026 08:16:44 UTC] PHP Notice:  ob_end_flush(): Failed to send buffer of zlib output compression (0) in /home/lottexylitolcom/public_html/staging.lottexylitol.com.vn/apw/wp-includes/functions.php on line 5471
[27-May-2026 08:16:47 UTC] PHP Notice:  ob_end_flush(): Failed to send buffer of zlib output compression (0) in /home/lottexylitolcom/public_html/staging.lottexylitol.com.vn/apw/wp-includes/functions.php on line 5471
[27-May-2026 08:22:03 UTC] PHP Notice:  ob_end_flush(): Failed to send buffer of zlib output compression (0) in /home/lottexylitolcom/public_html/staging.lottexylitol.com.vn/apw/wp-includes/functions.php on line 5471
[27-May-2026 08:22:39 UTC] PHP Notice:  ob_end_flush(): Failed to send buffer of zlib output compression (0) in /home/lottexylitolcom/public_html/staging.lottexylitol.com.vn/apw/wp-includes/functions.php on line 5471
[27-May-2026 08:22:49 UTC] PHP Notice:  ob_end_flush(): Failed to send buffer of zlib output compression (0) in /home/lottexylitolcom/public_html/staging.lottexylitol.com.vn/apw/wp-includes/functions.php on line 5471
[27-May-2026 08:22:53 UTC] PHP Notice:  ob_end_flush(): Failed to send buffer of zlib output compression (0) in /home/lottexylitolcom/public_html/staging.lottexylitol.com.vn/apw/wp-includes/functions.php on line 5471
[27-May-2026 08:23:54 UTC] PHP Notice:  ob_end_flush(): Failed to send buffer of zlib output compression (0) in /home/lottexylitolcom/public_html/staging.lottexylitol.com.vn/apw/wp-includes/functions.php on line 5471
[27-May-2026 08:33:12 UTC] PHP Notice:  ob_end_flush(): Failed to send buffer of zlib output compression (0) in /home/lottexylitolcom/public_html/staging.lottexylitol.com.vn/apw/wp-includes/functions.php on line 5471
[27-May-2026 08:33:14 UTC] PHP Notice:  ob_end_flush(): Failed to send buffer of zlib output compression (0) in /home/lottexylitolcom/public_html/staging.lottexylitol.com.vn/apw/wp-includes/functions.php on line 5471
[27-May-2026 08:53:24 UTC] PHP Notice:  ob_end_flush(): Failed to send buffer of zlib output compression (0) in /home/lottexylitolcom/public_html/staging.lottexylitol.com.vn/apw/wp-includes/functions.php on line 5471
[27-May-2026 08:53:26 UTC] PHP Notice:  ob_end_flush(): Failed to send buffer of zlib output compression (0) in /home/lottexylitolcom/public_html/staging.lottexylitol.com.vn/apw/wp-includes/functions.php on line 5471
[27-May-2026 09:11:44 UTC] PHP Notice:  ob_end_flush(): Failed to send buffer of zlib output compression (0) in /home/lottexylitolcom/public_html/staging.lottexylitol.com.vn/apw/wp-includes/functions.php on line 5471
[27-May-2026 09:11:48 UTC] PHP Notice:  ob_end_flush(): Failed to send buffer of zlib output compression (0) in /home/lottexylitolcom/public_html/staging.lottexylitol.com.vn/apw/wp-includes/functions.php on line 5471
[29-May-2026 02:49:10 UTC] PHP Notice:  ob_end_flush(): Failed to send buffer of zlib output compression (0) in /home/lottexylitolcom/public_html/staging.lottexylitol.com.vn/apw/wp-includes/functions.php on line 5471
[03-Jun-2026 01:30:03 UTC] PHP Notice:  ob_end_flush(): Failed to send buffer of zlib output compression (0) in /home/lottexylitolcom/public_html/staging.lottexylitol.com.vn/apw/wp-includes/functions.php on line 5471
[03-Jun-2026 01:32:25 UTC] PHP Notice:  ob_end_flush(): Failed to send buffer of zlib output compression (0) in /home/lottexylitolcom/public_html/staging.lottexylitol.com.vn/apw/wp-includes/functions.php on line 5471
[03-Jun-2026 01:32:30 UTC] PHP Notice:  ob_end_flush(): Failed to send buffer of zlib output compression (0) in /home/lottexylitolcom/public_html/staging.lottexylitol.com.vn/apw/wp-includes/functions.php on line 5471
[03-Jun-2026 01:32:39 UTC] PHP Notice:  ob_end_flush(): Failed to send buffer of zlib output compression (0) in /home/lottexylitolcom/public_html/staging.lottexylitol.com.vn/apw/wp-includes/functions.php on line 5471
[03-Jun-2026 01:41:24 UTC] PHP Notice:  ob_end_flush(): Failed to send buffer of zlib output compression (0) in /home/lottexylitolcom/public_html/staging.lottexylitol.com.vn/apw/wp-includes/functions.php on line 5471
[03-Jun-2026 01:41:29 UTC] PHP Notice:  ob_end_flush(): Failed to send buffer of zlib output compression (0) in /home/lottexylitolcom/public_html/staging.lottexylitol.com.vn/apw/wp-includes/functions.php on line 5471
[03-Jun-2026 01:42:51 UTC] PHP Notice:  ob_end_flush(): Failed to send buffer of zlib output compression (0) in /home/lottexylitolcom/public_html/staging.lottexylitol.com.vn/apw/wp-includes/functions.php on line 5471
[03-Jun-2026 01:42:55 UTC] PHP Notice:  ob_end_flush(): Failed to send buffer of zlib output compression (0) in /home/lottexylitolcom/public_html/staging.lottexylitol.com.vn/apw/wp-includes/functions.php on line 5471
